Date,EURUSD,EURJPY,EURGBP,EURCHF,EURAUD,EURCAD,EURNZD,USDJPY,USDGBP,USDCHF,USDAUD,USDCAD,USDNZD,JPYGBP,JPYCHF,JPYAUD,JPYCAD,JPYNZD,GBPCHF,GBPAUD,GBPCAD,GBPNZD,CHFAUD,CHFCAD,CHFNZD,AUDCAD,AUDNZD,CADNZD
2021-08-02,1.186704158782959,130.18099975585938,0.8538699746131897,1.0749200582504272,1.616070032119751,1.4788999557495117,1.701200008392334,109.70600128173828,0.7196199893951416,0.9059100151062012,1.3619699478149414,1.2466700077056885,1.4337120056152344,0.006539999973028898,0.008256999775767326,0.012396000325679779,0.011358999647200108,0.013059999793767929,1.2587499618530273,1.8925000429153442,1.7322399616241455,1.9921300411224365,1.5032600164413452,1.3760000467300415,1.582450032234192,0.9152200222015381,1.0526020526885986,1.149839997291565
2021-08-03,1.1874650716781616,129.74400329589844,0.8547000288963318,1.0745999813079834,1.6131900548934937,1.4842599630355835,1.6993399858474731,109.26899719238281,0.7197999954223633,0.905269980430603,1.358585000038147,1.2501100301742554,1.431190013885498,0.006568999961018562,0.00828499998897314,0.012411000207066536,0.011436999775469303,0.013086000457406044,1.257449984550476,1.8870600461959839,1.73635995388031,1.9879599809646606,1.500540018081665,1.3807100057601929,1.580780029296875,0.9200500249862671,1.0535199642181396,1.1447499990463257
2021-08-04,1.1869436502456665,129.36099243164062,0.8527899980545044,1.0727900266647339,1.604580044746399,1.487529993057251,1.684749960899353,108.99099731445312,0.718500018119812,0.9038199782371521,1.3519359827041626,1.2533299922943115,1.4192899465560913,0.006572999991476536,0.008293000049889088,0.012387000024318695,0.011494999751448631,0.013015000149607658,1.257789969444275,1.8813999891281128,1.7441099882125854,1.9751299619674683,1.495609998703003,1.3865100145339966,1.5701600313186646,0.9269840121269226,1.049805998802185,1.1323000192642212
2021-08-05,1.1837401390075684,129.6479949951172,0.8521599769592285,1.073099970817566,1.6034200191497803,1.4845999479293823,1.6803900003433228,109.52899932861328,0.7199199795722961,0.9064000248908997,1.35446298122406,1.2545000314712524,1.4196300506591797,0.006552999839186668,0.008276999928057194,0.012347999960184097,0.011451000347733498,0.012955999933183193,1.2589999437332153,1.8812899589538574,1.7423399686813354,1.9716800451278687,1.4929829835891724,1.3835699558258057,1.565690040588379,0.9257559776306152,1.0479600429534912,1.1314799785614014
2021-08-06,1.1835720539093018,129.875,0.8495699763298035,1.072700023651123,1.5984100103378296,1.478600025177002,1.6789699792861938,109.75199890136719,0.7179999947547913,0.906499981880188,1.3508039712905884,1.2501300573349,1.4187400341033936,0.006521999835968018,0.008259999565780163,0.012288999743759632,0.011385999619960785,0.01291900034993887,1.262619972229004,1.8812099695205688,1.7409499883651733,1.9758700132369995,1.4883170127868652,1.378659963607788,1.5646799802780151,0.9253900051116943,1.0502400398254395,1.1347600221633911
2021-08-09,1.1749500036239624,129.52000427246094,0.8471999764442444,1.075659990310669,1.6009999513626099,1.4765000343322754,1.6793999671936035,110.25900268554688,0.7210599780082703,0.9156000018119812,1.3628000020980835,1.2570899724960327,1.4299399852752686,0.006519999820739031,0.008303999900817871,0.012342999689280987,0.011397999711334705,0.012961000204086304,1.2696000337600708,1.89028000831604,1.7432299852371216,1.9831500053405762,1.488582968711853,1.3728200197219849,1.5617599487304688,0.9221050143241882,1.0486420392990112,1.137470006942749
2021-08-10,1.17384672164917,129.45599365234375,0.8474000096321106,1.080780029296875,1.6010099649429321,1.4754999876022339,1.6783499717712402,110.30599975585938,0.7220699787139893,0.9205999970436096,1.3640700578689575,1.2573800086975098,1.430209994316101,0.006527000106871128,0.008346999995410442,0.012349000200629234,0.011396000161767006,0.01295899972319603,1.2749099731445312,1.8889800310134888,1.7410600185394287,1.9803800582885742,1.4803849458694458,1.3653700351715088,1.552899956703186,0.921720027923584,1.0483100414276123,1.1371999979019165
2021-08-11,1.172333002090454,129.61700439453125,0.8470199704170227,1.0816099643707275,1.595829963684082,1.4672199487686157,1.672819972038269,110.5979995727539,0.7227500081062317,0.9229599833488464,1.361693024635315,1.2518999576568604,1.4272500276565552,0.006513999775052071,0.008345000445842743,0.01228999998420477,0.011315999552607536,0.012893999926745892,1.2769500017166138,1.8838000297546387,1.7319899797439575,1.9739999771118164,1.47507905960083,1.3562500476837158,1.5462100505828857,0.9190899729728699,1.0482300519943237,1.1399099826812744
2021-08-12,1.1741899251937866,129.5970001220703,0.8465499877929688,1.0820200443267822,1.5929100513458252,1.4685399532318115,1.6668000221252441,110.3740005493164,0.7211400270462036,0.921459972858429,1.3560999631881714,1.2506799697875977,1.4200899600982666,0.006513999775052071,0.008348999544978142,0.012272999621927738,0.011327000334858894,0.012857000343501568,1.2775800228118896,1.8808000087738037,1.734220027923584,1.9686000347137451,1.4719090461730957,1.3569600582122803,1.5407960414886475,0.92180997133255,1.0467300415039062,1.1352699995040894
2021-08-13,1.173626184463501,129.5590057373047,0.8496800065040588,1.083240032196045,1.598620057106018,1.4693100452423096,1.6754599809646606,110.40299987792969,0.7240300178527832,0.9230599999427795,1.3621200323104858,1.2519999742507935,1.4275100231170654,0.0065379999577999115,0.008360999636352062,0.012316999956965446,0.01133699994534254,0.012919999659061432,1.2748899459838867,1.8812099695205688,1.729099988937378,1.971459984779358,1.4755569696426392,1.3561300039291382,1.5463000535964966,0.9190859794616699,1.0479099750518799,1.1400799751281738
2021-08-16,1.179467797279358,129.29100036621094,0.850629985332489,1.0794999599456787,1.6012619733810425,1.4763100147247314,1.6746000051498413,109.6240005493164,0.7213000059127808,0.9154000282287598,1.357640027999878,1.2516000270843506,1.420490026473999,0.006560000125318766,0.00834800023585558,0.012364000082015991,0.0114139998331666,0.012949000112712383,1.269029974937439,1.8818999528884888,1.7350000143051147,1.9687999486923218,1.4829399585723877,1.3672900199890137,1.5515899658203125,0.9219200015068054,1.046180009841919,1.134600043296814
2021-08-17,1.177994966506958,128.7209930419922,0.8508300185203552,1.0747900009155273,1.6047999858856201,1.4806100130081177,1.6758400201797485,109.2969970703125,0.7224000096321106,0.9125000238418579,1.3622000217437744,1.2569600343704224,1.4227800369262695,0.0065899998880922794,0.00834800023585558,0.01244600024074316,0.011497000232338905,0.013008000329136848,1.262850046157837,1.8855500221252441,1.7396800518035889,1.9688999652862549,1.4918689727783203,1.377269983291626,1.558940052986145,0.9223480224609375,1.0433000326156616,1.1316800117492676
2021-08-18,1.1709738969802856,128.2570037841797,0.8519999980926514,1.0713000297546387,1.6138399839401245,1.4784400463104248,1.690119981765747,109.53700256347656,0.7277799844741821,0.9147499799728394,1.3782459497451782,1.2626500129699707,1.4434399604797363,0.006624000146985054,0.008352000266313553,0.012564999982714653,0.011521999724209309,0.013168999925255775,1.2567399740219116,1.8932499885559082,1.734820008277893,1.9832099676132202,1.5062799453735352,1.379930019378662,1.5775099992752075,0.9160299897193909,1.0472400188446045,1.143030047416687
2021-08-19,1.1703298091888428,128.54299926757812,0.8514800071716309,1.0736000537872314,1.6184099912643433,1.4819400310516357,1.702370047569275,109.84200286865234,0.7275999784469604,0.9175599813461304,1.3829350471496582,1.2663099765777588,1.4546500444412231,0.006603999994695187,0.008352999575436115,0.012570000253617764,0.011522999964654446,0.013233000412583351,1.2609800100326538,1.9005399942398071,1.7401599884033203,1.9990700483322144,1.5069999694824219,1.379889965057373,1.585170030593872,0.9151999950408936,1.0518360137939453,1.14860999584198
2021-08-20,1.1676595211029053,128.1699981689453,0.8565800189971924,1.0729800462722778,1.6339499950408936,1.49822998046875,1.7121700048446655,109.76799774169922,0.7336300015449524,0.9189199805259705,1.39934504032135,1.2831300497055054,1.4662100076675415,0.0066639999859035015,0.008371000178158283,0.012729999609291553,0.011683999560773373,0.01334999967366457,1.25246000289917,1.9072400331497192,1.7487900257110596,1.998420000076294,1.5225600004196167,1.3961399793624878,1.595420002937317,0.916920006275177,1.0478800535202026,1.142590045928955
2021-08-23,1.1697548627853394,128.47000122070312,0.8585000038146973,1.0729000568389893,1.638100028038025,1.500059962272644,1.712280035018921,109.83999633789062,0.7339299917221069,0.9171199798583984,1.4005999565124512,1.2826000452041626,1.4639400243759155,0.006661000195890665,0.00834100041538477,0.012732000090181828,0.01167299970984459,0.013318999670445919,1.2495900392532349,1.9084800481796265,1.7472399473190308,1.994420051574707,1.526252031326294,1.3980900049209595,1.5958800315856934,0.9152929782867432,1.0449620485305786,1.1412800550460815
2021-08-24,1.1744533777236938,128.80599975585938,0.8555999994277954,1.071370005607605,1.628600001335144,1.4855999946594238,1.7036700248718262,109.6780014038086,0.7286099791526794,0.9122999906539917,1.3870400190353394,1.2651000022888184,1.4505200386047363,0.006624999921768904,0.008317000232636929,0.012628999538719654,0.011532999575138092,0.013218999840319157,1.2517000436782837,1.9036099910736084,1.7360899448394775,1.9903000593185425,1.5192949771881104,1.3867299556732178,1.5897599458694458,0.9120169878005981,1.0457199811935425,1.1462500095367432
2021-08-25,1.175309181213379,128.95700073242188,0.8562399744987488,1.0731500387191772,1.6213500499725342,1.4805400371551514,1.6940699815750122,109.7300033569336,0.7285699844360352,0.913100004196167,1.3795390129089355,1.259600043296814,1.4413199424743652,0.0066200001165270805,0.008321999572217464,0.012571999803185463,0.011478999629616737,0.01312899962067604,1.253250002861023,1.8932100534439087,1.7287700176239014,1.9781099557876587,1.5105400085449219,1.379289984703064,1.5782300233840942,0.9130200147628784,1.0447700023651123,1.144070029258728
2021-08-26,1.1774401664733887,129.4600067138672,0.8551499843597412,1.0755599737167358,1.6177599430084229,1.4818899631500244,1.6882200241088867,109.97599792480469,0.7264000177383423,0.913640022277832,1.3742680549621582,1.258870005607605,1.4341399669647217,0.006587000098079443,0.008306999690830708,0.012474999763071537,0.01144499983638525,0.013031999580562115,1.2575299739837646,1.8914999961853027,1.7326699495315552,1.9739099740982056,1.5028549432754517,1.3776799440383911,1.5694999694824219,0.9159700274467468,1.0434659719467163,1.1390800476074219
2021-08-27,1.1756407022476196,129.32000732421875,0.8578900098800659,1.0789200067520142,1.6234999895095825,1.4908900260925293,1.692430019378662,110.0479965209961,0.7297999858856201,0.9179400205612183,1.3815209865570068,1.268489956855774,1.4398200511932373,0.006612000055611134,0.00834100041538477,0.012533999979496002,0.011522999964654446,0.013074000366032124,1.257599949836731,1.8926500082015991,1.7378100156784058,1.9725300073623657,1.504770040512085,1.3816900253295898,1.568310022354126,0.9175999760627747,1.0421370267868042,1.1349200010299683
2021-08-30,1.1799006462097168,129.61399841308594,0.857200026512146,1.0753999948501587,1.612589955329895,1.4874999523162842,1.6815999746322632,109.86499786376953,0.7265859842300415,0.9111999869346619,1.3668700456619263,1.2611000537872314,1.4260499477386475,0.006593999918550253,0.008294999599456787,0.012423999607563019,0.011474999599158764,0.012978999875485897,1.25409996509552,1.8811500072479248,1.7352999448776245,1.961899995803833,1.499559998512268,1.3836100101470947,1.5644899606704712,0.9226729869842529,1.0431400537490845,1.1305700540542603
2021-08-31,1.1796904802322388,129.6909942626953,0.857200026512146,1.0819799900054932,1.6178300380706787,1.487030029296875,1.685439944267273,109.94400024414062,0.7267199754714966,0.9171800017356873,1.3715100288391113,1.260890007019043,1.4289400577545166,0.0065899998880922794,0.008341999724507332,0.012457000091671944,0.011462000198662281,0.012988000176846981,1.261680006980896,1.886929988861084,1.734529972076416,1.965749979019165,1.4949100017547607,1.3745299577713013,1.5577800273895264,0.9191150069236755,1.041409969329834,1.1331700086593628
2021-09-01,1.1810280084609985,129.9720001220703,0.8586999773979187,1.0809999704360962,1.6137499809265137,1.4899100065231323,1.674720048904419,110.05599975585938,0.727092981338501,0.9153000116348267,1.3665119409561157,1.2616100311279297,1.4180999994277954,0.006587000098079443,0.008315999992191792,0.012396000325679779,0.011459999717772007,0.012876000255346298,1.2587100267410278,1.8792099952697754,1.7349400520324707,1.9500700235366821,1.492709994316101,1.378159999847412,1.5490399599075317,0.9230340123176575,1.0377440452575684,1.1238399744033813
2021-09-02,1.1840906143188477,130.36000061035156,0.8597000241279602,1.0841000080108643,1.6073299646377563,1.4943599700927734,1.6757500171661377,110.09600067138672,0.7261300086975098,0.9155169725418091,1.3572200536727905,1.2621699571609497,1.4152499437332153,0.006575999781489372,0.008306000381708145,0.012311000376939774,0.011459999717772007,0.012849999591708183,1.260599970817566,1.869439959526062,1.7375999689102173,1.9488999843597412,1.4814809560775757,1.3783400058746338,1.5455900430679321,0.9296299815177917,1.0424729585647583,1.1209779977798462
2021-09-03,1.1876484155654907,130.52999877929688,0.8581100106239319,1.0857900381088257,1.6050599813461304,1.4904299974441528,1.6700899600982666,109.94499969482422,0.7227100133895874,0.9144899845123291,1.3514790534973145,1.25518000125885,1.4063299894332886,0.006554000079631805,0.008317000232636929,0.012273999862372875,0.011416000314056873,0.012783999554812908,1.2652599811553955,1.8702199459075928,1.7367600202560425,1.9460899829864502,1.4779560565948486,1.372480034828186,1.5379199981689453,0.9285920262336731,1.040531039237976,1.1203900575637817
2021-09-06,1.1885942220687866,130.45700073242188,0.8574000000953674,1.0860899686813354,1.5964000225067139,1.4892499446868896,1.6618000268936157,109.76399993896484,0.7215399742126465,0.9138399958610535,1.3431799411773682,1.2530299425125122,1.398229956626892,0.006552999839186668,0.008325000293552876,0.012236000038683414,0.011415000073611736,0.01273099984973669,1.2664200067520142,1.8614599704742432,1.7364699840545654,1.9376699924468994,1.4688600301742554,1.371000051498413,1.5298500061035156,0.9327700138092041,1.0408600568771362,1.1157100200653076
2021-09-07,1.1875073909759521,130.3979949951172,0.8578000068664551,1.086300015449524,1.5959999561309814,1.4882299900054932,1.6638100147247314,109.81999969482422,0.72257000207901,0.9148799777030945,1.3446799516677856,1.2534300088882446,1.401229977607727,0.006560000125318766,0.008329999633133411,0.01222699973732233,0.011408000253140926,0.012749999761581421,1.2660900354385376,1.8608200550079346,1.734410047531128,1.939020037651062,1.4696160554885864,1.36981999874115,1.5314099788665771,0.9316999912261963,1.041949987411499,1.1178200244903564
2021-09-08,1.184356927871704,130.62399291992188,0.8594300150871277,1.0888500213623047,1.6033200025558472,1.4976600408554077,1.6687099933624268,110.2959976196289,0.7257000207901001,0.9194499850273132,1.353803038597107,1.264639973640442,1.4089299440383911,0.006560999900102615,0.008336000144481659,0.012254999950528145,0.011466999538242817,0.012767000123858452,1.2668499946594238,1.8653199672698975,1.7424399852752686,1.9412800073623657,1.4722199440002441,1.3750720024108887,1.5322099924087524,0.9340599775314331,1.0406500101089478,1.1139600276947021
2021-09-09,1.1819101572036743,130.27000427246094,0.8584399819374084,1.08951997756958,1.6055500507354736,1.5003000497817993,1.6651400327682495,110.21800231933594,0.7263399958610535,0.9218400120735168,1.3580000400543213,1.2694000005722046,1.4087899923324585,0.006570000201463699,0.008364000357687473,0.012304999865591526,0.0115130003541708,0.012772000394761562,1.2690600156784058,1.8700799942016602,1.7474100589752197,1.9392999410629272,1.4725370407104492,1.3768199682235718,1.5280699729919434,0.9343010187149048,1.0369800329208374,1.1096999645233154
2021-09-10,1.1825922727584839,129.78500366210938,0.8542299866676331,1.0836199522018433,1.6045700311660767,1.4973499774932861,1.6634999513626099,109.78099822998047,0.7225599884986877,0.9165099859237671,1.3566999435424805,1.266260027885437,1.407439947128296,0.006562000140547752,0.00834800023585558,0.012341000139713287,0.011535000056028366,0.012814000248908997,1.2683299779891968,1.8776999711990356,1.7523499727249146,1.9479899406433105,1.48062002658844,1.3816800117492676,1.535539984703064,0.9329519867897034,1.0369900465011597,1.1112099885940552
2021-09-13,1.1811953783035278,129.8300018310547,0.8534299731254578,1.0843000411987305,1.6034799814224243,1.4972000122070312,1.6596499681472778,109.91500091552734,0.7225000262260437,0.9181399941444397,1.357200026512146,1.2679500579833984,1.40516996383667,0.006552999839186668,0.008352999575436115,0.012330000288784504,0.011531000025570393,0.012783000245690346,1.2705999612808228,1.8787200450897217,1.7545900344848633,1.9444799423217773,1.4783929586410522,1.3807599544525146,1.530189037322998,0.9337630271911621,1.034890055656433,1.1082179546356201
2021-09-14,1.1811953783035278,129.89599609375,0.8533999919891357,1.0891000032424927,1.6032600402832031,1.493499994277954,1.65910005569458,109.99400329589844,0.7226399779319763,0.921999990940094,1.3576070070266724,1.264799952507019,1.40556001663208,0.006550000049173832,0.008383999578654766,0.012322000227868557,0.011494999751448631,0.012767000123858452,1.2760000228881836,1.8785200119018555,1.7501200437545776,1.9448699951171875,1.4718220233917236,1.3712600469589233,1.523859977722168,0.9315540194511414,1.035249948501587,1.1111299991607666
2021-09-15,1.1804981231689453,129.4969940185547,0.8546299934387207,1.0859500169754028,1.6130199432373047,1.4978899955749512,1.6624000072479248,109.71900177001953,0.7240999937057495,0.9200800061225891,1.3666620254516602,1.2690000534057617,1.4092999696731567,0.006581000052392483,0.00838600005954504,0.012438000179827213,0.011560999788343906,0.012834000401198864,1.270490050315857,1.8869999647140503,1.7524000406265259,1.9460400342941284,1.4841200113296509,1.379140019416809,1.5315500497817993,0.9280999898910522,1.030400037765503,1.110360026359558
2021-09-16,1.1819995641708374,129.28199768066406,0.8533899784088135,1.086899995803833,1.6099400520324707,1.4913400411605835,1.657289981842041,109.38300323486328,0.7220799922943115,0.9197099804878235,1.3621749877929688,1.2618099451065063,1.4021300077438354,0.0065830000676214695,0.008407999761402607,0.01243599969893694,0.011531000025570393,0.01281300000846386,1.2735899686813354,1.8862600326538086,1.747249960899353,1.9416300058364868,1.4808499813079834,1.3717800378799438,1.5243699550628662,0.9262599945068359,1.0293899774551392,1.1110800504684448
2021-09-17,1.176747441291809,129.05299377441406,0.8525699973106384,1.090980052947998,1.613510012626648,1.491979956626892,1.6627000570297241,109.6989974975586,0.7247949838638306,0.9273599982261658,1.3714599609375,1.268149971961975,1.4142470359802246,0.006585999857634306,0.008453000336885452,0.012476000003516674,0.011553999967873096,0.012877999804913998,1.2795100212097168,1.8921400308609009,1.749619960784912,1.9512900114059448,1.478700041770935,1.367319941520691,1.524839997291565,0.9246469736099243,1.031290054321289,1.1150799989700317
2021-09-20,1.1729930639266968,128.99000549316406,0.8542699813842773,1.093000054359436,1.6143900156021118,1.497230052947998,1.6673699617385864,109.97100067138672,0.7283499836921692,0.9320399761199951,1.3766499757766724,1.2763999700546265,1.4217499494552612,0.006603000219911337,0.008473999798297882,0.012497000396251678,0.01160299964249134,0.012918000109493732,1.279520034790039,1.8899199962615967,1.75246000289917,1.951799988746643,1.476820945739746,1.369439959526062,1.5252200365066528,0.9271600246429443,1.0324000120162964,1.1135799884796143
2021-09-21,1.1730204820632935,128.3350067138672,0.8582900166511536,1.0879000425338745,1.6153299808502197,1.5013500452041626,1.670989990234375,109.43699645996094,0.7319200038909912,0.9276700019836426,1.3774670362472534,1.2802400588989258,1.424970030784607,0.006666000001132488,0.008476999588310719,0.012563000433146954,0.011692999862134457,0.013016999699175358,1.2673499584197998,1.881809949874878,1.748960018157959,1.946679949760437,1.4846270084381104,1.3798799514770508,1.5358699560165405,0.9293400049209595,1.034477949142456,1.1129200458526611
2021-09-22,1.17229163646698,127.94000244140625,0.858299970626831,1.0823999643325806,1.622249960899353,1.5029200315475464,1.6753300428390503,109.14900207519531,0.732200026512146,0.9235000014305115,1.3835090398788452,1.282080054283142,1.4291199445724487,0.006688000168651342,0.008453000336885452,0.012657999992370605,0.011745999567210674,0.013085000216960907,1.2612600326538086,1.889780044555664,1.750830054283142,1.9514000415802002,1.497454047203064,1.388010025024414,1.54721999168396,0.9261000156402588,1.0326679944992065,1.1145600080490112
2021-09-23,1.168770432472229,128.3489990234375,0.8582599759101868,1.0826400518417358,1.6159600019454956,1.494339942932129,1.6718599796295166,109.8219985961914,0.7343699932098389,0.9262999892234802,1.3823610544204712,1.2785899639129639,1.4304100275039673,0.006666999775916338,0.008431999944150448,0.012570000253617764,0.011637999676167965,0.013016000390052795,1.2612600326538086,1.8824800252914429,1.740839958190918,1.9475799798965454,1.4923100471496582,1.3800400495529175,1.5439000129699707,0.9246600270271301,1.0344719886779785,1.1186100244522095
2021-09-24,1.1740258932113647,129.5189971923828,0.8555999994277954,1.0855599641799927,1.608780026435852,1.4860999584197998,1.66156005859375,110.32599639892578,0.7287300229072571,0.9244999885559082,1.3698999881744385,1.2661999464035034,1.4153499603271484,0.006585999857634306,0.00838099978864193,0.012400000356137753,0.011471999809145927,0.012817000038921833,1.268630027770996,1.8802000284194946,1.737280011177063,1.9419300556182861,1.4818400144577026,1.3691600561141968,1.5304499864578247,0.9233999848365784,1.0327529907226562,1.117650032043457
2021-09-27,1.1723054647445679,129.84100341796875,0.8575699925422668,1.083739995956421,1.6131999492645264,1.4827799797058105,1.6705199480056763,110.76399993896484,0.7315800189971924,0.9244700074195862,1.3762500286102295,1.2649400234222412,1.4251899719238281,0.006585000082850456,0.008345999754965305,0.012405999936163425,0.0114139998331666,0.012865000404417515,1.2634600400924683,1.880929946899414,1.7288800477981567,1.947700023651123,1.4880399703979492,1.367959976196289,1.5412139892578125,0.9189500212669373,1.0354169607162476,1.1265300512313843
2021-09-28,1.1696795225143433,129.77499389648438,0.8535900115966797,1.0825599431991577,1.6064300537109375,1.476680040359497,1.6688899993896484,110.96399688720703,0.7298399806022644,0.9255890250205994,1.3735129833221436,1.262619972229004,1.4269599914550781,0.006556999869644642,0.008341999724507332,0.012354999780654907,0.011374000459909439,0.012858999893069267,1.2681399583816528,1.881700038909912,1.7297799587249756,1.9549200534820557,1.4825799465179443,1.363860011100769,1.5414420366287231,0.919189989566803,1.0389900207519531,1.1300770044326782
2021-09-29,1.1686338186264038,130.33200073242188,0.863099992275238,1.0857000350952148,1.6131999492645264,1.4813400506973267,1.6789799928665161,111.52799987792969,0.7384300231933594,0.9291599988937378,1.3803999423980713,1.267699956893921,1.4367799758911133,0.00660100020468235,0.008330999873578548,0.012357000261545181,0.011362000368535519,0.012873999774456024,1.2580000162124634,1.8691999912261963,1.7165199518203735,1.9450000524520874,1.4845609664916992,1.364150047302246,1.5461599826812744,0.9182990193367004,1.040794014930725,1.133270025253296
2021-09-30,1.1601601839065552,129.86099243164062,0.8637999892234802,1.083799958229065,1.6159700155258179,1.479599952697754,1.6881099939346313,111.93599700927734,0.7447999715805054,0.934249997138977,1.3927580118179321,1.27538001537323,1.4551000595092773,0.006632999982684851,0.008345999754965305,0.012423999607563019,0.011389999650418758,0.01298999972641468,1.2543400526046753,1.8702800273895264,1.7123700380325317,1.9537299871444702,1.4898689985275269,1.3649300336837769,1.5573099851608276,0.9155640006065369,1.044471025466919,1.1407899856567383
2021-10-01,1.1574475765228271,129.00100708007812,0.8592699766159058,1.0791000127792358,1.6010899543762207,1.4680900573730469,1.678279995918274,111.46099853515625,0.7423999905586243,0.932479977607727,1.3828999996185303,1.268399953842163,1.4499479532241821,0.006641000043600798,0.008365999907255173,0.012389999814331532,0.011377000249922276,0.013007000088691711,1.255810022354126,1.863029956817627,1.7081700563430786,1.952720046043396,1.4823600053787231,1.3601100444793701,1.5547300577163696,0.9162999987602234,1.0481799840927124,1.1430059671401978
2021-10-04,1.160725712776184,128.7689971923828,0.8550999760627747,1.078879952430725,1.5953099727630615,1.4653600454330444,1.6718599796295166,110.9469985961914,0.7368699908256531,0.9295700192451477,1.3745299577713013,1.2625000476837158,1.4405299425125122,0.006622000131756067,0.008377999998629093,0.012369999662041664,0.011378999799489975,0.012973999604582787,1.2613500356674194,1.8651800155639648,1.7132099866867065,1.9546799659729004,1.4784499406814575,1.3580299615859985,1.5494400262832642,0.9184399843215942,1.0478999614715576,1.1407500505447388
2021-10-05,1.1618449687957764,128.9029998779297,0.8536499738693237,1.074489951133728,1.5935100317001343,1.4624799489974976,1.6685099601745605,110.96800231933594,0.7348899841308594,0.9249600172042847,1.3717989921569824,1.2589800357818604,1.4364099502563477,0.006603000219911337,0.008334999904036522,0.012342999689280987,0.011339999735355377,0.012937000021338463,1.258470058441162,1.8660399913787842,1.7128599882125854,1.954390048980713,1.4819209575653076,1.3608900308609009,1.5527199506759644,0.9177110195159912,1.0470499992370605,1.1407999992370605
2021-10-06,1.1596084833145142,129.27099609375,0.8509200215339661,1.0764800310134888,1.590999960899353,1.4590100049972534,1.6668000221252441,111.48699951171875,0.7337999939918518,0.9283999800682068,1.3716000318527222,1.258270025253296,1.4374630451202393,0.006562000140547752,0.008325999602675438,0.012287000194191933,0.011284000240266323,0.012884999625384808,1.2649799585342407,1.8690999746322632,1.7144399881362915,1.9586299657821655,1.4767940044403076,1.3551599979400635,1.5481599569320679,0.9169679880142212,1.0467000007629395,1.142259955406189
2021-10-07,1.1555349826812744,128.73699951171875,0.8500999808311462,1.0719499588012695,1.5868799686431885,1.4542900323867798,1.6709400415420532,111.41300201416016,0.7357199788093567,0.9276999831199646,1.37336003780365,1.258620023727417,1.4459600448608398,0.006583999842405319,0.008326999843120575,0.0123089998960495,0.01129399985074997,0.01297799963504076,1.2609100341796875,1.8666000366210938,1.7106000185012817,1.9652199745178223,1.4795089960098267,1.3564900159835815,1.5584299564361572,0.9163600206375122,1.0528130531311035,1.148730993270874
2021-10-08,1.1559758186340332,129.0500030517578,0.8485999703407288,1.073199987411499,1.5797499418258667,1.4503200054168701,1.6653000116348267,111.66200256347656,0.7342000007629395,0.9283999800682068,1.366718053817749,1.254699945449829,1.4413000345230103,0.006556000094860792,0.008314000442624092,0.012222999706864357,0.011233000084757805,0.012900000438094139,1.264549970626831,1.861299991607666,1.7087600231170654,1.9628700017929077,1.4717199802398682,1.351140022277832,1.5520700216293335,0.9179800152778625,1.0544999837875366,1.148550033569336
2021-10-11,1.1566041707992554,129.84500122070312,0.8493300080299377,1.0730500221252441,1.5853500366210938,1.4437299966812134,1.6708600521087646,112.2699966430664,0.7343999743461609,0.9278500080108643,1.3708200454711914,1.2484099864959717,1.4447499513626099,0.006521000061184168,0.008262000046670437,0.012191000394523144,0.011115999892354012,0.012865999713540077,1.2632800340652466,1.8664799928665161,1.6996899843215942,1.9667999744415283,1.4772299528121948,1.3452600240707397,1.5569000244140625,0.9105499982833862,1.0537999868392944,1.1571099758148193
2021-10-12,1.1553747653961182,131.00100708007812,0.8497999906539917,1.0715999603271484,1.572219967842102,1.4418599605560303,1.6639100313186646,113.38800048828125,0.73580002784729,0.9275500178337097,1.3608399629592896,1.248039960861206,1.4402400255203247,0.0064690001308918,0.008181000128388405,0.011982000432908535,0.011001000180840492,0.012691999785602093,1.2604000568389893,1.8493900299072266,1.6961599588394165,1.9573999643325806,1.466879963874817,1.3453500270843506,1.55253005027771,0.9170600175857544,1.0584100484848022,1.1538599729537964
2021-10-13,1.15340256690979,130.90699768066406,0.8492000102996826,1.072909951210022,1.5720399618148804,1.4386199712753296,1.6649999618530273,113.51899719238281,0.7364400029182434,0.9304599761962891,1.3633099794387817,1.2476099729537964,1.4439200162887573,0.006467999890446663,0.008196000009775162,0.011989999562501907,0.010985000059008598,0.01271199993789196,1.2632999420166016,1.851040005683899,1.693809986114502,1.9604400396347046,1.4650100469589233,1.3406699895858765,1.551650047302246,0.9150400161743164,1.0590300559997559,1.1571999788284302
2021-10-14,1.1599582433700562,131.38600158691406,0.8483499884605408,1.0715700387954712,1.5704400539398193,1.4424899816513062,1.6633700132369995,113.3010025024414,0.7315700054168701,0.923799991607666,1.3538999557495117,1.2436800003051758,1.434249997138977,0.006438000127673149,0.008155000396072865,0.011934000067412853,0.010975999757647514,0.012648999691009521,1.2630499601364136,1.8512400388717651,1.700029969215393,1.9603099822998047,1.4654899835586548,1.3458199501037598,1.5518800020217896,0.9182639718055725,1.0588970184326172,1.1529500484466553
2021-10-15,1.159151554107666,131.93099975585938,0.8479200005531311,1.0713200569152832,1.563249945640564,1.4342299699783325,1.6473300457000732,113.83399963378906,0.7315899729728699,0.9243699908256531,1.3488359451293945,1.2374600172042847,1.4213199615478516,0.006407000124454498,0.00812000036239624,0.01182899996638298,0.010866999626159668,0.012474999763071537,1.2633700370788574,1.8434799909591675,1.691290020942688,1.942579984664917,1.4589799642562866,1.3385599851608276,1.5374499559402466,0.9173799753189087,1.05377995967865,1.148419976234436
2021-10-18,1.1597026586532593,132.55999755859375,0.8426499962806702,1.0707999467849731,1.5617899894714355,1.434499979019165,1.6367900371551514,114.3239974975586,0.7266600131988525,0.9235299825668335,1.3468400239944458,1.2373700141906738,1.4115099906921387,0.006335999816656113,0.008077000267803669,0.011761999689042568,0.01081900019198656,0.01233499962836504,1.270799994468689,1.8533300161361694,1.7026499509811401,1.9422999620437622,1.458150029182434,1.3396400213241577,1.5281699895858765,0.9186199903488159,1.0479099750518799,1.1405800580978394
2021-10-19,1.161386251449585,132.7220001220703,0.8453999757766724,1.072450041770935,1.5660400390625,1.4368000030517578,1.6370999813079834,114.28500366210938,0.7279899716377258,0.9232779741287231,1.3482539653778076,1.237220048904419,1.4100589752197266,0.00634999992325902,0.008078999817371368,0.011780000291764736,0.010821999981999397,0.012338999658823013,1.2682000398635864,1.8522499799728394,1.6993499994277954,1.9368300437927246,1.4587889909744263,1.3395299911499023,1.526729941368103,0.9169999957084656,1.045699954032898,1.1395900249481201
2021-10-20,1.1631964445114136,133.2100067138672,0.8432000279426575,1.0735700130462646,1.5556000471115112,1.4370100498199463,1.625440001487732,114.54299926757812,0.7249950170516968,0.9229999780654907,1.337399959564209,1.2353999614715576,1.3974900245666504,0.006310000084340572,0.008050000295042992,0.011656999588012695,0.010781999677419662,0.012191000394523144,1.2728899717330933,1.8449000120162964,1.7039799690246582,1.9273899793624878,1.4490439891815186,1.3383100032806396,1.513800024986267,0.9233670234680176,1.0436999797821045,1.1309599876403809
2021-10-21,1.1655012369155884,133.2899932861328,0.8429800271987915,1.0707999467849731,1.5500999689102173,1.4358999729156494,1.6188199520111084,114.38899993896484,0.7234320044517517,0.9187999963760376,1.330618977546692,1.2324399948120117,1.389140009880066,0.006304999813437462,0.008023000322282314,0.011613000184297562,0.01076900027692318,0.012143000029027462,1.2698999643325806,1.839050054550171,1.7035000324249268,1.9199899435043335,1.44780695438385,1.3410799503326416,1.5115100145339966,0.9262099862098694,1.0440399646759033,1.1269299983978271
2021-10-22,1.1625338792800903,132.34800720214844,0.8428999781608582,1.0672999620437622,1.5575799942016602,1.4379899501800537,1.6236000061035156,113.8499984741211,0.7250999808311462,0.9181100130081177,1.339818000793457,1.237030029296875,1.3974299430847168,0.00634900014847517,0.008063999935984612,0.011749000288546085,0.010862000286579132,0.012269999831914902,1.2661800384521484,1.8478000164031982,1.7059799432754517,1.9271800518035889,1.459149956703186,1.3472000360488892,1.5218700170516968,0.9230210185050964,1.043030023574829,1.1295100450515747
2021-10-25,1.1640088558197021,132.27000427246094,0.8456000089645386,1.0668200254440308,1.55826997756958,1.4395999908447266,1.6276600360870361,113.66400146484375,0.7265999913215637,0.9165530204772949,1.3388500213623047,1.237130045890808,1.398460030555725,0.006372000090777874,0.008063999935984612,0.011757000349462032,0.010878999717533588,0.012303999625146389,1.2613799571990967,1.8424899578094482,1.7024600505828857,1.9244799613952637,1.4604599475860596,1.3494999408721924,1.5255190134048462,0.9239950180053711,1.0444200038909912,1.1302720308303833
2021-10-26,1.161170482635498,132.06900024414062,0.8433799743652344,1.0678199529647827,1.5495100021362305,1.4370499849319458,1.6200799942016602,113.76499938964844,0.7265099883079529,0.9198899865150452,1.334792971611023,1.2379000186920166,1.3954399824142456,0.006366000045090914,0.008085999637842178,0.011711999773979187,0.010877000167965889,0.012258999980986118,1.2660499811172485,1.8370399475097656,1.7036499977111816,1.9205700159072876,1.4496959447860718,1.3455100059509277,1.516800045967102,0.9274150133132935,1.0455299615859985,1.127150058746338
2021-10-27,1.1598236560821533,132.406005859375,0.8423500061035156,1.0665700435638428,1.5435800552368164,1.4369399547576904,1.6171000003814697,114.18800354003906,0.726419985294342,0.9196000099182129,1.331030011177063,1.2391400337219238,1.39506995677948,0.006341999862343073,0.008054000325500965,0.011638999916613102,0.010847999714314938,0.012210000306367874,1.2659000158309937,1.8321900367736816,1.7055799961090088,1.9199999570846558,1.4459220170974731,1.347100019454956,1.5166599750518799,0.9309089779853821,1.048140048980713,1.1257200241088867
2021-10-28,1.1600120067596436,131.9720001220703,0.8446099758148193,1.0649399757385254,1.5466500520706177,1.434790015220642,1.6193000078201294,113.7760009765625,0.7281799912452698,0.9179999828338623,1.3331999778747559,1.2369699478149414,1.3958899974822998,0.006380999926477671,0.008070000447332859,0.011700999923050404,0.010867999866604805,0.012261000461876392,1.2607300281524658,1.8309299945831299,1.6985199451446533,1.916759967803955,1.4511679410934448,1.347100019454956,1.5201900005340576,0.9273750185966492,1.046779990196228,1.1283400058746338
2021-10-29,1.1683608293533325,132.72300720214844,0.8463799953460693,1.0649499893188477,1.551110029220581,1.442330002784729,1.6235400438308716,113.61599731445312,0.7246000170707703,0.9115399718284607,1.3277390003204346,1.2346099615097046,1.3898299932479858,0.006359000224620104,0.008023999631404877,0.011668000370264053,0.010862999595701694,0.012222999706864357,1.2575500011444092,1.8316199779510498,1.7031400203704834,1.9177199602127075,1.4553920030593872,1.354099988937378,1.5242999792099,0.9295769929885864,1.0467159748077393,1.1255300045013428
2021-11-01,1.1556684970855713,132.01100158691406,0.8445299863815308,1.05840003490448,1.5370399951934814,1.4309600591659546,1.6102299690246582,114.23600006103516,0.7308200001716614,0.9161400198936462,1.330090045928955,1.2382899522781372,1.3934400081634521,0.006384999956935644,0.00801900029182434,0.011642999947071075,0.01083999965339899,0.01219900045543909,1.2534500360488892,1.8198599815368652,1.694219946861267,1.906499981880188,1.4505369663238525,1.3514900207519531,1.5208200216293335,0.930869996547699,1.0475000143051147,1.1250900030136108
2021-11-02,1.1599582433700562,132.343994140625,0.849399983882904,1.054819941520691,1.5424100160598755,1.4353300333023071,1.6156500577926636,114.09400177001953,0.7323099970817566,0.9093400239944458,1.3296990394592285,1.2373900413513184,1.3929100036621094,0.006399000063538551,0.007969999685883522,0.011633999645709991,0.010844999924302101,0.01220100000500679,1.2415800094604492,1.8155499696731567,1.689460039138794,1.9018800258636475,1.4620399475097656,1.3605200052261353,1.5315799713134766,0.9304800033569336,1.047469973564148,1.1255799531936646
2021-11-03,1.1579434871673584,131.9600067138672,0.8503000140190125,1.0592999458312988,1.5568000078201294,1.4369100332260132,1.6250499486923218,113.96199798583984,0.7343549728393555,0.9146000146865845,1.3442670106887817,1.2408000230789185,1.4033499956130981,0.006424000021070242,0.00801900029182434,0.011777999810874462,0.010885000228881836,0.012304999865591526,1.2452000379562378,1.8309099674224854,1.6893999576568604,1.9106999635696411,1.469849944114685,1.3563599586486816,1.5339469909667969,0.9227629899978638,1.0436099767684937,1.1307400465011597
2021-11-04,1.1615750789642334,132.49600219726562,0.8481500148773193,1.0585399866104126,1.555150032043457,1.4376800060272217,1.6186800003051758,114.06999969482422,0.7301999926567078,0.9113100171089172,1.338866949081421,1.237779974937439,1.3934799432754517,0.006382000166922808,0.007988999597728252,0.011718999594449997,0.010851000435650349,0.0122079998254776,1.247879981994629,1.8333499431610107,1.6949100494384766,1.908139944076538,1.4689680337905884,1.3580900430679321,1.528939962387085,0.9244300127029419,1.040776014328003,1.1256500482559204
2021-11-05,1.1555349826812744,131.52499389648438,0.8553799986839294,1.054479956626892,1.5592999458312988,1.438730001449585,1.624400019645691,113.83699798583984,0.7402690052986145,0.9126799702644348,1.3496500253677368,1.2451000213623047,1.4065300226211548,0.00648299977183342,0.00801599957048893,0.011834999546408653,0.010932999663054943,0.01234699971973896,1.2323999404907227,1.8230899572372437,1.6817200183868408,1.899440050125122,1.4787650108337402,1.3641200065612793,1.5409499406814575,0.9224609732627869,1.041659951210022,1.1291890144348145
2021-11-08,1.1568851470947266,131.26400756835938,0.8574299812316895,1.0549299716949463,1.5640699863433838,1.440269947052002,1.627150058746338,113.4749984741211,0.7412199974060059,0.9119700193405151,1.3521000146865845,1.2450799942016602,1.406630039215088,0.006512000225484371,0.008035999722778797,0.01191600039601326,0.01097199972718954,0.012396000325679779,1.2302600145339966,1.824049949645996,1.6796300411224365,1.8975600004196167,1.482450008392334,1.3651100397109985,1.542240023612976,0.920710027217865,1.0402530431747437,1.1295900344848633
2021-11-09,1.159151554107666,131.23800659179688,0.854200005531311,1.05840003490448,1.5628199577331543,1.4417400360107422,1.6178499460220337,113.25399780273438,0.7372180223464966,0.9132800102233887,1.34865403175354,1.2442200183868408,1.3961609601974487,0.006490000057965517,0.008065000176429749,0.011888000182807446,0.010982000268995762,0.012318000197410583,1.2386000156402588,1.8291800022125244,1.6875499486923218,1.8930000066757202,1.4763400554656982,1.362030029296875,1.5282599925994873,0.9224799871444702,1.0351999998092651,1.1218899488449097
2021-11-10,1.1595547199249268,130.90699768066406,0.8550000190734863,1.0562000274658203,1.571810007095337,1.4417799711227417,1.6266000270843506,112.91200256347656,0.7374629974365234,0.9107000231742859,1.3557120561599731,1.2436000108718872,1.4034689664840698,0.006510999985039234,0.008067999966442585,0.011986999772489071,0.011010999791324139,0.01242200005799532,1.235260009765625,1.8378700017929077,1.6862200498580933,1.9031800031661987,1.487962007522583,1.3649200201034546,1.5405559539794922,0.9168000221252441,1.035249948501587,1.1285200119018555
2021-11-11,1.148593544960022,130.82400512695312,0.8560900092124939,1.0542199611663818,1.566059947013855,1.4341599941253662,1.625249981880188,113.90499877929688,0.7455599904060364,0.9178199768066406,1.3634899854660034,1.2486499547958374,1.4150700569152832,0.006525999866425991,0.008058000355958939,0.011952999979257584,0.010959000326693058,0.01241500023752451,1.230870008468628,1.8282599449157715,1.6742199659347534,1.8977999687194824,1.485177993774414,1.3601100444793701,1.5413700342178345,0.915690004825592,1.0377600193023682,1.1331100463867188
2021-11-12,1.145081877708435,130.55099487304688,0.8564299941062927,1.0546000003814697,1.5701099634170532,1.4411100149154663,1.6305899620056152,114.04299926757812,0.7481399774551392,0.921209990978241,1.371366024017334,1.2588499784469604,1.4236899614334106,0.006541000213474035,0.008077999576926231,0.012008000165224075,0.01103499997407198,0.01247899979352951,1.2310800552368164,1.8328900337219238,1.6819000244140625,1.9034700393676758,1.4874310493469238,1.3663500547409058,1.5459799766540527,0.9174000024795532,1.037600040435791,1.131309986114502
2021-11-15,1.144164800643921,130.406005859375,0.8527200222015381,1.053820013999939,1.5603100061416626,1.4353100061416626,1.624400019645691,113.98100280761719,0.7453200221061707,0.9211000204086304,1.3637900352478027,1.2545299530029297,1.4198100566864014,0.006527999881654978,0.008081000298261642,0.011962000280618668,0.01100200042128563,0.012455999851226807,1.2356799840927124,1.8296200037002563,1.6829899549484253,1.9047199487686157,1.480389952659607,1.361780047416687,1.5411900281906128,0.9197800159454346,1.0410189628601074,1.1315900087356567
2021-11-16,1.1366478204727173,129.69000244140625,0.8475499749183655,1.0517699718475342,1.5474200248718262,1.4223400354385376,1.6132999658584595,114.13200378417969,0.7458000183105469,0.92535001039505,1.3614890575408936,1.2513999938964844,1.4201099872589111,0.006513999775052071,0.00810800027102232,0.011908000335097313,0.01095999963581562,0.012435000389814377,1.2406699657440186,1.8255200386047363,1.6777700185775757,1.9038000106811523,1.4711099863052368,1.3521300554275513,1.5344799757003784,0.9191030263900757,1.0431300401687622,1.1346999406814575
2021-11-17,1.1321182250976562,130.0469970703125,0.8428999781608582,1.0529600381851196,1.55007004737854,1.4221400022506714,1.61899995803833,114.90399932861328,0.7448999881744385,0.9303100109100342,1.3695600032806396,1.2565699815750122,1.4302059412002563,0.006461999844759703,0.008097000420093536,0.011900000274181366,0.010932999663054943,0.012438000179827213,1.2489500045776367,1.8385599851608276,1.6868599653244019,1.9203599691390991,1.4719599485397339,1.3504799604415894,1.5374200344085693,0.9174519777297974,1.0445300340652466,1.138280987739563
2021-11-18,1.1321182250976562,129.23699951171875,0.8389999866485596,1.0509999990463257,1.5570499897003174,1.4273099899291992,1.6161099672317505,114.19000244140625,0.7411999702453613,0.9285299777984619,1.3757799863815308,1.2611199617385864,1.4278000593185425,0.006471999920904636,0.00813200045377016,0.012029999867081642,0.01104000024497509,0.012493999674916267,1.2523599863052368,1.855679988861084,1.7008899450302124,1.9257800579071045,1.480165958404541,1.3579599857330322,1.5375100374221802,0.9165300130844116,1.0377099514007568,1.1320699453353882
2021-11-19,1.1368415355682373,129.91900634765625,0.8420600295066833,1.0524100065231323,1.5622199773788452,1.4328099489212036,1.6143699884414673,114.28199768066406,0.7407600283622742,0.925599992275238,1.3738149404525757,1.260349988937378,1.4200299978256226,0.006461999844759703,0.008100000210106373,0.012001999653875828,0.011024000123143196,0.012416999787092209,1.249619960784912,1.8550100326538086,1.7012499570846558,1.9168000221252441,1.4842599630355835,1.3612600564956665,1.5337300300598145,0.9170200228691101,1.033229947090149,1.126539945602417
2021-11-22,1.1275737285614014,128.68899536132812,0.8391000032424927,1.0475000143051147,1.5590699911117554,1.4266400337219238,1.6126500368118286,114.13800048828125,0.744350016117096,0.9293000102043152,1.3828010559082031,1.2653499841690063,1.4303300380706787,0.006502999924123287,0.00814099982380867,0.012117000296711922,0.011086000129580498,0.012533999979496002,1.2483400106430054,1.8575799465179443,1.6997599601745605,1.921370029449463,1.4877849817276,1.361430048942566,1.538930058479309,0.9149699807167053,1.0342700481414795,1.1302299499511719
2021-11-23,1.12421452999115,129.0399932861328,0.8390399813652039,1.0483499765396118,1.5553200244903564,1.4278000593185425,1.6175600290298462,114.79000091552734,0.746399998664856,0.9322999715805054,1.3834999799728394,1.2701300382614136,1.4389300346374512,0.00648199999704957,0.008124000392854214,0.012032000347971916,0.011060000397264957,0.012525999918580055,1.249400019645691,1.853600025177002,1.7015800476074219,1.9277199506759644,1.4833799600601196,1.3617600202560425,1.542739987373352,0.9179199934005737,1.0399199724197388,1.1327500343322754
2021-11-24,1.1244926452636719,129.4669952392578,0.8406299948692322,1.0495100021362305,1.5570100545883179,1.425279974937439,1.6172000169754028,115.14099884033203,0.7476099729537964,0.9333900213241577,1.384619951248169,1.267590045928955,1.438249945640564,0.006471999920904636,0.008107000030577183,0.012005000375211239,0.011003999970853329,0.012481999583542347,1.2483899593353271,1.8518999814987183,1.6953099966049194,1.9235899448394775,1.483240008354187,1.3578499555587769,1.5406899452209473,0.9153800010681152,1.0386300086975098,1.1345000267028809
2021-11-25,1.1202975511550903,129.2830047607422,0.8403400182723999,1.0463000535964966,1.555459976196289,1.418370008468628,1.629349946975708,115.40799713134766,0.7501500248908997,0.9337999820709229,1.3885029554367065,1.2661700248718262,1.4544800519943237,0.00648100022226572,0.008093000389635563,0.012010999955236912,0.010967000387609005,0.012594999745488167,1.2449599504470825,1.8508299589157104,1.6875900030136108,1.938689947128296,1.4864200353622437,1.3554099798202515,1.5570299625396729,0.9117699861526489,1.0474510192871094,1.1485999822616577
2021-11-26,1.1209630966186523,128.98599243164062,0.8417999744415283,1.048200011253357,1.5621000528335571,1.4194899797439575,1.6377099752426147,115.06900024414062,0.7510799765586853,0.9352800250053406,1.3939800262451172,1.2663700580596924,1.461050033569336,0.006506999954581261,0.00812700018286705,0.012097000144422054,0.01100200042128563,0.012684999965131283,1.2449699640274048,1.855679988861084,1.6857500076293945,1.9449000358581543,1.4902700185775757,1.3538399934768677,1.5619699954986572,0.9083700180053711,1.0470000505447388,1.1535700559616089
2021-11-29,1.1293182373046875,128.41099548339844,0.8464099764823914,1.0437599420547485,1.5807900428771973,1.4368599653244019,1.6541500091552734,113.71900177001953,0.7495700120925903,0.9243199825286865,1.4000099897384644,1.2724800109863281,1.4649200439453125,0.006593000143766403,0.00812700018286705,0.0123089998960495,0.011188999749720097,0.012880999594926834,1.2330399751663208,1.8675600290298462,1.69746994972229,1.9541800022125244,1.5143029689788818,1.3764300346374512,1.5845799446105957,0.9088810086250305,1.0463420152664185,1.15106999874115
2021-11-30,1.1293437480926514,128.51300048828125,0.8480600118637085,1.042099952697754,1.579699993133545,1.4384499788284302,1.6531200408935547,113.80400085449219,0.7510300278663635,0.9228699803352356,1.3994230031967163,1.273800015449524,1.463979959487915,0.006579999811947346,0.008108999580144882,0.012279000133275986,0.01119299978017807,0.01285799965262413,1.228600025177002,1.863070011138916,1.6957600116729736,1.949079990386963,1.514693021774292,1.380126953125,1.5861300230026245,0.9102010130882263,1.0461089611053467,1.1491899490356445
2021-12-01,1.1330289840698242,128.36599731445312,0.8521000146865845,1.0417399406433105,1.590190052986145,1.4472899436950684,1.6600699424743652,113.29900360107422,0.7521100044250488,0.9194999933242798,1.4035090208053589,1.2774300575256348,1.4652199745178223,0.0066189998760819435,0.00811500009149313,0.012366999872028828,0.011270999908447266,0.012923999689519405,1.2224199771881104,1.8658499717712402,1.6982899904251099,1.9479600191116333,1.5248550176620483,1.3890589475631714,1.5933200120925903,0.9101200103759766,1.043910026550293,1.1468700170516968
2021-12-02,1.1319515705108643,127.7750015258789,0.8522999882698059,1.0420500040054321,1.5925300121307373,1.4500800371170044,1.6603000164031982,112.88200378417969,0.7530120015144348,0.9205999970436096,1.406944990158081,1.2810900211334229,1.4675450325012207,0.006651999894529581,0.008148999884724617,0.012463999912142754,0.011349000036716461,0.012992000207304955,1.2222800254821777,1.8675999641418457,1.7007800340652466,1.9484699964523315,1.5281410217285156,1.3915929794311523,1.5939600467681885,0.9105200171470642,1.0430899858474731,1.1454399824142456
2021-12-03,1.1306205987930298,127.77999877929688,0.8500199913978577,1.0398499965667725,1.595080018043518,1.4491900205612183,1.6595900058746338,113.02200317382812,0.7518799901008606,0.9197999835014343,1.4108749628067017,1.2817699909210205,1.4679800271987915,0.006632999982684851,0.008138000033795834,0.012481999583542347,0.011338000185787678,0.012981000356376171,1.2232099771499634,1.8763400316238403,1.7041000127792358,1.9521700143814087,1.53371000289917,1.3933600187301636,1.5957399606704712,0.9083999991416931,1.0403399467468262,1.1450899839401245
2021-12-06,1.1304799318313599,127.78299713134766,0.8539999723434448,1.0382399559020996,1.610640048980713,1.4488199949264526,1.6727999448776245,113.04199981689453,0.7554399967193604,0.9184899926185608,1.4249279499053955,1.2817000150680542,1.4798599481582642,0.006678000092506409,0.008124999701976776,0.012602999806404114,0.01133699994534254,0.013089999556541443,1.2156200408935547,1.8858699798583984,1.6963399648666382,1.958590030670166,1.5510849952697754,1.3952399492263794,1.6109399795532227,0.8993899822235107,1.0384989976882935,1.1544400453567505
2021-12-07,1.128668189048767,128.0290069580078,0.8506900072097778,1.0442999601364136,1.600640058517456,1.4400399923324585,1.6716599464416504,113.45800018310547,0.7538999915122986,0.9254999756813049,1.4185999631881714,1.2762000560760498,1.4815499782562256,0.006624999921768904,0.008155000396072865,0.012481000274419785,0.011245000176131725,0.013047000393271446,1.2272000312805176,1.8813600540161133,1.6923600435256958,1.9647799730300903,1.5325599908828735,1.3787100315093994,1.6005699634552002,0.899707019329071,1.0442700386047363,1.1607600450515747
2021-12-08,1.1276500225067139,127.95999908447266,0.8510000109672546,1.042199969291687,1.5820000171661377,1.4254599809646606,1.6601999998092651,113.5250015258789,0.7549399733543396,0.9243999719619751,1.4039820432662964,1.2645800113677979,1.4735790491104126,0.006630000192672014,0.008143000304698944,0.012346000410616398,0.011133999563753605,0.012969999574124813,1.2244900465011597,1.8594800233840942,1.6748199462890625,1.9515399932861328,1.5184299945831299,1.3676899671554565,1.5935800075531006,0.9005550146102905,1.0495200157165527,1.1649999618530273
2021-12-09,1.1345586776733398,128.95899963378906,0.858739972114563,1.0438100099563599,1.5823500156402588,1.4352999925613403,1.6663199663162231,113.68399810791016,0.7570000290870667,0.9200000166893005,1.394700050354004,1.265220046043396,1.4687999486923218,0.006639000028371811,0.008093999698758125,0.012248000130057335,0.011125000193715096,0.012911999598145485,1.2153899669647217,1.8424500226974487,1.6710799932479858,1.9400099515914917,1.5157489776611328,1.3747999668121338,1.5960299968719482,0.906682014465332,1.0529799461364746,1.1607799530029297
2021-12-10,1.1293309926986694,128.11000061035156,0.8539299964904785,1.0430999994277954,1.5802700519561768,1.4350199699401855,1.6618900299072266,113.447998046875,0.7562000155448914,0.9237899780273438,1.399359941482544,1.270840048789978,1.471519947052002,0.006645999848842621,0.008143000304698944,0.01231400016695261,0.011195999570190907,0.01296200044453144,1.2214900255203247,1.8502000570297241,1.6801600456237793,1.945930004119873,1.5137749910354614,1.3753199577331543,1.5928800106048584,0.90761798620224,1.0506999492645264,1.1580300331115723
2021-12-13,1.131183385848999,128.3820037841797,0.8531200289726257,1.041890025138855,1.5784000158309937,1.4384900331497192,1.664389967918396,113.5009994506836,0.7543100118637085,0.9210699796676636,1.3954600095748901,1.2719899415969849,1.4714800119400024,0.006626000162214041,0.00811500009149313,0.012292999774217606,0.011206000111997128,0.01296200044453144,1.2210400104522705,1.8497999906539917,1.6860899925231934,1.950510025024414,1.5147000551223755,1.380679965019226,1.5972100496292114,0.9115260243415833,1.0544240474700928,1.1565799713134766
2021-12-14,1.1285407543182373,128.1199951171875,0.8538699746131897,1.0407999753952026,1.582170009613037,1.4451099634170532,1.6710799932479858,113.5770034790039,0.7567999958992004,0.9223799705505371,1.401900053024292,1.2807600498199463,1.4810400009155273,0.006643999833613634,0.008120999671518803,0.012326999567449093,0.011269999668002129,0.013031999580562115,1.2187000513076782,1.8526999950408936,1.6921900510787964,1.9568099975585938,1.5192949771881104,1.3883700370788574,1.6054799556732178,0.9132999777793884,1.056089997291565,1.1562199592590332
2021-12-15,1.1261261701583862,128.04600524902344,0.8508599996566772,1.040310025215149,1.5843000411987305,1.4485299587249756,1.6711399555206299,113.74299621582031,0.7558289766311646,0.9240000247955322,1.4072610139846802,1.2867100238800049,1.4844900369644165,0.006624999921768904,0.008124999701976776,0.012354999780654907,0.011308000423014164,0.013042000122368336,1.2225300073623657,1.8621400594711304,1.7021199464797974,1.963819980621338,1.5216070413589478,1.3921200037002563,1.6061999797821045,0.9140959978103638,1.054710030555725,1.1536600589752197
2021-12-16,1.1290758848190308,128.8730010986328,0.8512300252914429,1.0436700582504272,1.5754200220108032,1.4493199586868286,1.6657999753952026,114.13600158691406,0.7539700269699097,0.9244400262832642,1.395380973815918,1.2836500406265259,1.4753400087356567,0.006585999857634306,0.008098999969661236,0.012202000245451927,0.011241000145673752,0.01291900034993887,1.2259199619293213,1.8503999710083008,1.702299952507019,1.9565099477767944,1.5080679655075073,1.388409972190857,1.5957599878311157,0.9198799729347229,1.0572600364685059,1.1491899490356445
2021-12-17,1.1334141492843628,128.81900024414062,0.850570023059845,1.0414700508117676,1.5791000127792358,1.4484399557113647,1.6675299406051636,113.66300201416016,0.750540018081665,0.9188399910926819,1.3936100006103516,1.2779699563980103,1.4713900089263916,0.0065830000676214695,0.008085000328719616,0.012240000069141388,0.011239999905228615,0.0129380002617836,1.2239500284194946,1.8566099405288696,1.702139973640442,1.960170030593872,1.5163300037384033,1.390570044517517,1.600950002670288,0.916700005531311,1.0557299852371216,1.1511199474334717
2021-12-20,1.1243535280227661,127.62100219726562,0.849810004234314,1.0380200147628784,1.5796500444412231,1.4500999450683594,1.6700899600982666,113.51799774169922,0.7558900117874146,0.9232900142669678,1.4050899744033813,1.2898499965667725,1.4855300188064575,0.006622999906539917,0.008132999762892723,0.012377999722957611,0.011362000368535519,0.013086000457406044,1.2213599681854248,1.858739972114563,1.7062499523162842,1.9651000499725342,1.5202189683914185,1.3967900276184082,1.6086900234222412,0.9178599715232849,1.0571739673614502,1.1515599489212036
2021-12-21,1.1277517080307007,128.1750030517578,0.853600025177002,1.0394500494003296,1.586210012435913,1.4587700366973877,1.679819941520691,113.66200256347656,0.7570019960403442,0.921720027923584,1.406569004058838,1.2935999631881714,1.4896199703216553,0.006641000043600798,0.008108999580144882,0.01235199999064207,0.011376000009477139,0.013098999857902527,1.2174500226974487,1.8578300476074219,1.7086100578308105,1.9675899744033813,1.5257999897003174,1.4032800197601318,1.6159600019454956,0.9196000099182129,1.0590300559997559,1.151379942893982
2021-12-22,1.128757357597351,128.66099548339844,0.8505899906158447,1.0418399572372437,1.5790899991989136,1.4586199522018433,1.6682699918746948,113.99400329589844,0.753600001335144,0.9230200052261353,1.3990319967269897,1.2922999858856201,1.4779800176620483,0.006591999903321266,0.008097000420093536,0.012254999950528145,0.011332999914884567,0.01295700017362833,1.2245999574661255,1.8559999465942383,1.7144299745559692,1.960919976234436,1.5140049457550049,1.3998899459838867,1.6010700464248657,0.9236199855804443,1.0564080476760864,1.1435600519180298
2021-12-23,1.1328877210617065,129.25999450683594,0.8482400178909302,1.0413800477981567,1.570099949836731,1.455590009689331,1.6642299890518188,114.12100219726562,0.7489500045776367,0.919439971446991,1.3861939907073975,1.2851200103759766,1.4693299531936646,0.006543000228703022,0.008046000264585018,0.012130999937653542,0.011256000027060509,0.012873999774456024,1.2272700071334839,1.8507299423217773,1.7154500484466553,1.961400032043457,1.5067050457000732,1.397570013999939,1.5979199409484863,0.9268100261688232,1.0596810579299927,1.143180012702942
2021-12-24,1.132733702659607,129.63499450683594,0.8443899750709534,1.0404000282287598,1.565209984779358,1.4520100355148315,1.6595900058746338,114.45800018310547,0.7458999752998352,0.9186000227928162,1.3825139999389648,1.2823899984359741,1.4658000469207764,0.006496999878436327,0.008016999810934067,0.012059999629855156,0.01119999960064888,0.012800999917089939,1.2315000295639038,1.8532600402832031,1.7184799909591675,1.9646999835968018,1.503890037536621,1.394860029220581,1.5947699546813965,0.9275000095367432,1.0601199865341187,1.1427600383758545
2021-12-27,1.1324259042739868,129.45899963378906,0.8446499705314636,1.040310025215149,1.5657800436019897,1.4507800340652466,1.6613199710845947,114.33300018310547,0.7460290193557739,0.9187809824943542,1.3828799724578857,1.2813999652862549,1.4673099517822266,0.0065100002102553844,0.008035000413656235,0.012094000354409218,0.011207000352442265,0.012830999679863453,1.2315000295639038,1.8533600568771362,1.7173999547958374,1.966480016708374,1.5044300556182861,1.3946009874343872,1.5967600345611572,0.9265140295028687,1.0606499910354614,1.144819974899292
2021-12-28,1.1330032348632812,130.04800415039062,0.8427799940109253,1.0389900207519531,1.565690040588379,1.4487199783325195,1.6619900465011597,114.79199981689453,0.7439000010490417,0.9171599745750427,1.3817880153656006,1.2786999940872192,1.4667060375213623,0.006461000069975853,0.007988999597728252,0.012019000016152859,0.011136000044643879,0.012771000154316425,1.2324199676513672,1.8570899963378906,1.7187399864196777,1.9718199968338013,1.5066200494766235,1.3941099643707275,1.5993800163269043,0.9252499938011169,1.061161994934082,1.147089958190918
2021-12-29,1.1314777135849,129.8699951171875,0.8418800234794617,1.037500023841858,1.5640000104904175,1.4497400522232056,1.6614999771118164,114.77300262451172,0.7444199919700623,0.9168999791145325,1.3823610544204712,1.2812999486923218,1.4693779945373535,0.006465999875217676,0.00798800028860569,0.012028999626636505,0.011160999536514282,0.012792999856173992,1.231850028038025,1.8566410541534424,1.7213729619979858,1.9736100435256958,1.5067050457000732,1.397137999534607,1.6019699573516846,0.9262999892234802,1.0618000030517578,1.1464500427246094
2021-12-30,1.1360150575637817,130.5800018310547,0.8414000272750854,1.038040041923523,1.565019965171814,1.4519699811935425,1.6607999801635742,114.947998046875,0.7408069968223572,0.9136000275611877,1.3776400089263916,1.2782599925994873,1.462049961090088,0.006426000036299229,0.007949000224471092,0.011965000070631504,0.011115999892354012,0.012710999697446823,1.2332700490951538,1.8590999841690063,1.7251800298690796,1.973230004310608,1.5072799921035767,1.398550033569336,1.5996400117874146,0.9277700185775757,1.0612210035324097,1.143630027770996
2021-12-31,1.132502794265747,130.2760009765625,0.8385499715805054,1.0346399545669556,1.5617799758911133,1.4429999589920044,1.657670021057129,115.06300354003906,0.7408300042152405,0.9136999845504761,1.3793480396270752,1.274440050125122,1.4640400409698486,0.006419000215828419,0.007941000163555145,0.011966000311076641,0.011075999587774277,0.012722999788820744,1.2330700159072876,1.8612500429153442,1.719789981842041,1.975890040397644,1.5078409910202026,1.394469976425171,1.6018400192260742,0.9236000180244446,1.0613600015640259,1.1485999822616577
2022-01-03,1.1373459100723267,130.9429931640625,0.8410000205039978,1.0371700525283813,1.5646699666976929,1.4395999908447266,1.6624499559402466,115.14199829101562,0.7395200133323669,0.9119750261306763,1.3758599758148193,1.2658799886703491,1.461840033531189,0.006403000093996525,0.00791999977082014,0.011947999708354473,0.010991999879479408,0.01269499957561493,1.2331299781799316,1.8603299856185913,1.7115800380706787,1.976539969444275,1.5083999633789062,1.3878300189971924,1.6026819944381714,0.919950008392334,1.062425971031189,1.1546499729156494
2022-01-04,1.1302244663238525,130.34500122070312,0.8381800055503845,1.037909984588623,1.570520043373108,1.4411499500274658,1.664520025253296,115.3280029296875,0.7416599988937378,0.9183300137519836,1.3892749547958374,1.275130033493042,1.4728200435638428,0.006411000154912472,0.007962999865412712,0.012028999626636505,0.01105200033634901,0.012763000093400478,1.238010048866272,1.8734699487686157,1.7189600467681885,1.985640048980713,1.513010025024414,1.3882900476455688,1.6035699844360352,0.9174799919128418,1.0598410367965698,1.154919981956482
2022-01-05,1.1283625364303589,131.07200622558594,0.833899974822998,1.0336799621582031,1.5586600303649902,1.4333900213241577,1.6560200452804565,116.17400360107422,0.7390199899673462,0.9162099957466125,1.381443977355957,1.2704399824142456,1.467650055885315,0.006341999862343073,0.007885999977588654,0.011870999820530415,0.01093200035393238,0.012632999569177628,1.2394499778747559,1.8688700199127197,1.7188299894332886,1.9856200218200684,1.5075680017471313,1.386489987373352,1.601699948310852,0.9196000099182129,1.0623799562454224,1.155074954032898
2022-01-06,1.1313496828079224,131.3459930419922,0.83433997631073,1.037600040435791,1.566390037536621,1.4432599544525146,1.665079951286316,116.12799835205078,0.7376999855041504,0.917389988899231,1.3848880529403687,1.2760100364685059,1.472059965133667,0.006333000026643276,0.007899999618530273,0.011907000094652176,0.010982000268995762,0.012675000354647636,1.2434300184249878,1.8770500421524048,1.7294199466705322,1.9952000379562378,1.5085229873657227,1.3907500505447388,1.6043740510940552,0.9213200211524963,1.062980055809021,1.1535500288009644
2022-01-07,1.1296881437301636,130.86700439453125,0.8345500230789185,1.04066002368927,1.5769599676132202,1.437880039215088,1.6756700277328491,115.86499786376953,0.7389000058174133,0.9214000105857849,1.3961410522460938,1.2730200290679932,1.483590006828308,0.006357000209391117,0.007952000014483929,0.012027000077068806,0.010982999578118324,0.012795000337064266,1.2468600273132324,1.8892300128936768,1.7226200103759766,2.0072999000549316,1.515030026435852,1.3813999891281128,1.6099599599838257,0.9117100238800049,1.0618000030517578,1.165310025215149
2022-01-10,1.1353960037231445,131.26400756835938,0.8352699875831604,1.0431699752807617,1.5814100503921509,1.4358199834823608,1.6754900217056274,115.61799621582031,0.7357100248336792,0.9188399910926819,1.392930030822754,1.2646900415420532,1.4758000373840332,0.00634900014847517,0.007946999743580818,0.012045999988913536,0.010936999693512917,0.012763000093400478,1.248810052871704,1.8931699991226196,1.718850016593933,2.005769968032837,1.515720009803772,1.376170039176941,1.6058900356292725,0.9077900052070618,1.059412956237793,1.1667300462722778
2022-01-11,1.1330417394638062,130.61000061035156,0.8342400193214417,1.0504800081253052,1.5779999494552612,1.4350500106811523,1.6743799448013306,115.27799987792969,0.7363600134849548,0.9272000193595886,1.392564058303833,1.2664999961853027,1.477869987487793,0.0063680000603199005,0.008042999543249607,0.01206200011074543,0.010986999608576298,0.01281100045889616,1.2589999437332153,1.8911199569702148,1.7197500467300415,2.006809949874878,1.5018500089645386,1.3658699989318848,1.59375,0.9093400239944458,1.0609630346298218,1.1667200326919556
2022-01-12,1.1366478204727173,131.08599853515625,0.8335999846458435,1.0496100187301636,1.5763700008392334,1.4294899702072144,1.6754200458526611,115.33100128173828,0.7335000038146973,0.9235000014305115,1.3870010375976562,1.2577500343322754,1.4740999937057495,0.006339999847114086,0.00800700020045042,0.012005999684333801,0.01090100035071373,0.012771000154316425,1.258870005607605,1.8904999494552612,1.7144500017166138,2.0088999271392822,1.50163996219635,1.361739993095398,1.596019983291626,0.9067400097846985,1.061900019645691,1.1719199419021606
2022-01-13,1.144164800643921,131.1699981689453,0.8344299793243408,1.045740008354187,1.5709500312805176,1.4302899837493896,1.6707700490951538,114.67500305175781,0.7293949723243713,0.914139986038208,1.3732099533081055,1.2501599788665771,1.460510015487671,0.00634300010278821,0.007970999926328659,0.011955000460147858,0.010897999629378319,0.012728000059723854,1.2526999711990356,1.8820899724960327,1.7136000394821167,2.001199960708618,1.5020300149917603,1.3675899505615234,1.5975199937820435,0.9104520082473755,1.0634700059890747,1.1679999828338623
2022-01-14,1.1457115411758423,130.73899841308594,0.8353999853134155,1.0437899827957153,1.5734100341796875,1.4328700304031372,1.6690000295639038,114.11799621582031,0.729200005531311,0.9110400080680847,1.3732000589370728,1.2507799863815308,1.457319974899292,0.006370999850332737,0.007984000258147717,0.012016000226140022,0.010955999605357647,0.012763000093400478,1.249269962310791,1.8831599950790405,1.7150399684906006,1.9977999925613403,1.5071799755096436,1.372630000114441,1.5993599891662598,0.9103599786758423,1.0600999593734741,1.16497004032135
2022-01-17,1.1410704851150513,130.41900634765625,0.8344299793243408,1.0434399843215942,1.5810400247573853,1.4310100078582764,1.6758400201797485,114.30599975585938,0.7313399910926819,0.9144920110702515,1.3857100009918213,1.2542200088500977,1.4687999486923218,0.006382000166922808,0.00800000037997961,0.012121000327169895,0.010971000418066978,0.01284599956125021,1.2503600120544434,1.8946199417114258,1.7147899866104126,2.0081400871276855,1.5150200128555298,1.3712600469589233,1.6058599948883057,0.9050099849700928,1.0599050521850586,1.1708799600601196
2022-01-18,1.1410574913024902,130.72300720214844,0.8359500169754028,1.0427000522613525,1.5822900533676147,1.4280600547790527,1.678689956665039,114.57099914550781,0.7327079772949219,0.9139099717140198,1.38680899143219,1.2515699863433838,1.471021056175232,0.0063749998807907104,0.007977000437676907,0.012082000263035297,0.010919000022113323,0.012830999679863453,1.247249960899353,1.8925100564956665,1.7078800201416016,2.0078299045562744,1.5171899795532227,1.3692100048065186,1.6095499992370605,0.9021000266075134,1.0599000453948975,1.1754100322723389
2022-01-19,1.1329647302627563,129.7779998779297,0.8329700231552124,1.0389399528503418,1.5761899948120117,1.4158400297164917,1.6731200218200684,114.55400085449219,0.7352799773216248,0.9170699715614319,1.3913040161132812,1.249750018119812,1.4767299890518188,0.006397999823093414,0.008004999719560146,0.012122999876737595,0.010905999690294266,0.012880999594926834,1.2470899820327759,1.8919600248336792,1.6994099617004395,2.008280038833618,1.5168999433517456,1.3625500202178955,1.6101200580596924,0.8982369899749756,1.0613700151443481,1.1815500259399414
2022-01-20,1.1343399286270142,129.69000244140625,0.8335000276565552,1.038540005683899,1.5714999437332153,1.4191399812698364,1.673009991645813,114.34700012207031,0.7348300218582153,0.9156000018119812,1.3856170177459717,1.2510900497436523,1.4748610258102417,0.006405999884009361,0.007997999899089336,0.01209999993443489,0.010937999933958054,0.012885999865829945,1.24590003490448,1.8857300281524658,1.702239990234375,2.0067501068115234,1.5133399963378906,1.3662199974060059,1.610509991645813,0.9027000069618225,1.0642199516296387,1.178689956665039
2022-01-21,1.1313753128051758,128.95799255371094,0.8319900035858154,1.03725004196167,1.5676000118255615,1.4141600131988525,1.6758899688720703,113.99299621582031,0.7354199886322021,0.9168400168418884,1.385599970817566,1.2500300407409668,1.4813100099563599,0.006432000081986189,0.008042999543249607,0.012134999968111515,0.010964999906718731,0.012985999695956707,1.2465900182724,1.8839199542999268,1.6994400024414062,2.0140299797058105,1.5111000537872314,1.3631880283355713,1.615380048751831,0.9021130204200745,1.069061040878296,1.1849000453948975
2022-01-24,1.1341469287872314,129.04200744628906,0.8366000056266785,1.034999966621399,1.5777599811553955,1.4245200157165527,1.6869499683380127,113.78500366210938,0.7376899719238281,0.9126399755477905,1.3912299871444702,1.256100058555603,1.4875199794769287,0.006471000146120787,0.008019999600946903,0.012226000428199768,0.011039000004529953,0.01307199988514185,1.2369999885559082,1.885794997215271,1.702620029449463,2.0162999629974365,1.5242300033569336,1.376189947128296,1.629729986190796,0.9027600288391113,1.0690799951553345,1.1840800046920776
2022-01-25,1.1324130296707153,129.10000610351562,0.8394399881362915,1.0351200103759766,1.5827800035476685,1.4296799898147583,1.6890499591827393,114.01100158691406,0.7413300275802612,0.9140899777412415,1.3977220058441162,1.2625499963760376,1.491510033607483,0.00648199999704957,0.008016999810934067,0.012240000069141388,0.011068999767303467,0.013073000125586987,1.2328599691390991,1.8851399421691895,1.7027900218963623,2.0117199420928955,1.5289299488067627,1.3810399770736694,1.631500005722046,0.9032340049743652,1.067139983177185,1.1812200546264648
2022-01-26,1.130454421043396,128.69000244140625,0.8363900184631348,1.037600040435791,1.578950047492981,1.4260900020599365,1.6891499757766724,113.875,0.740149974822998,0.9177460074424744,1.3968820571899414,1.2615900039672852,1.494570016860962,0.00648100022226572,0.008054000325500965,0.012256000190973282,0.011080999858677387,0.013129999861121178,1.2395999431610107,1.8866599798202515,1.7044299840927124,2.019010066986084,1.5216070413589478,1.3744800090789795,1.6280349493026733,0.9031400084495544,1.0698200464248657,1.184440016746521
2022-01-27,1.1243535280227661,128.9510040283203,0.8346999883651733,1.0386600494384766,1.5785000324249268,1.4228899478912354,1.6877399682998657,114.72100067138672,0.7425000071525574,0.9239490032196045,1.4039030075073242,1.2658499479293823,1.5013699531555176,0.006453000009059906,0.008054000325500965,0.012221000157296658,0.011029999703168869,0.013078000396490097,1.2443000078201294,1.8910200595855713,1.7045700550079346,2.0213000774383545,1.5183720588684082,1.3697799444198608,1.624642014503479,0.9013599753379822,1.0680999755859375,1.1859439611434937
2022-01-28,1.1147029399871826,128.5500030517578,0.8322100043296814,1.0374599695205688,1.5840500593185425,1.4204800128936768,1.6924899816513062,115.35199737548828,0.7469199895858765,0.930869996547699,1.4213629961013794,1.2745699882507324,1.5187400579452515,0.0064559997990727425,0.008070000447332859,0.012300999835133553,0.011048000305891037,0.013155000284314156,1.246000051498413,1.9023900032043457,1.7058700323104858,2.033090114593506,1.5250879526138306,1.3689899444580078,1.6311399936676025,0.8966500163078308,1.0684900283813477,1.1913800239562988
2022-01-31,1.1152374744415283,128.53700256347656,0.8320099711418152,1.0383700132369995,1.5938299894332886,1.422860026359558,1.7020599842071533,115.26200103759766,0.7460799813270569,0.9311299920082092,1.4289799928665161,1.2759100198745728,1.5262700319290161,0.0064559997990727425,0.008077999576926231,0.012400000356137753,0.011070000007748604,0.013240999542176723,1.2479300498962402,1.9155000448226929,1.7100000381469727,2.0455400943756104,1.5347100496292114,1.3700599670410156,1.6389000415802002,0.8926100134849548,1.0677499771118164,1.1960300207138062
2022-02-01,1.12296462059021,129.2729949951172,0.8351399898529053,1.0409799814224243,1.58856999874115,1.42808997631073,1.7072199583053589,115.12100219726562,0.7437499761581421,0.927079975605011,1.4147670269012451,1.2717399597167969,1.5202200412750244,0.006440000142902136,0.008053000085055828,0.012268000282347202,0.01104199979454279,0.01319899968802929,1.246340036392212,1.9017000198364258,1.7096799612045288,2.0437700748443604,1.5250879526138306,1.3716000318527222,1.6396199464797974,0.8988400101661682,1.0745999813079834,1.1952699422836304
2022-02-02,1.1273956298828125,129.32000732421875,0.8334500193595886,1.0383199453353882,1.5802299976348877,1.4305299520492554,1.698490023612976,114.73600006103516,0.7393500208854675,0.9209399819374084,1.4017399549484253,1.2689599990844727,1.5066399574279785,0.006424000021070242,0.008027000352740288,0.01219599973410368,0.011056999675929546,0.013120000250637531,1.2454999685287476,1.895609974861145,1.7159700393676758,2.0375499725341797,1.5206810235977173,1.3775700330734253,1.635599970817566,0.9052469730377197,1.0748100280761719,1.187190055847168
2022-02-03,1.1299946308135986,129.24400329589844,0.832889974117279,1.038450002670288,1.5868200063705444,1.433519959449768,1.7089200019836426,114.38200378417969,0.7371900081634521,0.9189599752426147,1.4043370485305786,1.2686400413513184,1.5124249458312988,0.006424999795854092,0.008035000413656235,0.012254999950528145,0.011087000370025635,0.013218999840319157,1.2464100122451782,1.9046299457550049,1.720770001411438,2.0514400005340576,1.5278199911117554,1.3802599906921387,1.6454800367355347,0.9033200144767761,1.0770000219345093,1.192039966583252
2022-02-04,1.14357590675354,131.4530029296875,0.8409299850463867,1.0524100065231323,1.6009999513626099,1.4498599767684937,1.715499997138977,114.95700073242188,0.7353799939155579,0.9203699827194214,1.3995800018310547,1.2678500413894653,1.500059962272644,0.006376999896019697,0.008005999960005283,0.012157999910414219,0.011025000363588333,0.013036999851465225,1.2514699697494507,1.903689980506897,1.723960041999817,2.03971004486084,1.5197570323944092,1.3773800134658813,1.6296700239181519,0.9050999879837036,1.071470022201538,1.1830400228500366
2022-02-07,1.145514726638794,131.97799682617188,0.846340000629425,1.059399962425232,1.6177500486373901,1.4598699808120728,1.7302900552749634,115.2239990234375,0.7389100193977356,0.9251199960708618,1.412369966506958,1.274530053138733,1.510599970817566,0.006397999823093414,0.008028999902307987,0.012257000431418419,0.011060000397264957,0.01310999970883131,1.2518999576568604,1.9113099575042725,1.7247300148010254,2.044219970703125,1.5265100002288818,1.377500057220459,1.632699966430664,0.9022799730300903,1.0694589614868164,1.1850299835205078
2022-02-08,1.1442956924438477,131.6479949951172,0.8451099991798401,1.0560699701309204,1.605139970779419,1.4491100311279297,1.7236499786376953,115.06300354003906,0.7386720180511475,0.9230499863624573,1.4025249481201172,1.2665599584579468,1.506500005722046,0.006399999838322401,0.008022000081837177,0.012171999551355839,0.011006999760866165,0.013086000457406044,1.2494900226593018,1.8990000486373901,1.714400053024292,2.0392699241638184,1.519063949584961,1.3720300197601318,1.6319700479507446,0.9023000001907349,1.0738329887390137,1.189329981803894
2022-02-09,1.142126202583313,131.94700622558594,0.8429999947547913,1.0564299821853638,1.5983500480651855,1.451069951057434,1.7175400257110596,115.53099822998047,0.7381399869918823,0.925000011920929,1.399399995803833,1.2705399990081787,1.503872036933899,0.00636899983510375,0.008005999960005283,0.012094000354409218,0.010993000119924545,0.013012000359594822,1.253059983253479,1.8957899808883667,1.721119999885559,2.037139892578125,1.5117160081863403,1.3733500242233276,1.625480055809021,0.907800018787384,1.0741699934005737,1.183459997177124
2022-02-10,1.142152190208435,132.02200317382812,0.8439099788665771,1.0555800199508667,1.5912200212478638,1.4477399587631226,1.7099900245666504,115.60199737548828,0.7389199733734131,0.9242200255393982,1.3932600021362305,1.26760995388031,1.4971599578857422,0.006370999850332737,0.0079950001090765,0.012033999897539616,0.010963000357151031,0.0129399998113513,1.2506400346755981,1.8854000568389893,1.7152999639511108,2.0258901119232178,1.507290005683899,1.371359944343567,1.6196399927139282,0.9097200036048889,1.0745190382003784,1.1809799671173096
2022-02-11,1.1415525674819946,132.4459991455078,0.8421300053596497,1.0561000108718872,1.593690037727356,1.453160047531128,1.7119799852371216,116.0469970703125,0.7379099726676941,0.9256500005722046,1.3963170051574707,1.2732000350952148,1.499899983406067,0.0063390000723302364,0.00797600019723177,0.012012000195682049,0.010967000387609005,0.012915000319480896,1.2542099952697754,1.8920799493789673,1.725250005722046,2.032439947128296,1.506932020187378,1.3753600120544434,1.6202600002288818,0.9117599725723267,1.0741100311279297,1.177940011024475
2022-02-14,1.1365057229995728,131.3489990234375,0.8374500274658203,1.0508500337600708,1.5905100107192993,1.445889949798584,1.7095999717712402,115.58399963378906,0.7369400262832642,0.9247199892997742,1.3996200561523438,1.2723499536514282,1.5045100450515747,0.0063680000603199005,0.00800000037997961,0.012103999964892864,0.011006000451743603,0.013013999909162521,1.2547099590301514,1.8990999460220337,1.7263599634170532,2.0412399768829346,1.513350009918213,1.3757400512695312,1.6266599893569946,0.9090449810028076,1.074887990951538,1.1822099685668945
2022-02-15,1.1306334733963013,130.6219940185547,0.8353700041770935,1.0452500581741333,1.5852099657058716,1.4391000270843506,1.7083100080490112,115.53600311279297,0.7389400005340576,0.9245100021362305,1.4021120071411133,1.272860050201416,1.5110299587249756,0.0063749998807907104,0.00800199992954731,0.01211399957537651,0.011012000031769276,0.013067999854683876,1.250980019569397,1.8972100019454956,1.7222900390625,2.044640064239502,1.516379952430725,1.3766299486160278,1.634220004081726,0.9077500104904175,1.077536940574646,1.1869900226593018
2022-02-16,1.1356796026229858,131.322998046875,0.8386300206184387,1.050879955291748,1.588379979133606,1.4449100494384766,1.7098000049591064,115.63500213623047,0.7384899854660034,0.9254400134086609,1.3987799882888794,1.2723699808120728,1.5058399438858032,0.006366000045090914,0.00800199992954731,0.012078000232577324,0.010997000150382519,0.013012000359594822,1.2530200481414795,1.8940999507904053,1.722749948501587,2.0388998985290527,1.5110000371932983,1.374709963798523,1.6269700527191162,0.9094210267066956,1.0760400295257568,1.183359980583191
2022-02-17,1.1375269889831543,131.23800659179688,0.8371899724006653,1.0483800172805786,1.580899953842163,1.443600058555603,1.7024699449539185,115.38700103759766,0.7361099720001221,0.9215999841690063,1.3899500370025635,1.2695399522781372,1.4967600107192993,0.0063599999994039536,0.007988999597728252,0.012025999836623669,0.010998999699950218,0.012961000204086304,1.2520999908447266,1.8876999616622925,1.7240099906921387,2.0331099033355713,1.50764000415802,1.376816987991333,1.6234899759292603,0.9132500290870667,1.0768799781799316,1.1788899898529053
2022-02-18,1.1366478204727173,130.552001953125,0.8343999981880188,1.0453300476074219,1.5811100006103516,1.44405996799469,1.6985900402069092,114.86599731445312,0.734279990196228,0.9196000099182129,1.3909499645233154,1.2704800367355347,1.4945399761199951,0.006372000090777874,0.00800700020045042,0.012090000323951244,0.011060000397264957,0.013000999577343464,1.25246000289917,1.8940000534057617,1.730139970779419,2.0351200103759766,1.5112589597702026,1.3812119960784912,1.6247199773788452,0.9129999876022339,1.0743000507354736,1.1761599779129028
2022-02-21,1.131721019744873,130.0989990234375,0.8325499892234802,1.0421099662780762,1.5779399871826172,1.443600058555603,1.6916699409484863,114.96099853515625,0.7356500029563904,0.9208999872207642,1.3943699598312378,1.2756600379943848,1.494860053062439,0.006378000136464834,0.008009999990463257,0.012129000388085842,0.011095000430941582,0.013000000268220901,1.2516499757766724,1.8952529430389404,1.7338299751281738,2.031869888305664,1.514119029045105,1.385040044784546,1.6231000423431396,0.9147999882698059,1.0720700025558472,1.1716899871826172
2022-02-22,1.1309658288955688,129.61399841308594,0.8317400217056274,1.0356500148773193,1.5741100311279297,1.4426599740982056,1.688920021057129,114.60900115966797,0.735509991645813,0.9157099723815918,1.3918850421905518,1.2755999565124512,1.4934300184249878,0.006397000048309565,0.00798999983817339,0.012125000357627869,0.011127999983727932,0.013021999970078468,1.2447400093078613,1.8918299674987793,1.7337499856948853,2.029979944229126,1.519029974937439,1.3927700519561768,1.6304500102996826,0.9163990020751953,1.0719000101089478,1.1705399751663208
2022-02-23,1.13291335105896,130.39199829101562,0.8336300253868103,1.0439599752426147,1.5675599575042725,1.4463800191879272,1.6803499460220337,115.09600067138672,0.7358700037002563,0.9215599894523621,1.38372004032135,1.276710033416748,1.4832799434661865,0.006372999865561724,0.008005999960005283,0.012002999894320965,0.011087999679148197,0.012887000106275082,1.2522000074386597,1.8802200555801392,1.7347300052642822,2.0154600143432617,1.4999250173568726,1.3852399587631226,1.6093599796295166,0.9226109981536865,1.0718499422073364,1.1617100238800049
2022-02-24,1.1305694580078125,129.8939971923828,0.8345800042152405,1.0372799634933472,1.5641299486160278,1.4396300315856934,1.6697800159454346,114.89800262451172,0.7382400035858154,0.9174200296401978,1.3835090398788452,1.2733900547027588,1.476930022239685,0.0064050001092255116,0.007984999567270279,0.012019000016152859,0.01107999961823225,0.012849000282585621,1.2426400184631348,1.8738000392913818,1.7245700359344482,2.000339984893799,1.5077099800109863,1.387719988822937,1.608970046043396,0.9203299880027771,1.0675029754638672,1.1597199440002441
2022-02-25,1.11906898021698,129.32200622558594,0.8367300033569336,1.0359599590301514,1.5628199577331543,1.43340003490448,1.673140048980713,115.57099914550781,0.747759997844696,0.9258400201797485,1.3966089487075806,1.2809499502182007,1.4952399730682373,0.006450999993830919,0.008011000230908394,0.01206399966031313,0.01107999961823225,0.012930000200867653,1.2376999855041504,1.867400050163269,1.7126100063323975,1.9993699789047241,1.508270025253296,1.383430004119873,1.6148300170898438,0.917140007019043,1.069599986076355,1.1671299934387207
2022-02-28,1.118105411529541,129.218994140625,0.8359900116920471,1.035979986190796,1.5556299686431885,1.4259599447250366,1.6703799962997437,115.58499908447266,0.747759997844696,0.926596999168396,1.3914999961853027,1.2755199670791626,1.4940500259399414,0.006432999856770039,0.008016999810934067,0.012037999927997589,0.011033999733626842,0.012924999929964542,1.2390799522399902,1.8606200218200684,1.7053600549697876,1.9976999759674072,1.5010900497436523,1.3758699893951416,1.6117299795150757,0.9164609909057617,1.0734599828720093,1.1712000370025635
2022-03-01,1.1215918064117432,129.0590057373047,0.8352699875831604,1.0289599895477295,1.5448399782180786,1.4205399751663208,1.656749963760376,115.0780029296875,0.7450000047683716,0.9175000190734863,1.3770309686660767,1.2666499614715576,1.4772800207138062,0.006453999783843756,0.007973000407218933,0.011951000429689884,0.011005000211298466,0.01283000037074089,1.2312999963760376,1.8483500480651855,1.7000700235366821,1.9827699661254883,1.5010499954223633,1.3803499937057495,1.6098899841308594,0.9194999933242798,1.072409987449646,1.1661700010299683
2022-03-02,1.1132758855819702,127.84500122070312,0.8346999883651733,1.0225399732589722,1.5330499410629272,1.4164299964904785,1.6446800231933594,114.83300018310547,0.7498999834060669,0.9185600280761719,1.3771400451660156,1.2723499536514282,1.4776500463485718,0.0065100002102553844,0.007999000139534473,0.011971999891102314,0.011075999587774277,0.01285799965262413,1.2248400449752808,1.8363100290298462,1.6964600086212158,1.9701499938964844,1.499079942703247,1.3850300312042236,1.6084799766540527,0.923882007598877,1.0728800296783447,1.1612199544906616
2022-03-03,1.1112345457077026,128.35800170898438,0.8294199705123901,1.022860050201416,1.5235600471496582,1.405310034751892,1.6382499933242798,115.51899719238281,0.7464399933815002,0.920520007610321,1.3710999488830566,1.2646100521087646,1.474269986152649,0.006442000158131123,0.00796900037676096,0.011853000149130821,0.010944000445306301,0.012752000242471695,1.2330600023269653,1.8366199731826782,1.694000005722046,1.974910020828247,1.489300012588501,1.3736499547958374,1.6014000177383423,0.9222919940948486,1.0753200054168701,1.1656700372695923
2022-03-04,1.1066844463348389,127.79399871826172,0.8289999961853027,1.0162999629974365,1.5081000328063965,1.4021799564361572,1.625059962272644,115.4739990234375,0.7490100264549255,0.917900025844574,1.3629549741744995,1.2670300006866455,1.4684900045394897,0.006465999875217676,0.007939999923110008,0.011781999841332436,0.010970000177621841,0.012706000357866287,1.2249399423599243,1.819540023803711,1.6909799575805664,1.960319995880127,1.4848500490188599,1.3803600072860718,1.5997600555419922,0.9293550252914429,1.0772900581359863,1.1588499546051025
2022-03-07,1.087453007698059,124.99320220947266,0.822920024394989,1.000480055809021,1.4703199863433838,1.382390022277832,1.581629991531372,114.94999694824219,0.7568600177764893,0.9201599955558777,1.3523000478744507,1.2714099884033203,1.4546500444412231,0.006560000125318766,0.008004000410437584,0.011764000169932842,0.011057999916374683,0.012652000412344933,1.2156200408935547,1.7865500450134277,1.679669976234436,1.9217400550842285,1.4693100452423096,1.3814400434494019,1.5805399417877197,0.940060019493103,1.075510025024414,1.1439100503921509
2022-03-08,1.0865312814712524,125.3479995727539,0.828499972820282,1.0055999755859375,1.4825400114059448,1.3904999494552612,1.588979959487915,115.37300109863281,0.7626429796218872,0.9254500269889832,1.3645360469818115,1.2801400423049927,1.4623700380325317,0.0065910001285374165,0.008019999600946903,0.011808999814093113,0.011095000430941582,0.01266700029373169,1.2133599519729614,1.7890299558639526,1.6780999898910522,1.9173599481582642,1.473188042640686,1.3831199407577515,1.579990029335022,0.9381260275840759,1.0717799663543701,1.1422200202941895
2022-03-09,1.0898232460021973,126.10800170898438,0.8319100141525269,1.0129599571228027,1.499400019645691,1.404710054397583,1.6015599966049194,115.72200012207031,0.7634000182151794,0.9295600056648254,1.3759100437164307,1.2889000177383423,1.4696600437164307,0.006577000021934509,0.008031999692320824,0.011870999820530415,0.011136000044643879,0.012691999785602093,1.2175500392913818,1.8020999431610107,1.6883599758148193,1.9249600172042847,1.4800000190734863,1.3865400552749634,1.580839991569519,0.9367600083351135,1.0680299997329712,1.1400200128555298
2022-03-10,1.107382893562317,128.3489990234375,0.8396999835968018,1.0259100198745728,1.5133099555969238,1.4172500371932983,1.6192500591278076,115.90899658203125,0.758400022983551,0.9264900088310242,1.366698980331421,1.2798500061035156,1.4623299837112427,0.006523000076413155,0.007992999628186226,0.011770999990403652,0.011039000004529953,0.012609000317752361,1.2215499877929688,1.8018200397491455,1.6872899532318115,1.9279799461364746,1.474869966506958,1.3812099695205688,1.5781300067901611,0.9364100098609924,1.0700199604034424,1.142449975013733
2022-03-11,1.1013944149017334,127.95099639892578,0.8404600024223328,1.0235799551010132,1.4951499700546265,1.4048800468444824,1.6021499633789062,116.17900085449219,0.7631700038909912,0.9293799996376038,1.3575890064239502,1.275589942932129,1.4546699523925781,0.006550000049173832,0.00800000037997961,0.011663000099360943,0.010974000208079815,0.012512000277638435,1.217650055885315,1.7787200212478638,1.671180009841919,1.905940055847168,1.4605799913406372,1.3723299503326416,1.5649900436401367,0.9395570158958435,1.0715399980545044,1.14028000831604
2022-03-14,1.093206763267517,128.4770050048828,0.8376399874687195,1.0218000411987305,1.4981499910354614,1.3921600580215454,1.6045700311660767,117.52899932861328,0.7662659883499146,0.9347699880599976,1.370519995689392,1.2735400199890137,1.4678499698638916,0.006517000030726194,0.007953000254929066,0.011660000309348106,0.010835000313818455,0.012488000094890594,1.219789981842041,1.7883800268173218,1.6618599891662598,1.9153499603271484,1.465980052947998,1.3622599840164185,1.5701299905776978,0.9291980266571045,1.0709739923477173,1.1524499654769897
2022-03-15,1.0943193435668945,129.35899353027344,0.8409000039100647,1.026919960975647,1.520110011100769,1.4029500484466553,1.6213500499725342,118.21800231933594,0.768530011177063,0.9383000135421753,1.389140009880066,1.2821099758148193,1.4816999435424805,0.00648199999704957,0.007938000373542309,0.011727999895811081,0.010840999893844128,0.012527000159025192,1.2207200527191162,1.8069499731063843,1.6679400205612183,1.927590012550354,1.4794700145721436,1.3659800291061401,1.578629970550537,0.9229059815406799,1.0666300058364868,1.15556001663208
2022-03-16,1.0969363451004028,129.7550048828125,0.8406699895858765,1.0318900346755981,1.525339961051941,1.4005999565124512,1.6220999956130981,118.29199981689453,0.7664899826049805,0.940779983997345,1.3906270265579224,1.2768800258636475,1.4788099527359009,0.006459000054746866,0.007952000014483929,0.011754999868571758,0.010793999768793583,0.012493000365793705,1.22707998752594,1.8139599561691284,1.6654200553894043,1.9291399717330933,1.4779499769210815,1.3571540117263794,1.5717300176620483,0.9182000160217285,1.063439965248108,1.1579699516296387
2022-03-17,1.1021955013275146,131.01400756835938,0.8386399745941162,1.0376499891281128,1.5121099948883057,1.3982900381088257,1.6135400533676147,118.87000274658203,0.7609699964523315,0.9415599703788757,1.3719680309295654,1.2686799764633179,1.463979959487915,0.006380999926477671,0.00791999977082014,0.011521999724209309,0.010672000236809254,0.012315000407397747,1.2369099855422974,1.8025599718093872,1.6666899919509888,1.9236400127410889,1.4569100141525269,1.347350001335144,1.5546599626541138,0.9247199892997742,1.0670700073242188,1.1537599563598633
2022-03-18,1.1099518537521362,131.51100158691406,0.8434299826622009,1.038930058479309,1.5036200284957886,1.4019900560379028,1.610319972038269,118.48600006103516,0.7598549723625183,0.936020016670227,1.354830026626587,1.263159990310669,1.4508899450302124,0.006393000017851591,0.007899999618530273,0.0114120002835989,0.010653999634087086,0.012236000038683414,1.2315599918365479,1.7825599908828735,1.6618800163269043,1.909119963645935,1.4471299648284912,1.3493399620056152,1.549839973449707,0.9323639869689941,1.0709019899368286,1.1484500169754028
2022-03-21,1.1043134927749634,131.69500732421875,0.8390700221061707,1.0301599502563477,1.490190029144287,1.3919700384140015,1.6003700494766235,119.26300048828125,0.7598299980163574,0.9329299926757812,1.3495299816131592,1.2605799436569214,1.4495500326156616,0.00634399987757206,0.007822000421583652,0.011315000243484974,0.01056899968534708,0.012152000330388546,1.2276500463485718,1.7759100198745728,1.658810019493103,1.907480001449585,1.4463599920272827,1.3510299921035767,1.5533599853515625,0.9340000152587891,1.0740629434585571,1.1497900485992432
2022-03-22,1.101722002029419,131.7469940185547,0.8365100026130676,1.0288599729537964,1.4896199703216553,1.3868000507354736,1.601539969444275,119.59400177001953,0.7594000101089478,0.9338799715042114,1.352120041847229,1.2588000297546387,1.4535499811172485,0.0063299997709691525,0.007809000089764595,0.011284999549388885,0.010521999560296535,0.012153999879956245,1.2297500371932983,1.780519962310791,1.6575100421905518,1.9142099618911743,1.4475599527359009,1.347659945487976,1.5562399625778198,0.9309409856796265,1.0750999450683594,1.1546499729156494
2022-03-23,1.1029735803604126,133.82699584960938,0.8312000036239624,1.0295100212097168,1.4780100584030151,1.3877999782562256,1.583739995956421,121.33999633789062,0.7537800073623657,0.9334099888801575,1.340069055557251,1.2582800388336182,1.4358899593353271,0.006192999891936779,0.007691999897360802,0.011024000123143196,0.010364999994635582,0.011826000176370144,1.2381700277328491,1.7775800228118896,1.6690200567245483,1.9048000574111938,1.4354300498962402,1.347830057144165,1.5381300449371338,0.9389510154724121,1.0715399980545044,1.141070008277893
2022-03-24,1.1006306409835815,133.3070068359375,0.833329975605011,1.024340033531189,1.467650055885315,1.3822400569915771,1.5777000188827515,121.12699890136719,0.7572299838066101,0.9307199716567993,1.3334800004959106,1.2559200525283813,1.433419942855835,0.006231999956071377,0.007683999836444855,0.010989000089466572,0.010363999754190445,0.01183400023728609,1.229099988937378,1.760890007019043,1.6582200527191162,1.892840027809143,1.4325400590896606,1.3492300510406494,1.5399099588394165,0.9417999982833862,1.0749069452285767,1.1412299871444702
2022-03-25,1.1009578704833984,134.68800354003906,0.8342900276184082,1.023229956626892,1.4655100107192993,1.3783600330352783,1.580489993095398,122.34600067138672,0.7578200101852417,0.9294899702072144,1.3308000564575195,1.2520400285720825,1.4356499910354614,0.006175000220537186,0.0075969998724758625,0.010858999565243721,0.010230000130832195,0.011723999865353107,1.2264200448989868,1.7565200328826904,1.65201997756958,1.894279956817627,1.4320299625396729,1.346869945526123,1.5443899631500244,0.9403010010719299,1.0783599615097046,1.146530032157898
2022-03-28,1.098189115524292,134.26800537109375,0.8335999846458435,1.0226500034332275,1.460729956626892,1.3711999654769897,1.5783300399780273,122.2699966430664,0.7589399814605713,0.9312700033187866,1.3301000595092773,1.248710036277771,1.4372999668121338,0.006186999846249819,0.007615999784320593,0.010858000256121159,0.010208000428974628,0.011745000258088112,1.2265000343322754,1.7522399425506592,1.6448299884796143,1.8933000564575195,1.4282100200653076,1.3407100439071655,1.543220043182373,0.9386500120162964,1.080430030822754,1.1509300470352173
2022-03-29,1.0993843078613281,135.94500732421875,0.8389400243759155,1.026360034942627,1.465790033340454,1.3761500120162964,1.59142005443573,123.66000366210938,0.7631499767303467,0.9336699843406677,1.3334219455718994,1.2518199682235718,1.4476399421691895,0.0061519998125731945,0.007550000213086605,0.010765000246465206,0.01011900044977665,0.011699999682605267,1.2232099771499634,1.7470200061798096,1.6400400400161743,1.8968000411987305,1.4279390573501587,1.3406100273132324,1.550320029258728,0.9388110041618347,1.0857199430465698,1.156309962272644
2022-03-30,1.1091516017913818,136.55499267578125,0.8469899892807007,1.0327399969100952,1.4758800268173218,1.3861600160598755,1.5975500345230103,123.125,0.7637199759483337,0.9311500191688538,1.3307299613952637,1.2497899532318115,1.4402600526809692,0.006182000041007996,0.007561999838799238,0.010785999707877636,0.01014699973165989,0.01169000007212162,1.2190099954605103,1.7421200275421143,1.6361099481582642,1.8858000040054321,1.4288899898529053,1.3420499563217163,1.5465699434280396,0.9391400218009949,1.082419991493225,1.152269959449768
2022-03-31,1.1161835193634033,136.18699645996094,0.8492699861526489,1.0302300453186035,1.4878000020980835,1.3932700157165527,1.6010899543762207,122.02100372314453,0.7610999941825867,0.9229699969291687,1.332800030708313,1.24822998046875,1.4345799684524536,0.00621799984946847,0.007565000094473362,0.010905000381171703,0.010224999859929085,0.011749000288546085,1.2123899459838867,1.7507699728012085,1.639389991760254,1.884619951248169,1.4438350200653076,1.3521300554275513,1.5538699626922607,0.9363999962806702,1.0760999917984009,1.1490800380706787
2022-04-01,1.1072357892990112,134.80299377441406,0.8418800234794617,1.022089958190918,1.4778200387954712,1.383929967880249,1.5971100330352783,121.75599670410156,0.7606300115585327,0.9231899976730347,1.3347699642181396,1.2498500347137451,1.442168951034546,0.006227000150829554,0.007581999991089106,0.010941999964416027,0.01026500016450882,0.011839999817311764,1.2136199474334717,1.7545000314712524,1.6426600217819214,1.8963799476623535,1.4448779821395874,1.3538000583648682,1.5624200105667114,0.9358999729156494,1.080649971961975,1.153980016708374
2022-04-04,1.1047282218933105,135.40499877929688,0.8427799940109253,1.0224900245666504,1.475119948387146,1.3833199739456177,1.5987199544906616,122.61000061035156,0.7631400227546692,0.9258999824523926,1.3357399702072144,1.2526500225067139,1.447659969329834,0.0062049999833106995,0.007550999987870455,0.010877000167965889,0.010212999768555164,0.011796999722719193,1.2131999731063843,1.7502199411392212,1.6412700414657593,1.89683997631073,1.4411300420761108,1.3526999950408936,1.563330054283142,0.9377549886703491,1.0836700201034546,1.1555900573730469
2022-04-05,1.0975863933563232,134.77000427246094,0.836870014667511,1.0165200233459473,1.4547899961471558,1.3703700304031372,1.579699993133545,122.80899810791016,0.7625100016593933,0.9261999726295471,1.3255740404129028,1.2486200332641602,1.4391599893569946,0.0061900001019239426,0.007542000152170658,0.010777000337839127,0.010165000334382057,0.011711000464856625,1.2144900560379028,1.7382800579071045,1.637369990348816,1.8872300386428833,1.4300010204315186,1.347890019416809,1.5535999536514282,0.9419350028038025,1.0856740474700928,1.1524800062179565
2022-04-06,1.090643286705017,134.8560028076172,0.8339400291442871,1.0137699842453003,1.4377000331878662,1.3615000247955322,1.5696799755096436,123.65599822998047,0.764680027961731,0.9296000003814697,1.318269968032837,1.2484400272369385,1.439329981803894,0.006163999903947115,0.0075170001946389675,0.010660000145435333,0.010091000236570835,0.011630999855697155,1.2155100107192993,1.7237399816513062,1.6325000524520874,1.8821200132369995,1.4179600477218628,1.3428200483322144,1.548140048980713,0.9469500184059143,1.0918500423431396,1.1527899503707886
2022-04-07,1.0898232460021973,134.82899475097656,0.8338000178337097,1.0167499780654907,1.4520100355148315,1.3691099882125854,1.5766899585723877,123.7229995727539,0.764989972114563,0.9330499768257141,1.3324300050735474,1.2563799619674683,1.4468599557876587,0.006165000144392252,0.007540999911725521,0.010751999914646149,0.010152000002563,0.011686000041663647,1.219290018081665,1.7413699626922607,1.6418100595474243,1.8908799886703491,1.427880048751831,1.3463900089263916,1.550529956817627,0.9428399801254272,1.0857800245285034,1.1514899730682373
2022-04-08,1.0864840745925903,134.81700134277344,0.831250011920929,1.0152499675750732,1.4528199434280396,1.3674900531768799,1.577970027923584,124.09600067138672,0.7651500105857849,0.9344800114631653,1.3371700048446655,1.2586699724197388,1.4524500370025635,0.006146000232547522,0.007530000060796738,0.010754000395536423,0.01013800036162138,0.011694000102579594,1.2211500406265259,1.7474700212478638,1.6448899507522583,1.898169994354248,1.4307700395584106,1.3467799425125122,1.5541199445724487,0.9414499998092651,1.0855000019073486,1.1538399457931519
2022-04-11,1.0884946584701538,135.3800048828125,0.8351899981498718,1.016800045967102,1.4616700410842896,1.3688000440597534,1.5923399925231934,124.38500213623047,0.7673299908638,0.9342399835586548,1.3429100513458252,1.257599949836731,1.4629700183868408,0.006149000022560358,0.00750999990850687,0.010774999856948853,0.010107999667525291,0.011761000379920006,1.2173999547958374,1.7499899864196777,1.6390800476074219,1.9063800573349,1.4372700452804565,1.3462200164794922,1.5657600164413452,0.9365689754486084,1.0893000364303589,1.1629600524902344
2022-04-12,1.0877959728240967,136.47999572753906,0.8352199792861938,1.0131100416183472,1.4669500589370728,1.3749300241470337,1.5955300331115723,125.47200012207031,0.767799973487854,0.9312999844551086,1.3485599756240845,1.264009952545166,1.4667500257492065,0.006099000107496977,0.007422999944537878,0.010726000182330608,0.010068999603390694,0.011679000221192837,1.2129000425338745,1.7561999559402466,1.6460800170898438,1.9100600481033325,1.4463410377502441,1.356950044631958,1.5745600461959839,0.9372609853744507,1.0875400304794312,1.160249948501587
2022-04-13,1.0826143026351929,135.76699829101562,0.8325700163841248,1.0095800161361694,1.4523500204086304,1.3677200078964233,1.5788500308990479,125.41600036621094,0.7690799832344055,0.932640016078949,1.3413820266723633,1.2634400129318237,1.4584699869155884,0.006111999973654747,0.007435999810695648,0.01067699957638979,0.010071000084280968,0.011620000004768372,1.2125699520111084,1.744230031967163,1.6424000263214111,1.8962299823760986,1.4382599592208862,1.3545500040054321,1.5636399984359741,0.9413999915122986,1.086300015449524,1.1542500257492065
2022-04-14,1.089656949043274,136.60699462890625,0.8304700255393982,1.0175299644470215,1.4621800184249878,1.3691999912261963,1.6023099422454834,125.37699890136719,0.762179970741272,0.9338499903678894,1.3420120477676392,1.2566200494766235,1.470420002937317,0.006058000028133392,0.007449000142514706,0.010679000057280064,0.010014999657869339,0.011714999563992023,1.2252000570297241,1.7605400085449219,1.648460030555725,1.929069995880127,1.4367899894714355,1.345420002937317,1.5743199586868286,0.9363200068473816,1.0956389904022217,1.170009970664978
2022-04-15,1.0820988416671753,136.52999877929688,0.8274999856948853,1.0203200578689575,1.460569977760315,1.3642200231552124,1.5949000120162964,126.17900085449219,0.7651100158691406,0.9429100155830383,1.3494999408721924,1.2603000402450562,1.474179983139038,0.006045000161975622,0.007474000100046396,0.010677999816834927,0.009991999715566635,0.011676999740302563,1.2318799495697021,1.7632800340652466,1.6463099718093872,1.926300048828125,1.431130051612854,1.3367300033569336,1.5631300210952759,0.9340890049934387,1.090999960899353,1.1684620380401611
2022-04-18,1.081525444984436,136.9320068359375,0.8282099962234497,1.0190999507904053,1.4626400470733643,1.364259958267212,1.599679946899414,126.61799621582031,0.7658399939537048,0.9423400163650513,1.3524800539016724,1.2615000009536743,1.479200005531311,0.006027999799698591,0.007441999856382608,0.010660000145435333,0.00995699968189001,0.011680999770760536,1.2303999662399292,1.7658900022506714,1.6470500230789185,1.9312900304794312,1.4350299835205078,1.3384900093078613,1.5694849491119385,0.9326689839363098,1.0936299562454224,1.1724580526351929
2022-04-19,1.0781787633895874,137.02999877929688,0.828499972820282,1.018399953842163,1.4652999639511108,1.3584400415420532,1.5997999906539917,127.0979995727539,0.7686499953269958,0.944599986076355,1.3591400384902954,1.2600200176239014,1.4844900369644165,0.006027999799698591,0.007431999780237675,0.010676000267267227,0.009909000247716904,0.011672000400722027,1.2288899421691895,1.7681399583816528,1.6391500234603882,1.9311599731445312,1.4386210441589355,1.3336999416351318,1.571310043334961,0.9270049929618835,1.0921299457550049,1.1780400276184082
2022-04-20,1.0794472694396973,139.60000610351562,0.8293700218200684,1.0276299715042114,1.4599000215530396,1.3604199886322021,1.5998899936676025,129.33299255371094,0.7684199810028076,0.9520599842071533,1.3524500131607056,1.2603700160980225,1.4822299480438232,0.005923000164330006,0.007360999938100576,0.010440999642014503,0.009743000380694866,0.011455999687314034,1.238860011100769,1.7598700523376465,1.6400699615478516,1.928760051727295,1.4203799962997437,1.3236500024795532,1.5566500425338745,0.9318670034408569,1.095960021018982,1.1758999824523926
2022-04-21,1.0849870443344116,138.88400268554688,0.8299499750137329,1.0296499729156494,1.4572299718856812,1.3547199964523315,1.5993499755859375,128.01300048828125,0.7651799917221069,0.9490000009536743,1.3428230285644531,1.2486200332641602,1.4741699695587158,0.005956999957561493,0.007414000108838081,0.010471999645233154,0.009752999991178513,0.011513999663293362,1.2402900457382202,1.7552800178527832,1.6317600011825562,1.926419973373413,1.4150279760360718,1.3154900074005127,1.5530400276184082,0.9295700192451477,1.0974409580230713,1.180459976196289
2022-04-22,1.0835175514221191,139.12600708007812,0.8317499756813049,1.0332800149917603,1.4718799591064453,1.3639700412750244,1.6113500595092773,128.4080047607422,0.7676799893379211,0.9537000060081482,1.358489990234375,1.2589099407196045,1.4871000051498413,0.00595899997279048,0.0074269999749958515,0.010557999834418297,0.00979899987578392,0.011574000120162964,1.2421799898147583,1.76951003074646,1.6397299766540527,1.9369299411773682,1.4243099689483643,1.319890022277832,1.5591299533843994,0.926609992980957,1.0945500135421753,1.1811399459838867
2022-04-25,1.0811045169830322,139.0279998779297,0.8425999879837036,1.032979965209961,1.4941999912261963,1.3746999502182007,1.6317299604415894,128.60499572753906,0.7793700098991394,0.9556000232696533,1.3818000555038452,1.2720999717712402,1.50941002368927,0.006041000131517649,0.007430000230669975,0.010731000453233719,0.0098879998549819,0.011730999685823917,1.2259800434112549,1.773360013961792,1.6320699453353882,1.9365299940109253,1.4455039501190186,1.331089973449707,1.5794099569320679,0.9201250076293945,1.0920579433441162,1.1864299774169922
2022-04-26,1.0714209079742432,136.86700439453125,0.8408700227737427,1.0266599655151367,1.4925199747085571,1.3644200563430786,1.6186699867248535,127.74400329589844,0.7849299907684326,0.9582899808883667,1.3930490016937256,1.2735600471496582,1.510890007019043,0.006124999839812517,0.007501000072807074,0.010904000140726566,0.009965999983251095,0.01181699987500906,1.220729947090149,1.7745599746704102,1.6223900318145752,1.9247100353240967,1.4534670114517212,1.328819990158081,1.5764600038528442,0.9141719937324524,1.0844700336456299,1.1862200498580933
2022-04-27,1.0643619298934937,135.4499969482422,0.845740020275116,1.0241299867630005,1.4900200366973877,1.363010048866272,1.618690013885498,127.26599884033203,0.7946599721908569,0.9622300267219543,1.3993840217590332,1.2806099653244019,1.5207699537277222,0.00622300012037158,0.0075599998235702515,0.01097899954766035,0.010058999992907047,0.011947999708354473,1.2107199430465698,1.7615000009536743,1.611299991607666,1.9135600328445435,1.4546799659729004,1.3307100534439087,1.5802700519561768,0.9144999980926514,1.0862300395965576,1.1874200105667114
2022-04-28,1.0555092096328735,135.5279998779297,0.841509997844696,1.0224100351333618,1.4811700582504272,1.3524199724197388,1.6132800579071045,128.3939971923828,0.7973300218582153,0.9686700105667114,1.4033700227737427,1.2813999652862549,1.528540015220642,0.0061900001019239426,0.007534999866038561,0.010910999961197376,0.009976999834179878,0.011896000243723392,1.2147200107574463,1.7599899768829346,1.607010006904602,1.9170000553131104,1.4486099481582642,1.3226900100708008,1.5778100490570068,0.9130390286445618,1.0891380310058594,1.1927599906921387
2022-04-29,1.0504201650619507,137.39100646972656,0.8425999879837036,1.0206999778747559,1.4768999814987183,1.3444000482559204,1.6175600290298462,130.81100463867188,0.8023200035095215,0.9717000126838684,1.4067000150680542,1.280460000038147,1.5400999784469604,0.006113000214099884,0.0074280002154409885,0.010733000002801418,0.0097850002348423,0.011765999719500542,1.2111200094223022,1.753100037574768,1.595770001411438,1.919350028038025,1.4473899602890015,1.3174500465393066,1.584589958190918,0.9097869992256165,1.0948400497436523,1.2026499509811401
2022-05-02,1.0535964965820312,136.9709930419922,0.8379499912261963,1.0260000228881836,1.4911099672317505,1.3542399406433105,1.631809949874878,130.01100158691406,0.7953000068664551,0.9741700291633606,1.4153499603271484,1.2853000164031982,1.5489000082015991,0.00609799986705184,0.007493000011891127,0.010866999626159668,0.00988100003451109,0.011905999854207039,1.2247200012207031,1.7794100046157837,1.616029977798462,1.9472600221633911,1.4515889883041382,1.3193399906158447,1.5897599458694458,0.9081199765205383,1.094249963760376,1.2048399448394775
2022-05-03,1.0509058237075806,136.7519989013672,0.8407899737358093,1.027340054512024,1.490779995918274,1.352869987487793,1.6314300298690796,130.11199951171875,0.8001099824905396,0.977840006351471,1.4182389974594116,1.2874000072479248,1.5524799823760986,0.006128999870270491,0.007511999923735857,0.010881000198423862,0.009890000335872173,0.011920000426471233,1.2218199968338013,1.7729400396347046,1.6087499856948853,1.9400899410247803,1.4508730173110962,1.3166699409484863,1.5877100229263306,0.907459020614624,1.0942399501800537,1.205780029296875
2022-05-04,1.0528532266616821,136.9600067138672,0.84197998046875,1.0298999547958374,1.4819999933242798,1.3508299589157104,1.6358599662780762,130.11599731445312,0.7999740242958069,0.9787600040435791,1.4076999425888062,1.2833800315856934,1.55417001247406,0.006128000095486641,0.007521000225096941,0.010804000310599804,0.009855999611318111,0.011943000368773937,1.2233699560165405,1.7599400281906128,1.604140043258667,1.9426000118255615,1.4384139776229858,1.311110019683838,1.58774995803833,0.9114000201225281,1.1037360429763794,1.2108800411224365
2022-05-05,1.0622477531433105,137.2480010986328,0.8417199850082397,1.03357994556427,1.4643900394439697,1.3528200387954712,1.6214200258255005,129.22300720214844,0.7925099730491638,0.9731900095939636,1.3787590265274048,1.2737200260162354,1.526479959487915,0.006111999973654747,0.007530999835580587,0.010648000054061413,0.009851999580860138,0.011800999753177166,1.227810025215149,1.7395100593566895,1.6068799495697021,1.9259300231933594,1.4164509773254395,1.3086299896240234,1.5683399438858032,0.9238150119781494,1.1072100400924683,1.1983400583267212
2022-05-06,1.0539740324020386,137.36700439453125,0.8523899912834167,1.0384999513626099,1.4799000024795532,1.3518400192260742,1.6389600038528442,130.3300018310547,0.8087900280952454,0.9851999878883362,1.4042969942092896,1.2826999425888062,1.5551400184631348,0.006186000071465969,0.007559000048786402,0.01075700018554926,0.009840999729931355,0.011921999976038933,1.2179399728775024,1.736199975013733,1.5855000019073486,1.9221999645233154,1.4251099824905396,1.301550030708313,1.5779900550842285,0.9128000140190125,1.1062999963760376,1.2122700214385986
2022-05-09,1.053219199180603,137.697998046875,0.8546000123023987,1.041700005531311,1.4948500394821167,1.3604700565338135,1.6483099460601807,130.74899291992188,0.8112499713897705,0.989329993724823,1.419044017791748,1.2918200492858887,1.5651400089263916,0.006184999831020832,0.007565999869257212,0.010835000313818455,0.009875999763607979,0.011962000280618668,1.2193800210952759,1.7495399713516235,1.5922199487686157,1.9290800094604492,1.4345899820327759,1.3056199550628662,1.5818599462509155,0.9100000262260437,1.1025630235671997,1.2114499807357788
2022-05-10,1.056579828262329,137.7429962158203,0.8562300205230713,1.0491000413894653,1.5186200141906738,1.3743799924850464,1.6708999872207642,130.3769989013672,0.81045001745224,0.9926999807357788,1.4373199939727783,1.3008400201797485,1.581380009651184,0.006196000147610903,0.007615999784320593,0.011001000180840492,0.009972999803721905,0.012117999605834484,1.2249699831008911,1.773360013961792,1.6048200130462646,1.951069951057434,1.4474200010299683,1.3099700212478638,1.5925099849700928,0.9049850106239319,1.1002899408340454,1.2155699729919434
2022-05-11,1.0532968044281006,137.25999450683594,0.8553000092506409,1.048509955406189,1.518489956855774,1.3721699714660645,1.674049973487854,130.3509979248047,0.8123999834060669,0.9957000017166138,1.4417530298233032,1.3031200170516968,1.5898300409317017,0.006211999803781509,0.007639000192284584,0.011043000034987926,0.009992999956011772,0.01218399964272976,1.2254199981689453,1.7748299837112427,1.603700041770935,1.9558000564575195,1.4480799436569214,1.3085500001907349,1.5964299440383911,0.9035500288009644,1.1023399829864502,1.2198799848556519
2022-05-12,1.05124831199646,136.48300170898438,0.8591300249099731,1.0453599691390991,1.5174100399017334,1.3659900426864624,1.6726800203323364,129.8350067138672,0.8173800110816956,0.9944599866867065,1.4435219764709473,1.2994400262832642,1.5911400318145752,0.006275999825447798,0.007658999878913164,0.011098000220954418,0.010002999566495419,0.012248000130057335,1.2165000438690186,1.7657500505447388,1.5896400213241577,1.9465500116348267,1.451300024986267,1.3064899444580078,1.5997799634933472,0.9001299738883972,1.1023199558258057,1.224410057067871
2022-05-13,1.0379581451416016,133.45799255371094,0.8500499725341797,1.0411100387573242,1.510349988937378,1.351680040359497,1.6612000465393066,128.58799743652344,0.8192600011825562,1.0030499696731567,1.455199956893921,1.3023099899291992,1.6007200479507446,0.006351999938488007,0.007801000028848648,0.01129399985074997,0.010122999548912048,0.012438000179827213,1.2240500450134277,1.7756199836730957,1.589020013809204,1.9536000490188599,1.450410008430481,1.298069953918457,1.595420002937317,0.8949289917945862,1.0999000072479248,1.2289600372314453
2022-05-16,1.0400632619857788,134.60299682617188,0.8483800292015076,1.0423200130462646,1.4972100257873535,1.3423199653625488,1.6537200212478638,129.4320068359375,0.8157600164413452,1.0022300481796265,1.4396400451660156,1.2906999588012695,1.5901000499725342,0.006283000111579895,0.00774300005286932,0.011103999800980091,0.009965999983251095,0.012277999892830849,1.2284799814224243,1.764680027961731,1.5820800065994263,1.9491000175476074,1.4361599683761597,1.2875800132751465,1.5862900018692017,0.8964599967002869,1.1044100522994995,1.2318700551986694
2022-05-17,1.0438958406448364,134.572998046875,0.8467000126838684,1.0457799434661865,1.496999979019165,1.3414000272750854,1.65392005443573,128.92300415039062,0.8113700151443481,1.0017199516296387,1.4341399669647217,1.284999966621399,1.5844299793243408,0.006273000035434961,0.007763000205159187,0.011102000251412392,0.009963000193238258,0.012280000373721123,1.2343699932098389,1.767449975013733,1.5837299823760986,1.9526400566101074,1.4312800168991089,1.282518982887268,1.5812699794769287,0.8959900140762329,1.104699969291687,1.2327899932861328
2022-05-18,1.0547856092453003,136.5399932861328,0.8447700142860413,1.0482200384140015,1.5001699924468994,1.3509000539779663,1.658519983291626,129.45399475097656,0.8009999990463257,0.9937999844551086,1.4219000339508057,1.280809998512268,1.5725500583648682,0.006167000159621239,0.007675999775528908,0.010967999696731567,0.009890000335872173,0.012138999998569489,1.2407900094985962,1.7757500410079956,1.5990400314331055,1.9632799625396729,1.4297970533370972,1.288599967956543,1.5821199417114258,0.9000999927520752,1.1055099964141846,1.2276599407196045
2022-05-19,1.0472739934921265,133.95199584960938,0.8482000231742859,1.0336899757385254,1.5048400163650513,1.3489899635314941,1.6633399724960327,127.91400146484375,0.8099899888038635,0.9871399998664856,1.4369879961013794,1.2884199619293213,1.5884100198745728,0.006312999874353409,0.007716000080108643,0.011215000413358212,0.010067000053822994,0.012409999966621399,1.2182400226593018,1.7739499807357788,1.590459942817688,1.9608099460601807,1.4556000232696533,1.3050800561904907,1.6089600324630737,0.8964999914169312,1.1044000387191772,1.232759952545166
2022-05-20,1.057898759841919,135.2209930419922,0.8487200140953064,1.0284199714660645,1.5022399425506592,1.3560999631881714,1.6575700044631958,127.83200073242188,0.8024299740791321,0.9721800088882446,1.420151948928833,1.2819600105285645,1.5670299530029297,0.006256999913603067,0.0076049999333918095,0.011087000370025635,0.010022000409662724,0.012249999679625034,1.211400032043457,1.7695599794387817,1.5974600315093994,1.9526000022888184,1.460536003112793,1.3184399604797363,1.6116199493408203,0.9026200175285339,1.1034400463104248,1.222190022468567
2022-05-23,1.0569819211959839,135.18299865722656,0.8452500104904175,1.0304499864578247,1.4964200258255005,1.3544100522994995,1.6458899974822998,127.90299987792969,0.7997400164604187,0.9749900102615356,1.415850043296814,1.2812000513076782,1.5572700500488281,0.006233000196516514,0.007613999769091606,0.011051000095903873,0.010014999657869339,0.012164000421762466,1.2190300226211548,1.7702699899673462,1.602220058441162,1.9470399618148804,1.451990008354187,1.3141900300979614,1.5970200300216675,0.904990017414093,1.0998209714889526,1.215090036392212
2022-05-24,1.0682048797607422,136.5590057373047,0.8498899936676025,1.0318299531936646,1.506719946861267,1.3658900260925293,1.6566599607467651,127.84600067138672,0.7957000136375427,0.9659500122070312,1.410640001296997,1.2787100076675415,1.5509899854660034,0.00620400020852685,0.007555000018328428,0.011013000272214413,0.009998000226914883,0.012121000327169895,1.2137700319290161,1.7726999521255493,1.6067099571228027,1.949049949645996,1.4602400064468384,1.3236600160598755,1.6055500507354736,0.9064239859580994,1.0994000434875488,1.212820053100586
2022-05-25,1.0736525058746338,136.06199645996094,0.8557500243186951,1.0306700468063354,1.5110299587249756,1.376230001449585,1.6642299890518188,126.76899719238281,0.7972599864006042,0.9602000117301941,1.4078160524368286,1.2822400331497192,1.5506500005722046,0.0062699997797608376,0.007575000170618296,0.011087000370025635,0.010110000148415565,0.012223999947309494,1.2043399810791016,1.7652000188827515,1.6080600023269653,1.9446699619293213,1.4658299684524536,1.3350800275802612,1.6145600080490112,0.9107099771499634,1.1013799905776978,1.2092100381851196
2022-05-26,1.0686614513397217,135.8719940185547,0.8490300178527832,1.0275100469589233,1.5073299407958984,1.3699300289154053,1.6491800546646118,127.1520004272461,0.794526994228363,0.9615300297737122,1.4105570316314697,1.2820199728012085,1.5432599782943726,0.00622900016605854,0.007561999838799238,0.011071999557316303,0.010079000145196915,0.012128000147640705,1.2100399732589722,1.7749199867248535,1.6132899522781372,1.9420499801635742,1.4667500257492065,1.3331300020217896,1.6047799587249756,0.908810019493103,1.093999981880188,1.2036199569702148
2022-05-27,1.0732953548431396,136.33999633789062,0.8505899906158447,1.028730034828186,1.5118499994277954,1.3708200454711914,1.6555900573730469,127.04499816894531,0.7925599813461304,0.9585599899291992,1.4086899757385254,1.2773000001907349,1.542639970779419,0.006219000089913607,0.007544000167399645,0.011070000007748604,0.0100509999319911,0.012136000208556652,1.20933997631073,1.7769999504089355,1.611449956893921,1.9462100267410278,1.4694299697875977,1.3323500156402588,1.6091300249099731,0.9066849946975708,1.094980001449585,1.207610011100769
2022-05-30,1.0731456279754639,136.58799743652344,0.8497400283813477,1.0276999473571777,1.4986300468444824,1.3653500080108643,1.6422799825668335,127.28500366210938,0.7918699979782104,0.9578499794006348,1.3961000442504883,1.2723699808120728,1.5304330587387085,0.006200999952852726,0.007524999789893627,0.010951000265777111,0.009991999715566635,0.012013999745249748,1.2094800472259521,1.7632999420166016,1.606619954109192,1.9321000576019287,1.4578700065612793,1.328220009803772,1.5976099967956543,0.9109640121459961,1.0955599546432495,1.2027000188827515
2022-05-31,1.0773539543151855,137.66000366210938,0.8518199920654297,1.0322200059890747,1.4971200227737427,1.3632899522781372,1.6426199674606323,127.78399658203125,0.7907000184059143,0.9582300186157227,1.3898149728775024,1.2655199766159058,1.5247900485992432,0.006167999934405088,0.0074970000423491,0.010854999534785748,0.00989999994635582,0.01192300021648407,1.2117400169372559,1.7573200464248657,1.6003400087356567,1.9282399415969849,1.4501789808273315,1.320539951324463,1.5911200046539307,0.9101999998092651,1.0971020460128784,1.204759955406189
2022-06-01,1.0734105110168457,138.1840057373047,0.8513100147247314,1.0299400091171265,1.4944499731063843,1.3566499948501587,1.646589994430542,128.73599243164062,0.7930899858474731,0.9595199823379517,1.3922499418258667,1.2639000415802002,1.5340700149536133,0.006142000202089548,0.007453999947756529,0.010812999680638313,0.009816999547183514,0.011916999705135822,1.2094199657440186,1.7550899982452393,1.5932899713516235,1.9341399669647217,1.4507299661636353,1.3169499635696411,1.5985100269317627,0.9076899886131287,1.101807951927185,1.213670015335083
2022-06-02,1.0654165744781494,138.58399963378906,0.8529899716377258,1.025689959526062,1.4846999645233154,1.349020004272461,1.6434099674224854,130.1219940185547,0.8010799884796143,0.963100016117096,1.3940000534057617,1.2665300369262695,1.5430699586868286,0.006136000156402588,0.007400999777019024,0.010692000389099121,0.009727999567985535,0.011858000420033932,1.2017699480056763,1.7395199537277222,1.5805100202560425,1.9260599613189697,1.4472700357437134,1.3150500059127808,1.6020400524139404,0.9085500240325928,1.1068300008773804,1.2181099653244019
2022-06-03,1.0751069784164429,139.66799926757812,0.8547000288963318,1.0292999744415283,1.4789999723434448,1.3513799905776978,1.6386799812316895,129.91799926757812,0.7949600219726562,0.9574400186538696,1.3757050037384033,1.2569799423217773,1.5242999792099,0.006099999882280827,0.007360000163316727,0.010572000406682491,0.009670999832451344,0.011723999865353107,1.2042100429534912,1.731029987335205,1.580880045890808,1.916700005531311,1.4361629486083984,1.3126100301742554,1.591789960861206,0.9128999710083008,1.1077090501785278,1.2125600576400757
2022-06-06,1.0726046562194824,140.18899536132812,0.8585500121116638,1.0320299863815308,1.488610029220581,1.3497300148010254,1.6476800441741943,130.70700073242188,0.8004930019378662,0.9622600078582764,1.3879400491714478,1.258489966392517,1.5363099575042725,0.0061039999127388,0.007360999938100576,0.010598000138998032,0.009620999917387962,0.011745000258088112,1.2020000219345093,1.7337499856948853,1.5719900131225586,1.9190200567245483,1.4421499967575073,1.3076599836349487,1.5963410139083862,0.9066939949989319,1.1067700386047363,1.2206300497055054
2022-06-07,1.0691413879394531,141.3040008544922,0.8535400032997131,1.0384399890899658,1.4872000217437744,1.3450000286102295,1.6476000547409058,132.17599487304688,0.7985000014305115,0.9713000059127808,1.3910900354385376,1.2580000162124634,1.5418800115585327,0.0060189999639987946,0.007348999846726656,0.010502000339329243,0.00951400026679039,0.011653999797999859,1.2164100408554077,1.742069959640503,1.5755200386047363,1.930999994277954,1.4312289953231812,1.2951099872589111,1.5872399806976318,0.9043099880218506,1.1083409786224365,1.2254300117492676
2022-06-08,1.0698620080947876,142.10400390625,0.8499000072479248,1.0412800312042236,1.4813599586486816,1.3409600257873535,1.649899959564209,132.8470001220703,0.7944499850273132,0.9734899997711182,1.3849259614944458,1.253659963607788,1.5430400371551514,0.005960000213235617,0.007327999919652939,0.010424000211060047,0.00943399965763092,0.011606999672949314,1.2252800464630127,1.7431299686431885,1.5778700113296509,1.9420900344848633,1.4224400520324707,1.2876100540161133,1.5848400592803955,0.9051300287246704,1.1141899824142456,1.2307000160217285
2022-06-09,1.071765422821045,144.07000732421875,0.8546000123023987,1.04899001121521,1.4912699460983276,1.3454300165176392,1.6631699800491333,134.42999267578125,0.7974299788475037,0.9788399934768677,1.3914999961853027,1.2552000284194946,1.551900029182434,0.005911000072956085,0.007280000019818544,0.010331000201404095,0.009335000067949295,0.011532999575138092,1.2269200086593628,1.7439500093460083,1.5736000537872314,1.9459500312805176,1.421429991722107,1.2824300527572632,1.5852899551391602,0.9021199941635132,1.1151700019836426,1.2360299825668335
2022-06-10,1.0619205236434937,142.72999572753906,0.8499900102615356,1.0410699844360352,1.49590003490448,1.348870038986206,1.662969946861267,134.41799926757812,0.8004500269889832,0.980400025844574,1.408810019493103,1.2702699899673462,1.565999984741211,0.005934999790042639,0.007294000126421452,0.010463000275194645,0.009445000439882278,0.011641999706625938,1.2247799634933472,1.7600799798965454,1.5868099927902222,1.9562100172042847,1.4367400407791138,1.2954100370407104,1.597000002861023,0.9016000032424927,1.1115210056304932,1.2327200174331665
2022-06-13,1.0489987134933472,141.40499877929688,0.8545100092887878,1.0378299951553345,1.494480013847351,1.3423399925231934,1.6550999879837036,134.81399536132812,0.8146700263023376,0.9894499778747559,1.4248499870300293,1.2797600030899048,1.5779600143432617,0.006022999994456768,0.007338999770581722,0.01054800022393465,0.009487000294029713,0.01169699989259243,1.214400053024292,1.7488399744033813,1.5707099437713623,1.936710000038147,1.4398399591445923,1.2932300567626953,1.5945600271224976,0.8980699777603149,1.107395052909851,1.232890009880066
2022-06-14,1.0415147542953491,139.79200744628906,0.857450008392334,1.0379899740219116,1.5003700256347656,1.342479944229126,1.6597299575805664,134.22500610351562,0.8234000205993652,0.9966650009155273,1.4405900239944458,1.2890000343322754,1.5935200452804565,0.006113999988883734,0.007424999959766865,0.010711999610066414,0.009599000215530396,0.011870999820530415,1.210379958152771,1.749459981918335,1.5652899742126465,1.9351400136947632,1.4451899528503418,1.2930899858474731,1.598615050315857,0.8944000005722046,1.105299949645996,1.2361479997634888
2022-06-15,1.0440592765808105,141.21499633789062,0.8689000010490417,1.0432699918746948,1.5153800249099731,1.3510899543762207,1.6763700246810913,135.29400634765625,0.8324599862098694,0.9994999766349792,1.4514000415802002,1.2944799661636353,1.6059600114822388,0.006134000141173601,0.007387999910861254,0.010708999820053577,0.009564000181853771,0.011858999729156494,1.2005399465560913,1.7436800003051758,1.5547000169754028,1.9288699626922607,1.4522850513458252,1.2949199676513672,1.6065700054168701,0.8914229869842529,1.1062500476837158,1.2405500411987305
2022-06-16,1.0456204414367676,140.218994140625,0.8587999939918518,1.0398900508880615,1.490090012550354,1.3459800481796265,1.6616400480270386,134.11500549316406,0.821399986743927,0.9946200251579285,1.425130009651184,1.2873400449752808,1.589169979095459,0.006105000153183937,0.007414999883621931,0.010607000440359116,0.009592999704182148,0.011839999817311764,1.2106800079345703,1.7349400520324707,1.5671000480651855,1.9345300197601318,1.4327399730682373,1.2941700220108032,1.5976200103759766,0.9032710194587708,1.1150699853897095,1.234339952468872
2022-06-17,1.0546854734420776,139.66400146484375,0.853600025177002,1.0195300579071045,1.4979699850082397,1.3660900592803955,1.6580100059509277,132.42100524902344,0.8094000220298767,0.9667400121688843,1.4203540086746216,1.2953799962997437,1.5721499919891357,0.006093999836593866,0.007298999931663275,0.01070799957960844,0.00977800041437149,0.011862999759614468,1.194200038909912,1.7544599771499634,1.6000800132751465,1.9420000314712524,1.468999981880188,1.3397400379180908,1.6260199546813965,0.9119099974632263,1.106909990310669,1.21356999874115
2022-06-20,1.049141764640808,141.9149932861328,0.853600025177002,1.017109990119934,1.5090199708938599,1.3638399839401245,1.6584500074386597,135.2760009765625,0.8177800178527832,0.9695600271224976,1.4382280111312866,1.3000500202178955,1.580880045890808,0.006025000009685755,0.0071669998578727245,0.010614999569952488,0.009608999826014042,0.011673999950289726,1.1854699850082397,1.758810043334961,1.58951997756958,1.9328500032424927,1.4821399450302124,1.340690016746521,1.630270004272461,0.9036999940872192,1.0987910032272339,1.2158700227737427
2022-06-21,1.0520778894424438,142.10699462890625,0.8585000038146973,1.017300009727478,1.5093499422073364,1.3656100034713745,1.6599199771881104,135.08700561523438,0.8162099719047546,0.9671000242233276,1.4348230361938477,1.2981799840927124,1.577929973602295,0.006022000219672918,0.007160000037401915,0.010602000169456005,0.009604999795556068,0.01167100016027689,1.184880018234253,1.7575900554656982,1.5902999639511108,1.9326000213623047,1.483180046081543,1.3419300317764282,1.6311399936676025,0.9047219753265381,1.0996500253677368,1.2153899669647217
2022-06-22,1.053263545036316,143.51800537109375,0.8585799932479858,1.017359972000122,1.512850046157837,1.3617000579833984,1.667199969291687,136.2689971923828,0.8152199983596802,0.9660199880599976,1.4364099502563477,1.2931900024414062,1.5828289985656738,0.005960999988019466,0.007089000195264816,0.010518999770283699,0.009484999813139439,0.011614999733865261,1.1848599910736084,1.7614200115203857,1.5857399702072144,1.9415899515151978,1.486799955368042,1.3386600017547607,1.6385200023651123,0.9002699851989746,1.1013000011444092,1.223870038986206
2022-06-23,1.0564124584197998,143.67999267578125,0.8622000217437744,1.0156999826431274,1.529670000076294,1.3692899942398071,1.6843700408935547,136.0240020751953,0.8162699937820435,0.9617499709129333,1.4481799602508545,1.2963800430297852,1.5946400165557861,0.005981000140309334,0.007069999817758799,0.010626000352203846,0.00952600035816431,0.011714999563992023,1.1781400442123413,1.7740299701690674,1.587980031967163,1.9533900022506714,1.505620002746582,1.3477599620819092,1.6578600406646729,0.8950600028038025,1.1010769605636597,1.229990005493164
2022-06-24,1.052011489868164,141.8459930419922,0.8579199910163879,1.0112899541854858,1.523900032043457,1.3661500215530396,1.6735700368881226,134.83999633789062,0.8156099915504456,0.961359977722168,1.4485399723052979,1.2987099885940552,1.590790033340454,0.006029000040143728,0.0071299998089671135,0.010723999701440334,0.009631999768316746,0.011788000352680683,1.1785199642181396,1.775820016860962,1.5919500589370728,1.9495999813079834,1.505797028541565,1.3507200479507446,1.65447998046875,0.8965029716491699,1.0981899499893188,1.2247999906539917
2022-06-27,1.0566133260726929,142.697998046875,0.8601999878883362,1.011389970779419,1.5217000246047974,1.3626699447631836,1.6726000308990479,135.06199645996094,0.8141700029373169,0.95728999376297,1.4402199983596802,1.2897100448608398,1.583709955215454,0.006006999872624874,0.0070870001800358295,0.010641000233590603,0.00954500027000904,0.011713000014424324,1.1756700277328491,1.76882004737854,1.5839500427246094,1.9450299739837646,1.5042799711227417,1.3470699787139893,1.6541399955749512,0.8954399824142456,1.099573016166687,1.2278399467468262
2022-06-28,1.0580891370773315,143.29400634765625,0.8626000285148621,1.0115000009536743,1.528380036354065,1.3617500066757202,1.6809699535369873,135.43499755859375,0.8151699900627136,0.9561600089073181,1.4445600509643555,1.2869000434875488,1.5887900590896606,0.005998999811708927,0.007060999982059002,0.010648000054061413,0.009499000385403633,0.011721000075340271,1.1729999780654907,1.7714999914169312,1.5781999826431274,1.948889970779419,1.5103399753570557,1.3456699848175049,1.6611299514770508,0.8909400105476379,1.0997300148010254,1.2343000173568726
2022-06-29,1.0523545742034912,143.1580047607422,0.8632400035858154,1.0066900253295898,1.524150013923645,1.3545900583267212,1.6871099472045898,136.0469970703125,0.820360004901886,0.9566900134086609,1.4483519792556763,1.2872999906539917,1.603309988975525,0.006010999903082848,0.007031999994069338,0.010627999901771545,0.009457999840378761,0.011777999810874462,1.166100025177002,1.7652299404144287,1.5690100193023682,1.9541900157928467,1.5136499404907227,1.34538996219635,1.6756600141525269,0.8887839913368225,1.107069969177246,1.245360016822815
2022-06-30,1.04465913772583,142.677001953125,0.8611999750137329,0.9966899752616882,1.5183700323104858,1.3458199501037598,1.678030014038086,136.58900451660156,0.8242800235748291,0.9541800022125244,1.4533900022506714,1.2883299589157104,1.6064000129699707,0.006016999948769808,0.00698600010946393,0.010625000111758709,0.009428000077605247,0.011761999689042568,1.1573200225830078,1.7630499601364136,1.5625900030136108,1.948390007019043,1.5231900215148926,1.3500399589538574,1.683359980583191,0.8862400054931641,1.1050399541854858,1.2467700242996216
2022-07-01,1.0477677583694458,142.26400756835938,0.8615400195121765,1.0006599426269531,1.5189599990844727,1.3487800359725952,1.6790399551391602,135.78599548339844,0.8223099708557129,0.9550899863243103,1.449779987335205,1.287369966506958,1.602489948272705,0.0060350000858306885,0.007034000009298325,0.010676000267267227,0.009476999752223492,0.011789999902248383,1.1612900495529175,1.7627500295639038,1.5654089450836182,1.9479000568389893,1.5177040100097656,1.3477360010147095,1.6775799989700317,0.8878999948501587,1.105370044708252,1.2446500062942505
2022-07-04,1.0433948040008545,140.8939971923828,0.8622000217437744,1.0,1.5307199954986572,1.343999981880188,1.6803100109100342,135.04299926757812,0.826259970664978,0.9584000110626221,1.4671800136566162,1.288599967956543,1.6106200218200684,0.006099000107496977,0.007089999970048666,0.010843999683856964,0.009538000449538231,0.01191600039601326,1.1600500345230103,1.7753000259399414,1.5594700574874878,1.9489799737930298,1.5302690267562866,1.3441699743270874,1.6799299716949463,0.878250002861023,1.0976500511169434,1.249690055847168
2022-07-05,1.0433186292648315,141.71600341796875,0.8611699938774109,1.0023900270462036,1.5177199840545654,1.341380000114441,1.6784100532531738,135.83999633789062,0.8254600167274475,0.9608299732208252,1.454800009727478,1.285730004310608,1.6088299751281738,0.006056999787688255,0.007073000073432922,0.010688000358641148,0.009464999660849571,0.011831999756395817,1.1639100313186646,1.7622599601745605,1.5574400424957275,1.9487899541854858,1.5128589868545532,1.3379700183868408,1.6741700172424316,0.8837350010871887,1.1058800220489502,1.2511500120162964
2022-07-06,1.0257673263549805,139.00799560546875,0.8583300113677979,0.9934300184249878,1.5099400281906128,1.3369799852371216,1.6636500358581543,135.52099609375,0.8368800282478333,0.9684979915618896,1.472059965133667,1.3034800291061401,1.6218199729919434,0.006155999843031168,0.0071470001712441444,0.010846000164747238,0.009614000096917152,0.01196100004017353,1.157189965248108,1.7588499784469604,1.5573300123214722,1.9376699924468994,1.519670009613037,1.3456000089645386,1.6742299795150757,0.8854339718818665,1.1017299890518188,1.2440999746322632
2022-07-07,1.0186411142349243,138.4499969482422,0.8540599942207336,0.9880599975585938,1.50108003616333,1.3274999856948853,1.6548000574111938,135.96600341796875,0.838699996471405,0.9702000021934509,1.4736219644546509,1.3034000396728516,1.6246949434280396,0.006147999782115221,0.00712599977850914,0.01081900019198656,0.009583000093698502,0.011946000158786774,1.1566100120544434,1.757349967956543,1.5539100170135498,1.9382100105285645,1.5190800428390503,1.3434300422668457,1.6754599809646606,0.8842800259590149,1.1029599905014038,1.2470300197601318
2022-07-08,1.0169836282730103,138.18699645996094,0.8452399969100952,0.9900799989700317,1.4842000007629395,1.3185299634933472,1.6450999975204468,135.91299438476562,0.8313900232315063,0.973800003528595,1.4600670337677002,1.2965999841690063,1.6183600425720215,0.006095999851822853,0.007164999842643738,0.010722000151872635,0.009541000239551067,0.011895000003278255,1.1711499691009521,1.75600004196167,1.5594899654388428,1.9464000463485718,1.4994080066680908,1.3315199613571167,1.6617000102996826,0.8876990079879761,1.1081199645996094,1.247849941253662
2022-07-11,1.0166114568710327,138.55599975585938,0.8459500074386597,0.9938799738883972,1.484910011291504,1.3161499500274658,1.6432600021362305,136.30099487304688,0.8321800231933594,0.9777299761772156,1.4607499837875366,1.294700026512146,1.616529941558838,0.00608500000089407,0.007172999903559685,0.010695000179111958,0.00949500035494566,0.01184799987822771,1.1747599840164185,1.7551599740982056,1.5556399822235107,1.942270040512085,1.492537021636963,1.3240000009536743,1.653059959411621,0.8862199783325195,1.1064800024032593,1.2484099864959717
2022-07-12,1.004752516746521,138.00999450683594,0.8442000150680542,0.9872999787330627,1.4898899793624878,1.305609941482544,1.6410200595855713,137.38800048828125,0.8402699828147888,0.9827399849891663,1.48294997215271,1.2994799613952637,1.633370041847229,0.00609700009226799,0.007153000216931105,0.01077600009739399,0.009453999809920788,0.011881000362336636,1.1694300174713135,1.7647099494934082,1.546339988708496,1.9436500072479248,1.5088499784469604,1.3221700191497803,1.661870002746582,0.8762249946594238,1.1013200283050537,1.256809949874878
2022-07-13,1.0033109188079834,137.14500427246094,0.8444300293922424,0.9848799705505371,1.486590027809143,1.3071000576019287,1.6381100416183472,136.7259979248047,0.8419100046157837,0.9818699955940247,1.4821399450302124,1.303130030632019,1.6331299543380737,0.006138000171631575,0.007180999964475632,0.010820000432431698,0.009526999667286873,0.011932999826967716,1.166059970855713,1.7602100372314453,1.5476399660110474,1.939560055732727,1.5092400312423706,1.3270200490951538,1.6630699634552002,0.8791700005531311,1.101855993270874,1.2531100511550903
2022-07-14,1.0032706260681152,138.0780029296875,0.8456500172615051,0.984000027179718,1.4901700019836426,1.3043500185012817,1.6423200368881226,137.6280059814453,0.8428999781608582,0.9807999730110168,1.485376000404358,1.300089955329895,1.6370400190353394,0.0061039999127388,0.00712599977850914,0.010773999616503716,0.009441999718546867,0.011882999911904335,1.1633399724960327,1.7619199752807617,1.542080044746399,1.941789984703064,1.514240026473999,1.3253300189971924,1.6687400341033936,0.8752130270004272,1.10207998752594,1.2590199708938599
2022-07-15,1.0025665760040283,139.32899475097656,0.8466600179672241,0.9854599833488464,1.4838000535964966,1.314210057258606,1.6353199481964111,138.9669952392578,0.8446199893951416,0.9829999804496765,1.4804099798202515,1.3107999563217163,1.6312400102615356,0.006058000028133392,0.007071999832987785,0.010633000172674656,0.009429999627172947,0.011729000136256218,1.163599967956543,1.7525399923324585,1.5517799854278564,1.931149959564209,1.5058430433273315,1.3335000276565552,1.6592799425125122,0.8855100274085999,1.101770043373108,1.2442200183868408
2022-07-18,1.009631872177124,139.63600158691406,0.8490999937057495,0.9846000075340271,1.4817999601364136,1.3133599758148193,1.6303000450134277,138.31399536132812,0.841159999370575,0.975600004196167,1.4673999547958374,1.3009400367736816,1.61558997631073,0.006060999818146229,0.007052999921143055,0.010591000318527222,0.009399999864399433,0.01167299970984459,1.159600019454956,1.7447999715805054,1.5464400053024292,1.9205000400543213,1.50308096408844,1.3333300352096558,1.655809998512268,0.8861219882965088,1.1006879806518555,1.241760015487671
2022-07-19,1.0145177841186523,140.22900390625,0.8489000201225281,0.9916999936103821,1.4896600246429443,1.3169000148773193,1.648650050163269,138.22900390625,0.8369399905204773,0.9775000214576721,1.4683860540390015,1.2981300354003906,1.6251699924468994,0.0060350000858306885,0.007073000073432922,0.010603000409901142,0.00938700046390295,0.011745000258088112,1.1677199602127075,1.7543599605560303,1.5503900051116943,1.9415899515151978,1.5017800331115723,1.3276300430297852,1.6620999574661255,0.8839499950408936,1.1067160367965698,1.2518099546432495
2022-07-20,1.0231330394744873,141.38400268554688,0.8522999882698059,0.9911699891090393,1.4832700490951538,1.3167599439620972,1.641219973564148,138.1909942626953,0.8330900073051453,0.9688000082969666,1.4496999979019165,1.2870899438858032,1.6042100191116333,0.006008000113070011,0.007011000066995621,0.010471999645233154,0.009309999644756317,0.011599999852478504,1.1627399921417236,1.7401299476623535,1.5446200370788574,1.9253699779510498,1.4954700469970703,1.328279972076416,1.6555800437927246,0.8874179720878601,1.106274962425232,1.2462799549102783
2022-07-21,1.0182781219482422,140.91600036621094,0.8505799770355225,0.989109992980957,1.478369951248169,1.3119200468063354,1.6357500553131104,138.39500427246094,0.8353000283241272,0.9714699983596802,1.451930046081543,1.2883000373840332,1.606369972229004,0.006016999948769808,0.007019000127911568,0.010471000336110592,0.009305000305175781,0.011598999612033367,1.1627999544143677,1.7379499673843384,1.541949987411499,1.9227700233459473,1.4944100379943848,1.326069951057434,1.653380036354065,0.8873819708824158,1.1062990427017212,1.2467000484466553
2022-07-22,1.0221081972122192,140.12600708007812,0.8518999814987183,0.987500011920929,1.4762799739837646,1.316349983215332,1.6370099782943726,137.09800720214844,0.8335999846458435,0.9661999940872192,1.4444810152053833,1.2877999544143677,1.601539969444275,0.006060999818146229,0.007046999875456095,0.010514999739825726,0.009387999773025513,0.011673999950289726,1.159000039100647,1.7326300144195557,1.544819951057434,1.9210100173950195,1.4947400093078613,1.332759976387024,1.6573100090026855,0.891539990901947,1.1086499691009521,1.2433899641036987
2022-07-25,1.0200231075286865,139.03199768066406,0.8508800268173218,0.982200026512146,1.4771599769592285,1.3179999589920044,1.6361299753189087,136.31199645996094,0.8342400193214417,0.9629999995231628,1.4482899904251099,1.2924599647521973,1.6041300296783447,0.006099999882280827,0.007065999787300825,0.010603999719023705,0.009476999752223492,0.011760000139474869,1.1544599533081055,1.7357699871063232,1.549049973487854,1.9223999977111816,1.5033520460128784,1.3416600227355957,1.6652040481567383,0.8923640251159668,1.1075600385665894,1.2410000562667847
2022-07-26,1.022494912147522,139.46800231933594,0.8479999899864197,0.9857199788093567,1.4706799983978271,1.313730001449585,1.6335200071334839,136.43099975585938,0.8295199871063232,0.9642900228500366,1.438599944114685,1.2850699424743652,1.59784996509552,0.006062000058591366,0.0070569999516010284,0.010526999831199646,0.00941499974578619,0.011711000464856625,1.1622400283813477,1.7338000535964966,1.5485999584197998,1.9259999990463257,1.4917199611663818,1.3324899673461914,1.656849980354309,0.8932290077209473,1.1105899810791016,1.2432299852371216
2022-07-27,1.0129557847976685,138.73500061035156,0.8414899706840515,0.9746000170707703,1.4579399824142456,1.3039799928665161,1.622879981994629,136.97000122070312,0.830780029296875,0.9622399806976318,1.439389944076538,1.287369966506958,1.6022299528121948,0.006045000161975622,0.007023999933153391,0.010489000007510185,0.00939599983394146,0.01169699989259243,1.1580599546432495,1.7324399948120117,1.5494500398635864,1.928380012512207,1.4956899881362915,1.3377699851989746,1.664929986000061,0.8943520188331604,1.1130399703979492,1.2444299459457397
2022-07-28,1.0209290981292725,138.91099548339844,0.8390499949455261,0.9776999950408936,1.4591100215911865,1.308019995689392,1.630370020866394,136.11099243164062,0.822160005569458,0.9581900238990784,1.4296129941940308,1.2817100286483765,1.5973700284957886,0.006020000204443932,0.007040000054985285,0.010479999706149101,0.009411999955773354,0.011727999895811081,1.165310025215149,1.7386000156402588,1.5587199926376343,1.9426699876785278,1.4917099475860596,1.3374199867248535,1.6668200492858887,0.8964800238609314,1.1172599792480469,1.2461600303649902
2022-07-29,1.0192328691482544,136.97300720214844,0.8371999859809875,0.9727299809455872,1.45632004737854,1.3052599430084229,1.6188199520111084,134.39700317382812,0.8214600086212158,0.9544199705123901,1.4284000396728516,1.2806999683380127,1.5883899927139282,0.00609100004658103,0.0071020000614225864,0.010610000230371952,0.00952600035816431,0.011807000264525414,1.161810040473938,1.7393100261688232,1.5589200258255005,1.9334100484848022,1.4969160556793213,1.3416600227355957,1.6639599800109863,0.8961799740791321,1.1114699840545654,1.2401000261306763
2022-08-01,1.0208247900009155,136.15499877929688,0.8381999731063843,0.9726600050926208,1.4640100002288818,1.3079500198364258,1.625380039215088,133.40699768066406,0.8218700289726257,0.9530699849128723,1.4344700574874878,1.281559944152832,1.592579960823059,0.006140999961644411,0.007143999915570021,0.010734999552369118,0.009600999765098095,0.01193000003695488,1.1592999696731567,1.7452600002288818,1.5591700077056885,1.9375699758529663,1.504930019378662,1.3445099592208862,1.6708099842071533,0.89336097240448,1.1101100444793701,1.2425700426101685
2022-08-02,1.0261356830596924,135.0019989013672,0.8373200297355652,0.9749000072479248,1.4608099460601807,1.3177900314331055,1.6204899549484253,131.57200622558594,0.8160499930381775,0.9501000046730042,1.4237099885940552,1.284309983253479,1.5793299674987793,0.006182000041007996,0.007222999818623066,0.010799000039696693,0.009755999781191349,0.011994999833405018,1.1641700267791748,1.7441699504852295,1.57368004322052,1.93517005443573,1.497879981994629,1.3512500524520874,1.6616499423980713,0.9020100235939026,1.1092699766159058,1.229599952697754
2022-08-03,1.015568733215332,135.44400024414062,0.8362799882888794,0.9732999801635742,1.4737000465393066,1.308769941329956,1.6322200298309326,133.37899780273438,0.8235200047492981,0.9584800004959106,1.451315999031067,1.288789987564087,1.6073800325393677,0.006155000068247318,0.007185999769717455,0.010862999595701694,0.00965800043195486,0.012041999958455563,1.163640022277832,1.7620600461959839,1.5646599531173706,1.951509952545166,1.513890027999878,1.3444600105285645,1.6768399477005005,0.8879799842834473,1.1074299812316895,1.2470699548721313
2022-08-04,1.015764594078064,136.06199645996094,0.8366000056266785,0.9762300252914429,1.4639099836349487,1.3055299520492554,1.6205899715423584,133.96200561523438,0.8238400220870972,0.9611899852752686,1.4411300420761108,1.2853599786758423,1.5955599546432495,0.006130000110715628,0.0071749999187886715,0.010737000033259392,0.009589999914169312,0.011903000064194202,1.1666100025177002,1.7490999698638916,1.5600500106811523,1.9365400075912476,1.4993400573730469,1.3371200561523438,1.659809947013855,0.8917199969291687,1.1069200038909912,1.2412099838256836
2022-08-05,1.024779200553894,135.8990020751953,0.8427900075912476,0.977649986743927,1.4724899530410767,1.318809986114502,1.627269983291626,132.62100219726562,0.8224700093269348,0.9540799856185913,1.436946988105774,1.287019968032837,1.5880299806594849,0.006180999800562859,0.007193999830633402,0.010812999680638313,0.009697999805212021,0.011963999830186367,1.1598999500274658,1.7467800378799438,1.5646100044250488,1.9305599927902222,1.505797028541565,1.348770022392273,1.6642400026321411,0.8956199884414673,1.1052199602127075,1.2337700128555298
2022-08-08,1.0170871019363403,137.35800170898438,0.8434000015258789,0.9785799980163574,1.4734100103378296,1.316480040550232,1.6299400329589844,135.0570068359375,0.8292199969291687,0.9622399806976318,1.4487500190734863,1.294450044631958,1.6026400327682495,0.006118999794125557,0.0071229999884963036,0.010708999820053577,0.009580999612808228,0.01185499969869852,1.1603200435638428,1.7470099925994873,1.5608999729156494,1.9319000244140625,1.5042120218276978,1.3451100587844849,1.6653900146484375,0.8933899998664856,1.1061099767684937,1.2379499673843384
2022-08-09,1.0197629928588867,137.4949951171875,0.8437700271606445,0.9737799763679504,1.4593000411987305,1.310960054397583,1.6212600469589233,134.83999633789062,0.827489972114563,0.9548799991607666,1.4310859441757202,1.2856999635696411,1.5899800062179565,0.006118000019341707,0.007073000073432922,0.010595999658107758,0.009530999697744846,0.01178400032222271,1.1536600589752197,1.728950023651123,1.5535600185394287,1.9212499856948853,1.4982600212097168,1.346060037612915,1.664639949798584,0.8983200192451477,1.110990047454834,1.236549973487854
2022-08-10,1.0208144187927246,138.01300048828125,0.8454999923706055,0.9740099906921387,1.4677499532699585,1.3154000043869019,1.6240299940109253,135.18699645996094,0.8282099962234497,0.9541699886322021,1.437399983406067,1.2885899543762207,1.5908900499343872,0.0061079999431967735,0.0070569999516010284,0.010614999569952488,0.009529000148177147,0.011757999658584595,1.151729941368103,1.7354899644851685,1.5550999641418457,1.9194999933242798,1.5066699981689453,1.3503199815750122,1.6670700311660767,0.8960260152816772,1.106469988822937,1.2344499826431274
2022-08-11,1.0300782918930054,136.8070068359375,0.8432999849319458,0.9706000089645386,1.4540200233459473,1.315619945526123,1.6077200174331665,132.8300018310547,0.8187999725341797,0.942300021648407,1.4127999544143677,1.277400016784668,1.5609400272369385,0.006146000232547522,0.0070859999395906925,0.010610000230371952,0.009611999616026878,0.011742999777197838,1.1506600379943848,1.7237299680709839,1.5595500469207764,1.9055999517440796,1.4967819452285767,1.355329990386963,1.6560790538787842,0.9038270115852356,1.105679988861084,1.2218149900436401
2022-08-12,1.0316723585128784,137.25399780273438,0.8459799885749817,0.9716299772262573,1.4530999660491943,1.3173099756240845,1.6040400266647339,132.99400329589844,0.8199300169944763,0.94132000207901,1.4078760147094727,1.2762900590896606,1.5541900396347046,0.006144999992102385,0.0070779998786747456,0.010563000105321407,0.009597999975085258,0.011675000190734863,1.1481000185012817,1.7166999578475952,1.5564899444580078,1.8952800035476685,1.4951930046081543,1.3555699586868286,1.6506199836730957,0.9063000082969666,1.1038800477981567,1.2175300121307373
2022-08-15,1.0256409645080566,136.67799377441406,0.8453999757766724,0.9657099843025208,1.4408600330352783,1.310439944267273,1.5899200439453125,133.28799438476562,0.8245400190353394,0.9417999982833862,1.405150055885315,1.2779500484466553,1.550510048866272,0.006165999919176102,0.007065999787300825,0.010521000251173973,0.009583000093698502,0.011629999615252018,1.1421300172805786,1.7040799856185913,1.549780011177063,1.8803199529647827,1.4917999505996704,1.356760025024414,1.6461299657821655,0.9093899726867676,1.1033929586410522,1.2131500244140625
2022-08-16,1.0161981582641602,135.31121826171875,0.8427000045776367,0.9611999988555908,1.4475500583648682,1.311269998550415,1.5961999893188477,133.14300537109375,0.8294000029563904,0.9459599852561951,1.4245009422302246,1.2903599739074707,1.5716099739074707,0.006209999788552523,0.007104000076651573,0.010679000057280064,0.009688000194728374,0.011792999692261219,1.1404000520706177,1.717020034790039,1.555690050125122,1.8946499824523926,1.504438042640686,1.364009976387024,1.6612199544906616,0.9057999849319458,1.1032170057296753,1.2177599668502808
2022-08-17,1.0170663595199585,136.57200622558594,0.8406000137329102,0.9658399820327759,1.4488799571990967,1.3063900470733643,1.6034200191497803,134.27699279785156,0.8265699744224548,0.9496600031852722,1.4246230125427246,1.284540057182312,1.5764399766921997,0.006136000156402588,0.007071999832987785,0.010590000078082085,0.009561000391840935,0.011733000166714191,1.1487200260162354,1.7231999635696411,1.5536799430847168,1.9070199728012085,1.499809980392456,1.3523600101470947,1.6597599983215332,0.9016180038452148,1.1066800355911255,1.2271900177001953
2022-08-18,1.0180189609527588,137.32899475097656,0.8450000286102295,0.9682999849319458,1.4684699773788452,1.314650058746338,1.621559977531433,134.94400024414062,0.8302099704742432,0.9513400197029114,1.4429179430007935,1.2917799949645996,1.5933500528335571,0.006132999900728464,0.0070409998297691345,0.010672999545931816,0.009566999971866608,0.011806000024080276,1.145740032196045,1.7377400398254395,1.555590033531189,1.9180999994277954,1.5153809785842896,1.357699990272522,1.6745179891586304,0.8948000073432922,1.1042399406433105,1.2332170009613037
2022-08-19,1.0089900493621826,137.01199340820312,0.8454800248146057,0.9651899933815002,1.4599299430847168,1.3063100576400757,1.6156699657440186,135.7949981689453,0.8380299806594849,0.9565899968147278,1.4469269514083862,1.2947100400924683,1.6012799739837646,0.006144999992102385,0.007044000085443258,0.010634999722242355,0.009530000388622284,0.011784999631345272,1.1412999629974365,1.7263100147247314,1.544600009918213,1.910580039024353,1.5123790502548218,1.3532999753952026,1.67385995388031,0.894756019115448,1.106819987297058,1.2366600036621094
2022-08-22,1.0035223960876465,137.51499938964844,0.8490800261497498,0.9617999792098999,1.4591200351715088,1.3045099973678589,1.6247299909591675,137.04100036621094,0.8461599946022034,0.9588000178337097,1.4541000127792358,1.300029993057251,1.6191190481185913,0.006153999827802181,0.006996000185608864,0.010591000318527222,0.00948300026357174,0.01180499978363514,1.1330000162124634,1.7183500528335571,1.5357999801635742,1.9127000570297241,1.516414999961853,1.3557300567626953,1.6885000467300415,0.8939499855041504,1.113427996635437,1.2453299760818481
2022-08-23,0.9939467906951904,136.6999969482422,0.8446699976921082,0.9585300087928772,1.4449199438095093,1.2968499660491943,1.6090799570083618,137.54600524902344,0.8498700261116028,0.9643999934196472,1.4537630081176758,1.3048100471496582,1.6189899444580078,0.006159000098705292,0.007011000066995621,0.01054999977350235,0.009484999813139439,0.011760000139474869,1.134660005569458,1.7103099822998047,1.5351699590682983,1.904770016670227,1.5071200132369995,1.3527400493621826,1.6784390211105347,0.8974999785423279,1.1136900186538696,1.240630030632019
2022-08-24,0.9966909885406494,136.27699279785156,0.8424100279808044,0.9611899852752686,1.4399399757385254,1.291509985923767,1.6055599451065063,136.73300170898438,0.8451099991798401,0.9643800258636475,1.4444600343704224,1.295799970626831,1.611009955406189,0.006161999888718128,0.007052999921143055,0.010546999983489513,0.009476999752223492,0.011772999539971352,1.1408699750900269,1.7090599536895752,1.5329500436782837,1.905650019645691,1.497499942779541,1.3435300588607788,1.6702300310134888,0.896399974822998,1.114300012588501,1.2430399656295776
2022-08-25,0.9969095587730408,136.63999938964844,0.8452000021934509,0.963100016117096,1.4432599544525146,1.2928400039672852,1.6117000579833984,137.08099365234375,0.8480499982833862,0.9664599895477295,1.44760000705719,1.297029972076416,1.6176799535751343,0.006165999919176102,0.007040000054985285,0.010541999712586403,0.009457999840378761,0.01179600041359663,1.1394799947738647,1.7071499824523926,1.5292400121688843,1.9073100090026855,1.497979998588562,1.341879963874817,1.6736400127410889,0.8955399990081787,1.1173399686813354,1.2470999956130981
2022-08-26,0.9971283078193665,136.16600036621094,0.8432899713516235,0.9608399868011475,1.4318300485610962,1.289989948272705,1.603950023651123,136.56300354003906,0.8457369804382324,0.9636499881744385,1.435960054397583,1.2937599420547485,1.6085699796676636,0.006173000205308199,0.007056000176817179,0.010494999587535858,0.009468000382184982,0.01177200023084879,1.1391500234603882,1.6974999904632568,1.529360055923462,1.9018100500106812,1.4899200201034546,1.3423999547958374,1.6690200567245483,0.9009439945220947,1.1194000244140625,1.243190050125122
2022-08-29,0.993867814540863,137.30099487304688,0.8497999906539917,0.9625099897384644,1.4472299814224243,1.2980300188064575,1.6257200241088867,137.52000427246094,0.8550999760627747,0.968500018119812,1.4562599658966064,1.306130051612854,1.6358599662780762,0.0061690001748502254,0.007009999826550484,0.010518999770283699,0.009449999779462814,0.011830000206828117,1.1325000524520874,1.7028100490570068,1.5272200107574463,1.9127600193023682,1.502403974533081,1.3483699560165405,1.688770055770874,0.8968589901924133,1.122499942779541,1.2523200511932373
2022-08-30,1.0014019012451172,138.7310028076172,0.8539999723434448,0.968209981918335,1.4492700099945068,1.301550030708313,1.6248699426651,138.5959930419922,0.8530600070953369,0.9671199917793274,1.447700023651123,1.300130009651184,1.6231900453567505,0.006134999915957451,0.006978000048547983,0.010425000451505184,0.009375999681651592,0.01170399971306324,1.1337499618530273,1.6969200372695923,1.5240000486373901,1.902590036392212,1.4965360164642334,1.3440699577331543,1.6779600381851196,0.8980730175971985,1.1211700439453125,1.248289942741394
2022-08-31,1.0025062561035156,139.07000732421875,0.8597400188446045,0.9762899875640869,1.4617899656295776,1.3121299743652344,1.634719967842102,138.73399353027344,0.8576499819755554,0.9739199876785278,1.458279013633728,1.3089499473571777,1.6307400465011597,0.006161999888718128,0.007019999902695417,0.010491999797523022,0.009430999867618084,0.011746999807655811,1.135390043258667,1.7000399827957153,1.525879979133606,1.9012099504470825,1.4971200227737427,1.343809962272644,1.6742199659347534,0.8975300192832947,1.1181800365447998,1.2457200288772583
2022-09-01,1.003905177116394,139.83200073242188,0.8654900193214417,0.9829000234603882,1.4697999954223633,1.319219946861267,1.642799973487854,139.29600524902344,0.8621799945831299,0.9790700078010559,1.4644500017166138,1.3141200542449951,1.6363400220870972,0.006169999949634075,0.007029000204056501,0.010494000278413296,0.009428000077605247,0.011746999807655811,1.1354800462722778,1.6982699632644653,1.5238399505615234,1.8976600170135498,1.4945449829101562,1.342039942741394,1.6711100339889526,0.8973000049591064,1.117419958114624,1.2450799942016602
2022-09-02,0.995232880115509,139.4040069580078,0.8616300225257874,0.9765599966049194,1.46451997756958,1.30840003490448,1.6354600191116333,140.08099365234375,0.865880012512207,0.9812899827957153,1.4716049432754517,1.3144999742507935,1.6434099674224854,0.0061610001139342785,0.0070050000213086605,0.010487999767065048,0.009379999712109566,0.011721000075340271,1.1331000328063965,1.6992700099945068,1.518049955368042,1.8977500200271606,1.4981269836425781,1.3396400213241577,1.6745799779891968,0.8930000066757202,1.116819977760315,1.249899983406067
2022-09-05,0.9909427762031555,139.20399475097656,0.86353999376297,0.9743199944496155,1.4592100381851196,1.3023200035095215,1.6280399560928345,140.48699951171875,0.8714900016784668,0.9833499789237976,1.4726899862289429,1.31427001953125,1.643030047416687,0.006184000056236982,0.0069989999756217,0.010462000034749508,0.009349999949336052,0.011687999591231346,1.128250002861023,1.689769983291626,1.5079200267791748,1.8851699829101562,1.4974700212478638,1.3363699913024902,1.6707099676132202,0.8923199772834778,1.1155699491500854,1.250040054321289
2022-09-06,0.9952229857444763,139.72799682617188,0.8603000044822693,0.9736999869346619,1.4608500003814697,1.3063700199127197,1.6296600103378296,140.42999267578125,0.8645700216293335,0.9783999919891357,1.467566967010498,1.3128999471664429,1.637869954109192,0.006138000171631575,0.0069679999724030495,0.01043500006198883,0.009344999678432941,0.011656000278890133,1.1317299604415894,1.697909951210022,1.5184299945831299,1.894219994544983,1.4990259408950806,1.3415499925613403,1.673550009727478,0.8938999772071838,1.1157170534133911,1.2473499774932861
2022-09-07,0.9897951483726501,141.6790008544922,0.859749972820282,0.9740999937057495,1.4706000089645386,1.3019399642944336,1.6405099630355835,143.1510009765625,0.8686699867248535,0.9845200181007385,1.485859990119934,1.3153799772262573,1.6575499773025513,0.006047999951988459,0.006876999977976084,0.010359000414609909,0.009189000353217125,0.01157000008970499,1.133239984512329,1.7100600004196167,1.5137200355529785,1.9079400300979614,1.509060025215149,1.3359800577163696,1.683419942855835,0.8852199912071228,1.1155099868774414,1.2599400281906128
2022-09-08,0.9995701909065247,144.05599975585938,0.8675900101661682,0.9764699935913086,1.4804999828338623,1.3124899864196777,1.648800015449524,144.1280059814453,0.8680700063705444,0.9769600033760071,1.4811739921569824,1.3129899501800537,1.6494799852371216,0.006002999842166901,0.006777999922633171,0.010258999653160572,0.009105999954044819,0.011443999595940113,1.1252700090408325,1.7061400413513184,1.5123000144958496,1.8999899625778198,1.5159300565719604,1.343809962272644,1.6881970167160034,0.8864269852638245,1.1136599779129028,1.256160020828247
2022-09-09,1.0012015104293823,143.99000549316406,0.8689000010490417,0.9693999886512756,1.4794000387191772,1.309340000152588,1.6482000350952148,143.8560028076172,0.8679350018501282,0.9686499834060669,1.4780000448226929,1.3080799579620361,1.6473380327224731,0.006014000158756971,0.006723000202327967,0.010254000313580036,0.009089999832212925,0.011442000046372414,1.1157000064849854,1.7024999856948853,1.5066499710083008,1.8971999883651733,1.5256799459457397,1.3502999544143677,1.7004499435424805,0.8845000267028809,1.1144399642944336,1.2591899633407593
2022-09-12,1.0071406364440918,143.60499572753906,0.8667100071907043,0.9666699767112732,1.470960021018982,1.3115899562835693,1.6474299430847168,142.5959930419922,0.8606299757957458,0.9599199891090393,1.460494041442871,1.302299976348877,1.6358799934387207,0.006016000173985958,0.006730999797582626,0.010223000310361385,0.009128999896347523,0.011464999988675117,1.1152399778366089,1.6970000267028809,1.5126999616622925,1.9005999565124512,1.5214699506759644,1.3566399812698364,1.704010009765625,0.8914279937744141,1.119860053062439,1.255929946899414
2022-09-13,1.0129557847976685,144.4239959716797,0.8662599921226501,0.9651700258255005,1.4693100452423096,1.3148000240325928,1.647860050201416,142.5850067138672,0.8554499745368958,0.9527999758720398,1.4505399465560913,1.2979899644851685,1.626889944076538,0.005979999899864197,0.006682999897748232,0.010154999792575836,0.009099000133574009,0.011402999982237816,1.113569974899292,1.6951299905776978,1.516759991645813,1.901610016822815,1.5219299793243408,1.3619600534439087,1.7069599628448486,0.8948000073432922,1.1215169429779053,1.253190040588379
2022-09-14,0.9982032775878906,144.10499572753906,0.8670899868011475,0.9585999846458435,1.480049967765808,1.3136800527572632,1.661810040473938,144.4040069580078,0.8690999746322632,0.9603300094604492,1.4830189943313599,1.3162599802017212,1.6652499437332153,0.0059980000369250774,0.006649999879300594,0.010250999592244625,0.009112000465393066,0.011521999724209309,1.1047099828720093,1.705880045890808,1.5139199495315552,1.9158899784088135,1.5429719686508179,1.3704299926757812,1.7336100339889526,0.8873680233955383,1.1227600574493408,1.2648899555206299
2022-09-15,0.9984025359153748,142.6699981689453,0.8645899891853333,0.9603700041770935,1.4784499406814575,1.3137999773025513,1.6590900421142578,142.92300415039062,0.8661800026893616,0.9618939757347107,1.4810869693756104,1.3160500526428223,1.6619900465011597,0.006041999906301498,0.006730999797582626,0.010344999842345715,0.009204000234603882,0.011621000245213509,1.1104199886322021,1.7096500396728516,1.5189000368118286,1.9184999465942383,1.5382250547409058,1.3677400350570679,1.7272599935531616,0.8885200023651123,1.1220899820327759,1.2627300024032593
2022-09-16,0.9988313317298889,143.19000244140625,0.8721299767494202,0.9607999920845032,1.4935699701309204,1.3229000568389893,1.6758999824523926,143.36500549316406,0.8731600046157837,0.9617999792098999,1.4953720569610596,1.3246999979019165,1.6785000562667847,0.006070000119507313,0.0067079998552799225,0.01041099987924099,0.009235999546945095,0.01169699989259243,1.1014200448989868,1.7122999429702759,1.5172200202941895,1.9222500324249268,1.5544359683990479,1.3772799968719482,1.744860053062439,0.8855000138282776,1.1225099563598633,1.266759991645813
2022-09-19,1.002234935760498,143.0760040283203,0.8765599727630615,0.9652799963951111,1.4900200366973877,1.3286999464035034,1.6715099811553955,142.76499938964844,0.8746500015258789,0.9632099866867065,1.4865469932556152,1.325819969177246,1.667889952659607,0.006107000168412924,0.00674699991941452,0.010394000448286533,0.009282000362873077,0.011680000461637974,1.1011099815368652,1.6997100114822388,1.515660047531128,1.9067100286483765,1.5433100461959839,1.376270055770874,1.7313300371170044,0.8916869759559631,1.121690034866333,1.2578799724578857
2022-09-20,1.0029587745666504,143.63699340820312,0.8763499855995178,0.9668400287628174,1.4893399477005005,1.3282099962234497,1.680780053138733,143.22300720214844,0.8738800287246704,0.9640899896621704,1.4850679636001587,1.3243399858474731,1.6759400367736816,0.006082000210881233,0.006730999797582626,0.010352999903261662,0.009240999817848206,0.011700999923050404,1.1031299829483032,1.6986500024795532,1.5151000022888184,1.9176299571990967,1.5402100086212158,1.373520016670227,1.7382400035858154,0.8917279839515686,1.1284689903259277,1.2653700113296509
2022-09-21,0.997078537940979,143.17747497558594,0.876010000705719,0.9610000252723694,1.4891999959945679,1.332200050354004,1.6892999410629272,143.6020050048828,0.8786900043487549,0.963699996471405,1.4938299655914307,1.336300015449524,1.6943700313568115,0.006099000107496977,0.0067010000348091125,0.010381000116467476,0.00930199958384037,0.011792000383138657,1.096709966659546,1.6998399496078491,1.5209100246429443,1.9281200170516968,1.5497299432754517,1.3865599632263184,1.7577400207519531,0.8944000005722046,1.1341300010681152,1.2675700187683105
2022-09-22,0.983071506023407,141.8730010986328,0.8732799887657166,0.9514999985694885,1.4871400594711304,1.3250000476837158,1.6865400075912476,144.3159942626953,0.8884199857711792,0.9679399728775024,1.51283597946167,1.3478699922561646,1.715440034866333,0.006136999931186438,0.006705999840050936,0.010482000187039375,0.009339000098407269,0.011880000121891499,1.0893499851226807,1.702489972114563,1.5167700052261353,1.9306800365447998,1.5628000497817993,1.3924200534820557,1.772130012512207,0.8908370137214661,1.1339999437332153,1.2725900411605835
2022-09-23,0.9841550588607788,139.99899291992188,0.8733999729156494,0.9599999785423279,1.4806400537490845,1.3253799676895142,1.6823400259017944,142.27999877929688,0.8877699971199036,0.9757000207901001,1.5047999620437622,1.3471100330352783,1.7099000215530396,0.006219000089913607,0.006856999825686216,0.010552000254392624,0.009460999630391598,0.012006999924778938,1.0987600088119507,1.694640040397644,1.5172799825668335,1.9259099960327148,1.5420440435409546,1.3804199695587158,1.7522000074386597,0.895110011100769,1.13618004322052,1.2691999673843384
2022-09-26,0.968992292881012,139.00100708007812,0.8970999717712402,0.9516000151634216,1.4830800294876099,1.3154000043869019,1.6868499517440796,143.51100158691406,0.9261500239372253,0.9824100136756897,1.5312299728393555,1.3580800294876099,1.7415800094604492,0.006434999871999025,0.006845000199973583,0.010652000084519386,0.009463000111281872,0.012129000388085842,1.0604900121688843,1.652959942817688,1.4660199880599976,1.8799999952316284,1.5584579706192017,1.3822400569915771,1.772570013999939,0.8868709802627563,1.1375999450683594,1.2822599411010742
2022-09-27,0.9623712301254272,139.0030059814453,0.8932099938392639,0.9546399712562561,1.4866399765014648,1.319309949874878,1.6985000371932983,144.45899963378906,0.9282600283622742,0.9921299815177917,1.5441629886627197,1.3710600137710571,1.7650699615478516,0.006405999884009361,0.006868000142276287,0.01067500002682209,0.009486000053584576,0.012211999855935574,1.0683900117874146,1.6637200117111206,1.476639986038208,1.9009599685668945,1.5569289922714233,1.3817600011825562,1.7788200378417969,0.8870999813079834,1.141700029373169,1.2872300148010254
2022-09-28,0.9596191644668579,138.83299255371094,0.8944799900054932,0.9514700174331665,1.4911799430847168,1.316849946975708,1.7037700414657593,144.6909942626953,0.9321799874305725,0.9915199875831604,1.5532770156860352,1.372249960899353,1.7757600545883179,0.006422999780625105,0.006852999795228243,0.01071999967098236,0.009480999782681465,0.012261999770998955,1.0635700225830078,1.6664199829101562,1.4717400074005127,1.90447998046875,1.5654350519180298,1.383679986000061,1.7904599905014038,0.8830230236053467,1.1425600051879883,1.2938599586486816
2022-09-29,0.9708172082901001,140.1739959716797,0.8958500027656555,0.9489799737930298,1.4924499988555908,1.3229399919509888,1.6975599527359009,144.3979949951172,0.9228500127792358,0.977620005607605,1.5372799634933472,1.3627899885177612,1.748710036277771,0.006372000090777874,0.006769999861717224,0.010646999813616276,0.009437000378966331,0.012101000174880028,1.0591200590133667,1.6654900312423706,1.4762799739837646,1.8945000171661377,1.5723270177841187,1.3938599824905396,1.7885600328445435,0.8863999843597412,1.1374720335006714,1.2830599546432495
2022-09-30,0.9829555749893188,141.96200561523438,0.880020022392273,0.9582599997520447,1.5098799467086792,1.3440699577331543,1.7116800546646118,144.43099975585938,0.8952999711036682,0.9749299883842468,1.5353909730911255,1.3674499988555908,1.7414599657058716,0.006180000025779009,0.006750000175088644,0.010617000050842762,0.009463000111281872,0.01205000001937151,1.0886800289154053,1.7154300212860107,1.5270500183105469,1.9444999694824219,1.5743069648742676,1.402400016784668,1.7859699726104736,0.8900899887084961,1.1338640451431274,1.2733900547027588
2022-10-03,0.9792688488960266,141.80499267578125,0.8789499998092651,0.9651299715042114,1.525320053100586,1.3500699996948242,1.7427699565887451,144.8159942626953,0.8976200222969055,0.9856500029563904,1.5573999881744385,1.378730058670044,1.7798000574111938,0.006178999785333872,0.0068060001358389854,0.010734999552369118,0.009518000297248363,0.01228800043463707,1.0977799892425537,1.7349599599838257,1.5355700254440308,1.9816999435424805,1.5800600051879883,1.3985999822616577,1.8053499460220337,0.8845999836921692,1.1416000127792358,1.2907500267028809
2022-10-04,0.9832068681716919,142.08299255371094,0.8673999905586243,0.9757800102233887,1.5121300220489502,1.339859962463379,1.7188999652862549,144.5189971923828,0.8822900056838989,0.9925600290298462,1.5380359888076782,1.3628100156784058,1.7483700513839722,0.00608400022611022,0.006868000142276287,0.010622000321745872,0.009425999596714973,0.012089000083506107,1.1247400045394897,1.7428900003433228,1.5442399978637695,1.9813599586486816,1.5493600368499756,1.372920036315918,1.761299967765808,0.8860200047492981,1.1368099451065063,1.282770037651062
2022-10-05,0.998432457447052,143.5540008544922,0.8718299865722656,0.9771400094032288,1.532670021057129,1.3483699560165405,1.7401200532913208,143.78700256347656,0.8732600212097168,0.9786900281906128,1.5351309776306152,1.350540041923523,1.7429800033569336,0.006051000207662582,0.006806999910622835,0.010676000267267227,0.009393000043928623,0.012110999785363674,1.1205699443817139,1.7575900554656982,1.5461499691009521,1.9956799745559692,1.5671520233154297,1.379796028137207,1.7807300090789795,0.8796229958534241,1.135409951210022,1.2904499769210815
2022-10-06,0.9910998940467834,143.1479949951172,0.8725200295448303,0.9726399779319763,1.521589994430542,1.3476799726486206,1.7157700061798096,144.44900512695312,0.8806399703025818,0.9813200235366821,1.5354620218276978,1.359779953956604,1.7312999963760376,0.006076000165194273,0.006794000044465065,0.010608999989926815,0.009410999715328217,0.011981000192463398,1.1140400171279907,1.7430299520492554,1.5439499616622925,1.965649962425232,1.5627440214157104,1.3853800296783447,1.7637900114059448,0.8852999806404114,1.1274900436401367,1.273010015487671
2022-10-07,0.9789045453071594,141.9709930419922,0.8769199848175049,0.9690899848937988,1.5259900093078613,1.3450900316238403,1.7291699647903442,145.03900146484375,0.8958899974822998,0.9899700284004211,1.5589900016784668,1.3740999698638916,1.766569972038269,0.006155999843031168,0.0068259998224675655,0.010727999731898308,0.009469999931752682,0.012168999761343002,1.1049699783325195,1.7399200201034546,1.5336099863052368,1.971519947052002,1.574455976486206,1.387779951095581,1.7840299606323242,0.8814039826393127,1.1330599784851074,1.2854199409484863
2022-10-10,0.9735012650489807,141.61700439453125,0.9789999723434448,0.9678999781608582,1.5304499864578247,1.3367199897766113,1.7361600399017334,145.48199462890625,0.9031199812889099,0.9945600032806396,1.5699000358581543,1.3732099533081055,1.7835500240325928,0.0061889998614788055,0.006835999898612499,0.010785999707877636,0.00943399965763092,0.013651999644935131,1.1010799407958984,1.7406599521636963,1.5202699899673462,1.9745500087738037,1.580590009689331,1.3805099725723267,1.793030023574829,0.8733199834823608,1.1342799663543701,1.2986899614334106
2022-10-11,0.9710057377815247,141.44200134277344,0.876579999923706,0.9705100059509277,1.542449951171875,1.3374899625778198,1.7424099445343018,145.6739959716797,0.9028199911117554,0.9995099902153015,1.588610053062439,1.377500057220459,1.7945599555969238,0.006178000010550022,0.006850999779999256,0.010885999538004398,0.009452000260353088,0.012311999686062336,1.106950044631958,1.7593899965286255,1.5255099534988403,1.9874199628829956,1.5892189741134644,1.3779799938201904,1.7952200174331665,0.8670340180397034,1.1296199560165405,1.3026700019836426
2022-10-12,0.9700167775154114,141.49099731445312,0.8843600153923035,0.9677000045776367,1.5480200052261353,1.337730050086975,1.7368899583816528,145.8699951171875,0.9117599725723267,0.9976000189781189,1.595810055732727,1.3791500329971313,1.7905700206756592,0.006231999956071377,0.006839000154286623,0.010920999571681023,0.009449999779462814,0.012268999591469765,1.0939199924468994,1.7500200271606445,1.5124000310897827,1.963539958000183,1.599329948425293,1.3822100162506104,1.7945200204849243,0.8641809821128845,1.1219619512557983,1.2981799840927124
2022-10-13,0.9707984328269958,142.4429931640625,0.8741000294685364,0.9682300090789795,1.5464799404144287,1.3410999774932861,1.72993004322052,146.73699951171875,0.9004499912261963,0.9973899722099304,1.5930399894714355,1.3815699815750122,1.7820899486541748,0.00611699977889657,0.0067969998344779015,0.010835000313818455,0.009410999715328217,0.012133000418543816,1.107409954071045,1.7689299583435059,1.5340499877929688,1.978790044784546,1.5969339609146118,1.384950041770935,1.786460041999817,0.8671600222587585,1.1185400485992432,1.2897800207138062
2022-10-14,0.975134015083313,143.88999938964844,0.8642699718475342,0.9783700108528137,1.5512800216674805,1.3443299531936646,1.7326699495315552,147.29299926757812,0.8846499919891357,1.0014100074768066,1.587049961090088,1.3760099411010742,1.7733299732208252,0.005985999945551157,0.006798999849706888,0.010758999735116959,0.009337999857962132,0.012028999626636505,1.1318600177764893,1.794510006904602,1.5551700592041016,2.0042600631713867,1.5853500366210938,1.3738600015640259,1.7705899477005005,0.8665000200271606,1.1168999671936035,1.2886500358581543
2022-10-17,0.973937451839447,144.7480010986328,0.8662999868392944,0.9771999716758728,1.5650500059127808,1.3493000268936157,1.7465399503707886,148.6320037841797,0.8893499970436096,1.0036699771881104,1.6066999435424805,1.3854999542236328,1.7934000492095947,0.00596500001847744,0.006752000190317631,0.010811000131070614,0.009317000396549702,0.012059999629855156,1.1283700466156006,1.8070000410079956,1.557629942893982,2.0162100791931152,1.6002559661865234,1.3802800178527832,1.7866499423980713,0.86183100938797,1.1152000427246094,1.2942899465560913
2022-10-18,0.9846396446228027,146.63600158691406,0.8669999837875366,0.9797999858856201,1.563099980354309,1.3497999906539917,1.7401000261306763,148.9709930419922,0.8807500004768372,0.9955000281333923,1.5875999927520752,1.3712899684906006,1.7678200006484985,0.0058929999358952045,0.006684000138193369,0.010641999542713165,0.009204000234603882,0.011859999969601631,1.1302200555801392,1.8025000095367432,1.556399941444397,2.0068199634552,1.5928640365600586,1.3770999908447266,1.7752900123596191,0.8632569909095764,1.1133099794387817,1.2890299558639526
2022-10-19,0.9863878488540649,147.1699981689453,0.86940997838974,0.9800099730491638,1.5615299940109253,1.3538299798965454,1.7320300340652466,149.20899963378906,0.8815000057220459,0.9936800003051758,1.5831799507141113,1.3726199865341187,1.7559900283813477,0.005888999905437231,0.006659000180661678,0.010591999627649784,0.00919399969279766,0.011761999689042568,1.1269899606704712,1.795609951019287,1.55663001537323,1.9916599988937378,1.591596007347107,1.3811800479888916,1.7669600248336792,0.866940975189209,1.1091599464416504,1.279189944267273
2022-10-20,0.9766482710838318,146.31199645996094,0.8710899949073792,0.9812099933624268,1.5591599941253662,1.3450299501419067,1.7247600555419922,149.8209991455078,0.891979992389679,1.0048099756240845,1.596500039100647,1.3772799968719482,1.7659399509429932,0.005932999774813652,0.006705999840050936,0.01063700020313263,0.009189000353217125,0.011777999810874462,1.1261800527572632,1.7893199920654297,1.5438300371170044,1.9793000221252441,1.5881199836730957,1.3700599670410156,1.756700038909912,0.8626000285148621,1.1061400175094604,1.2820700407028198
2022-10-21,0.9778899550437927,146.8419952392578,0.8711400032043457,0.9818000197410583,1.558419942855835,1.3471299409866333,1.7249000072479248,150.17599487304688,0.8911499977111816,1.0038100481033325,1.5937000513076782,1.3777300119400024,1.7639199495315552,0.005913999862968922,0.006684999912977219,0.010611999779939651,0.009173000231385231,0.011737000197172165,1.126170039176941,1.7878400087356567,1.5452899932861328,1.9791300296783447,1.58719003200531,1.3720999956130981,1.7567100524902344,0.8643900156021118,1.1066800355911255,1.2801899909973145
2022-10-24,0.9860085844993591,145.72799682617188,0.8690299987792969,0.9838299751281738,1.5471199750900269,1.3453500270843506,1.7104400396347046,147.81900024414062,0.8814700245857239,0.9978799819946289,1.569390058517456,1.3646199703216553,1.734910011291504,0.005940000060945749,0.006748999934643507,0.010592999868094921,0.009220999665558338,0.011722000315785408,1.1318999528884888,1.7800300121307373,1.5478800535202026,1.9679399728775024,1.5722800493240356,1.3672300577163696,1.7382500171661377,0.8694239854812622,1.1053400039672852,1.271239995956421
2022-10-25,0.9886503219604492,147.1790008544922,0.8740900158882141,0.9880399703979492,1.5618699789047241,1.3538800477981567,1.7329000234603882,148.88699340820312,0.8843500018119812,0.9994000196456909,1.5798790454864502,1.3695199489593506,1.75285005569458,0.005919999908655882,0.006711999885737896,0.010588999837636948,0.009197999723255634,0.01176500041037798,1.1298199892044067,1.7862399816513062,1.5484299659729004,1.9818400144577026,1.5804530382156372,1.3700799942016602,1.7535699605941772,0.8668000102043152,1.109449028968811,1.2797800302505493
2022-10-26,0.9963731169700623,147.43099975585938,0.8691999912261963,0.9909999966621399,1.5601600408554077,1.3566299676895142,1.7348500490188599,147.97999572753906,0.8724300265312195,0.9946699738502502,1.5659990310668945,1.3616700172424316,1.741189956665039,0.005874999798834324,0.00672100018709898,0.010564000345766544,0.009197000414133072,0.011756000109016895,1.1400099992752075,1.7947900295257568,1.560610055923462,1.9955799579620361,1.5725740194320679,1.3688000440597534,1.750309944152832,0.8689000010490417,1.1118799448013306,1.2785899639129639
2022-10-27,1.009193778038025,147.46400451660156,0.8670799732208252,0.9939799904823303,1.5540900230407715,1.367650032043457,1.7273999452590942,146.13400268554688,0.8592399954795837,0.985010027885437,1.5400019884109497,1.3552000522613525,1.7123299837112427,0.005859999917447567,0.006730999797582626,0.010518999770283699,0.009270000271499157,0.011711999773979187,1.1462299823760986,1.7920500040054321,1.5769799947738647,1.9925999641418457,1.563207983970642,1.3756599426269531,1.7382099628448486,0.8799300193786621,1.1118299961090088,1.2634199857711792
2022-10-28,0.9967803955078125,145.79299926757812,0.86176997423172,0.9871500134468079,1.5451600551605225,1.3520300388336182,1.7101800441741943,146.2740020751953,0.8646000027656555,0.9904400110244751,1.5501699447631836,1.3564499616622925,1.7158499956130981,0.005890000145882368,0.006769999861717224,0.010577999986708164,0.009267999790608883,0.01172299962490797,1.1452699899673462,1.7926900386810303,1.568519949913025,1.984320044517517,1.5649800300598145,1.3694000244140625,1.7322100400924683,0.8749920129776001,1.1068600416183472,1.2648299932479858
2022-10-31,0.9955002665519714,147.13800048828125,0.858430027961731,0.9918199777603149,1.5550700426101685,1.3545900583267212,1.7157000303268433,147.81199645996094,0.8623700141906738,0.9964100122451782,1.5621800422668457,1.3608100414276123,1.7235699892044067,0.005816999822854996,0.00674099987372756,0.010568000376224518,0.009205999784171581,0.011661999858915806,1.1552599668502808,1.811269998550415,1.577720046043396,1.9984099864959717,1.5676900148391724,1.36558997631073,1.7296299934387207,0.870989978313446,1.1032299995422363,1.2664599418640137
2022-11-01,0.9886307716369629,147.02999877929688,0.8621000051498413,0.9900500178337097,1.542240023612976,1.3455499410629272,1.6971399784088135,148.73699951171875,0.8719800114631653,1.0014100074768066,1.560086965560913,1.3610700368881226,1.7166800498962402,0.005843000020831823,0.006732000038027763,0.010468999855220318,0.009146999567747116,0.011540999636054039,1.1481800079345703,1.7890299558639526,1.5608500242233276,1.9685499668121338,1.5564199686050415,1.3588999509811401,1.7138500213623047,0.8720999956130981,1.1000479459762573,1.2610900402069092
2022-11-02,0.9877909421920776,146.12399291992188,0.8596699833869934,0.9876000285148621,1.5441399812698364,1.3451800346374512,1.6889599561691284,147.9149932861328,0.8703600168228149,0.9997000098228455,1.5633059740066528,1.361799955368042,1.7100199460983276,0.0058639999479055405,0.006759000010788441,0.010549000464379787,0.009202999994158745,0.011549999937415123,1.1483700275421143,1.7959500551223755,1.5645699501037598,1.9644700288772583,1.563249945640564,1.3618899583816528,1.7099499702453613,0.8711000084877014,1.093772053718567,1.2554899454116821
2022-11-03,0.9814409017562866,145.12600708007812,0.8617600202560425,0.9845499992370605,1.5483100414276123,1.3459399938583374,1.6880300045013428,147.89199829101562,0.8784000277519226,1.0032800436019897,1.5776599645614624,1.3715200424194336,1.7201600074768066,0.005919000133872032,0.006783000193536282,0.010648000054061413,0.009270000271499157,0.011620000004768372,1.1420199871063232,1.7955399751663208,1.5611900091171265,1.9580600261688232,1.5710920095443726,1.3668999671936035,1.7143499851226807,0.8692499995231628,1.0902600288391113,1.25409996509552
2022-11-04,0.9749630093574524,144.66200256347656,0.8726800084114075,0.9880099892616272,1.5503599643707275,1.3397300243377686,1.6901799440383911,148.39300537109375,0.8951600193977356,1.0134199857711792,1.5901999473571777,1.3742400407791138,1.7333400249481201,0.006012000143527985,0.006829000078141689,0.010696999728679657,0.009255999699234962,0.01167299970984459,1.1319799423217773,1.7762399911880493,1.5349700450897217,1.9362800121307373,1.5689469575881958,1.355870008468628,1.7103500366210938,0.8641390204429626,1.0901800394058228,1.2611900568008423
2022-11-07,0.9928810596466064,145.78500366210938,0.8761399984359741,0.989300012588501,1.5418000221252441,1.3415299654006958,1.684380054473877,146.84100341796875,0.8824899792671204,0.9967399835586548,1.5529600381851196,1.3512500524520874,1.6965800523757935,0.0059739998541772366,0.006787000223994255,0.010575000196695328,0.009201000444591045,0.01155299972742796,1.1293400526046753,1.7596039772033691,1.5309799909591675,1.922279953956604,1.5577800273895264,1.3554400205612183,1.7018200159072876,0.8699899911880493,1.0924149751663208,1.2554500102996826
2022-11-08,1.0018634796142578,146.88600158691406,0.8697900176048279,0.9908000230789185,1.5472400188446045,1.3517800569534302,1.6864900588989258,146.62399291992188,0.8682100176811218,0.9888799786567688,1.544450044631958,1.3493499755859375,1.6834499835968018,0.0059009999968111515,0.006744000129401684,0.010511999949812889,0.009197999723255634,0.011479999870061874,1.1388800144195557,1.778730034828186,1.5540000200271606,1.9387600421905518,1.5603059530258179,1.3643699884414673,1.7021700143814087,0.8736230134963989,1.0898799896240234,1.2474700212478638
2022-11-09,1.008084774017334,146.45599365234375,0.8725299835205078,0.9924100041389465,1.5485899448394775,1.3522100448608398,1.6904900074005127,145.2949981689453,0.8655999898910522,0.9844499826431274,1.5362900495529175,1.341539978981018,1.6769499778747559,0.0059369998052716255,0.006775999907404184,0.01055500004440546,0.009228999726474285,0.01153900008648634,1.1371300220489502,1.7744100093841553,1.5492199659347534,1.9370299577713013,1.5601600408554077,1.3624199628829956,1.7029900550842285,0.8732089996337891,1.091439962387085,1.2498500347137451
2022-11-10,1.0019538402557373,146.468994140625,0.8812999725341797,0.9854599833488464,1.5578399896621704,1.3552000522613525,1.702049970626831,146.20899963378906,0.8796499967575073,0.9835000038146973,1.5542000532150269,1.3526500463485718,1.6988600492477417,0.00599699979647994,0.00672800000756979,0.010614999569952488,0.009246000088751316,0.011614000424742699,1.1177899837493896,1.7671799659729004,1.5370800495147705,1.9310799837112427,1.580603003501892,1.375,1.7269200086593628,0.8698109984397888,1.0924710035324097,1.2558200359344482
2022-11-11,1.0192224979400635,144.44200134277344,0.8713099956512451,0.9834499955177307,1.5426299571990967,1.358680009841919,1.693560004234314,141.73399353027344,0.8550199866294861,0.9649099707603455,1.5135689973831177,1.333150029182434,1.6617399454116821,0.006012999918311834,0.006808000151067972,0.010660000145435333,0.00940600037574768,0.011718000285327435,1.1285300254821777,1.7700300216674805,1.5588799715042114,1.9432200193405151,1.5682339668273926,1.3812799453735352,1.7217199802398682,0.8806999921798706,1.09784996509552,1.2463200092315674
2022-11-14,1.0328551530838013,144.1280059814453,0.8752999901771545,0.9749699831008911,1.5417399406433105,1.3699699640274048,1.6916099786758423,139.55299377441406,0.8475199937820435,0.9440500140190125,1.492799997329712,1.3253999948501587,1.6379200220108032,0.0060789999552071095,0.006763999816030264,0.010697999969124794,0.009504999965429306,0.011735999956727028,1.1137700080871582,1.7612199783325195,1.568600058555603,1.9323699474334717,1.5810799598693848,1.4049299955368042,1.7348300218582153,0.8885470032691956,1.0971299409866333,1.2346500158309937
2022-11-15,1.0319278240203857,144.58099365234375,0.8780199885368347,0.9734200239181519,1.542009949684143,1.374899983406067,1.694390058517456,140.11500549316406,0.8508830070495605,0.9431999921798706,1.4943439960479736,1.3324700593948364,1.6420400142669678,0.006053999997675419,0.006732999812811613,0.010642999783158302,0.009504999965429306,0.011711000464856625,1.1083600521087646,1.755660057067871,1.565600037574768,1.9292900562286377,1.582779049873352,1.412310004234314,1.740399956703186,0.8916400074958801,1.0988399982452393,1.2321900129318237
2022-11-16,1.0357863903045654,143.9290008544922,0.8718000054359436,0.9765899777412415,1.5298800468444824,1.3748400211334229,1.6798399686813354,138.96499633789062,0.8417199850082397,0.9429100155830383,1.477213978767395,1.3273500204086304,1.621899962425232,0.006037000101059675,0.006785000208765268,0.010614000260829926,0.009549999609589577,0.011660999618470669,1.1200900077819824,1.754639983177185,1.5767899751663208,1.9265899658203125,1.5663100481033325,1.407580018043518,1.719849944114685,0.8985840082168579,1.097936987876892,1.2217299938201904
2022-11-17,1.0395010709762573,144.8000030517578,0.8722100257873535,0.9815499782562256,1.5421899557113647,1.3859699964523315,1.689869999885559,139.32200622558594,0.8392599821090698,0.944379985332489,1.4837900400161743,1.333549976348877,1.625939965248108,0.006004000082612038,0.006777999922633171,0.010630999691784382,0.009566999971866608,0.011660000309348106,1.1250900030136108,1.7677500247955322,1.5886900424957275,1.9370299577713013,1.5709799528121948,1.4119000434875488,1.7214800119400024,0.898705005645752,1.0958199501037598,1.2191400527954102
2022-11-18,1.036172866821289,145.4810028076172,0.8733299970626831,0.9873999953269958,1.5489399433135986,1.3802399635314941,1.690500020980835,140.41200256347656,0.8431599736213684,0.9526799917221069,1.4949469566345215,1.3321399688720703,1.6316100358963013,0.005985999945551157,0.006785999983549118,0.010626999661326408,0.009484999813139439,0.011614000424742699,1.1299699544906616,1.77252995967865,1.579859972000122,1.9348499774932861,1.567397952079773,1.3980000019073486,1.7121200561523438,0.8910800218582153,1.0913499593734741,1.2245700359344482
2022-11-21,1.0330898761749268,144.8887176513672,0.8690800070762634,0.9848200082778931,1.5459500551223755,1.381890058517456,1.6748600006103516,140.2530059814453,0.8413000106811523,0.9533299803733826,1.4965399503707886,1.337689995765686,1.6213200092315674,0.005969999823719263,0.006796000059694052,0.01066800020635128,0.009537000209093094,0.011556999757885933,1.1328999996185303,1.7784899473190308,1.5896899700164795,1.9266799688339233,1.5681350231170654,1.4029099941253662,1.7003400325775146,0.8937600255012512,1.0833070278167725,1.2118699550628662
2022-11-22,1.0245691537857056,145.5749969482422,0.8661699891090393,0.9815999865531921,1.550510048866272,1.3775500059127808,1.6800700426101685,142.09800720214844,0.8454800248146057,0.9584299921989441,1.513363003730774,1.3446300029754639,1.6397500038146973,0.005929999984800816,0.0067449999041855335,0.010629000142216682,0.009459000080823898,0.011529999785125256,1.1334500312805176,1.789520025253296,1.5901299715042114,1.939079999923706,1.5780340433120728,1.4027600288391113,1.7106000185012817,0.8884599804878235,1.083549976348877,1.2193299531936646
2022-11-23,1.0311086177825928,145.54400634765625,0.8668100237846375,0.9804999828338623,1.5506399869918823,1.3777300119400024,1.674720048904419,141.15499877929688,0.840719997882843,0.9510899782180786,1.5038000345230103,1.3362499475479126,1.6243000030517578,0.005936000030487776,0.006738000083714724,0.010633000172674656,0.009461999870836735,0.011495999991893768,1.1311800479888916,1.7885500192642212,1.5891799926757812,1.9317500591278076,1.579779028892517,1.4047499895095825,1.7075599431991577,0.8884599804878235,1.0799800157546997,1.215440034866333
2022-11-24,1.0416233539581299,145.0659942626953,0.8626199960708618,0.9800400137901306,1.5445400476455688,1.3897900581359863,1.6657099723815918,139.2779998779297,0.8282600045204163,0.9406999945640564,1.4829089641571045,1.3343600034713745,1.5992799997329712,0.005927000194787979,0.006756000220775604,0.010642999783158302,0.009576999582350254,0.011473000049591064,1.1357500553131104,1.7899500131607056,1.6105300188064575,1.9304499626159668,1.5743069648742676,1.4179799556732178,1.699470043182373,0.899802029132843,1.0784499645233154,1.1984200477600098
2022-11-25,1.040810227394104,144.24899291992188,0.8591700196266174,0.9819200038909912,1.5383199453353882,1.388100028038025,1.662619948387146,138.60299682617188,0.8255299925804138,0.94336998462677,1.4780659675598145,1.3336600065231323,1.5975199937820435,0.005936000030487776,0.006806999910622835,0.01064400002360344,0.009618000127375126,0.011513999663293362,1.1424399614334106,1.7899099588394165,1.6148600578308105,1.9348200559616089,1.5656800270080566,1.413450002670288,1.6929700374603271,0.9018999934196472,1.0807700157165527,1.1976399421691895
2022-11-28,1.0367528200149536,144.58999633789062,0.859969973564148,0.9821299910545349,1.5445400476455688,1.3904999494552612,1.6675699949264526,139.10000610351562,0.82955002784729,0.947380006313324,1.4898899793624878,1.3409600257873535,1.6085699796676636,0.005925000179558992,0.0067969998344779015,0.01068899966776371,0.009619999676942825,0.01153900008648634,1.1418800354003906,1.7958199977874756,1.616260051727295,1.9387799501419067,1.5723400115966797,1.4151699542999268,1.6975899934768677,0.8998799920082092,1.079360008239746,1.1994400024414062
2022-11-29,1.034554123878479,143.47799682617188,0.8647900223731995,0.9815000295639038,1.5549299716949463,1.3951599597930908,1.6770999431610107,138.718994140625,0.8360999822616577,0.9487900137901306,1.503309965133667,1.3489899635314941,1.6223200559616089,0.006006999872624874,0.006839999929070473,0.010816999711096287,0.009723000228404999,0.01168499980121851,1.134559988975525,1.7974900007247925,1.61326003074646,1.9401400089263916,1.5839500427246094,1.4213500022888184,1.7093700170516968,0.8972939848899841,1.0791079998016357,1.2024999856948853
2022-11-30,1.0324499607086182,143.23599243164062,0.864109992980957,0.9853900074958801,1.5446699857711792,1.4023699760437012,1.6659899950027466,138.7449951171875,0.8370400071144104,0.9543099999427795,1.496090054512024,1.3583600521087646,1.6137100458145142,0.006014000158756971,0.006878000218421221,0.010764000006020069,0.009785999543964863,0.011624000035226345,1.139870047569275,1.7868800163269043,1.6222000122070312,1.9277199506759644,1.5672999620437622,1.423050045967102,1.6904200315475464,0.9079399704933167,1.0785499811172485,1.1877700090408325
2022-12-01,1.042535424232483,143.16299438476562,0.8630200028419495,0.9837200045585632,1.5329300165176392,1.398169994354248,1.6509100198745728,137.35899353027344,0.8279860019683838,0.943880021572113,1.470674991607666,1.3411999940872192,1.5836800336837769,0.006008999887853861,0.0068709999322891235,0.010685999877750874,0.009758999571204185,0.01152000017464161,1.139639973640442,1.775689959526062,1.619480013847351,1.9122300148010254,1.5566630363464355,1.421120047569275,1.6778199672698975,0.9115999937057495,1.0769399404525757,1.1804699897766113
2022-12-02,1.052842140197754,142.28399658203125,0.8587499856948853,0.9858300089836121,1.5457899570465088,1.4144400358200073,1.6528799533843994,135.14999389648438,0.8157100081443787,0.9363899827003479,1.468209981918335,1.3435499668121338,1.5699100494384766,0.006016000173985958,0.006928000133484602,0.010843999683856964,0.009936000220477581,0.011609000153839588,1.1477500200271606,1.799739956855774,1.6468700170516968,1.9243500232696533,1.5661710500717163,1.4345899820327759,1.67631995677948,0.915037989616394,1.0692700147628784,1.168370008468628
2022-12-05,1.0544185638427734,141.78199768066406,0.8573700189590454,0.987309992313385,1.5475300550460815,1.4177299737930298,1.6430000066757202,134.47500610351562,0.8131899833679199,0.9364500045776367,1.4677799940109253,1.3444000482559204,1.5613800287246704,0.0060270000249147415,0.006963000167161226,0.010893000289797783,0.009995999746024609,0.011599999852478504,1.151360034942627,1.8047000169754028,1.653290033340454,1.918869972229004,1.5671099424362183,1.4356499910354614,1.6670700311660767,0.9160199761390686,1.0636399984359741,1.1610699892044067
2022-12-06,1.0496923923492432,143.43299865722656,0.8608700037002563,0.9891200065612793,1.5654900074005127,1.4263099431991577,1.660159945487976,136.65199279785156,0.8201799988746643,0.942300021648407,1.4908000230789185,1.3588000535964966,1.5816279649734497,0.0059819999150931835,0.006895999889820814,0.010892000049352646,0.009939000010490417,0.011566000059247017,1.1487900018692017,1.8181500434875488,1.6565699577331543,1.927899956703186,1.5817780494689941,1.4417599439620972,1.6781200170516968,0.9110450148582458,1.060420036315918,1.163830041885376
2022-12-07,1.0469011068344116,143.28399658203125,0.8626000285148621,0.9859899878501892,1.5627000331878662,1.4287199974060059,1.6551599502563477,136.88600158691406,0.8241980075836182,0.9420300126075745,1.492799997329712,1.3649400472640991,1.5811799764633179,0.006000999826937914,0.006881000008434057,0.010883999988436699,0.009968000464141369,0.01153900008648634,1.1427500247955322,1.811079978942871,1.6557199954986572,1.918280005455017,1.5845799446105957,1.448799967765808,1.678339958190918,0.9138410091400146,1.0588849782943726,1.1583199501037598
2022-12-08,1.051325798034668,143.3730010986328,0.8607199788093567,0.9884799718856812,1.5626800060272217,1.4351199865341187,1.6544599533081055,136.38099670410156,0.8188400268554688,0.9402700066566467,1.4865469932556152,1.36489999294281,1.5737899541854858,0.0059830001555383205,0.006893999874591827,0.010878999717533588,0.010005000047385693,0.011526999995112419,1.148229956626892,1.8151799440383911,1.6669299602508545,1.9217400550842285,1.5806399583816528,1.4515899419784546,1.6734800338745117,0.9182599782943726,1.0586650371551514,1.152750015258789
2022-12-09,1.0559661388397217,144.22300720214844,0.8627700209617615,0.9879299998283386,1.5579099655151367,1.434999942779541,1.6541999578475952,136.61399841308594,0.8172600269317627,0.9358599781990051,1.4756879806518555,1.3597700595855713,1.5677399635314941,0.005963000003248453,0.006849000230431557,0.010784000158309937,0.009948999620974064,0.011466000229120255,1.144919991493225,1.805340051651001,1.663540005683899,1.9179600477218628,1.5766099691390991,1.4528199434280396,1.6750099658966064,0.9209920167922974,1.061400055885315,1.1528300046920776
2022-12-12,1.0522217750549316,143.83900451660156,0.859000027179718,0.9837300181388855,1.5514899492263794,1.4367200136184692,1.6456999778747559,136.71200561523438,0.8170499801635742,0.9349899888038635,1.47461998462677,1.365530014038086,1.5641599893569946,0.0059529999271035194,0.006839000154286623,0.010784000158309937,0.009986000135540962,0.01143999956548214,1.1441700458526611,1.8045599460601807,1.6710100173950195,1.914080023765564,1.5769000053405762,1.4602400064468384,1.672629952430725,0.9259099960327148,1.0606600046157837,1.1453200578689575
2022-12-13,1.0541739463806152,144.94400024414062,0.8589900135993958,0.9864000082015991,1.560960054397583,1.436769962310791,1.6501799821853638,137.50399780273438,0.8149399757385254,0.9357399940490723,1.4806040525436401,1.363029956817627,1.5654799938201904,0.005907000042498112,0.006804999895393848,0.010747999884188175,0.009908000007271767,0.011374000459909439,1.1480000019073486,1.8167200088500977,1.6720900535583496,1.9206500053405762,1.5822030305862427,1.4564499855041504,1.6727800369262695,0.9200779795646667,1.0570119619369507,1.148419976234436
2022-12-14,1.062665343284607,144.0679931640625,0.8600000143051147,0.9872000217437744,1.553030014038086,1.4404000043869019,1.646630048751831,135.58399963378906,0.8092799782752991,0.9289799928665161,1.4614969491958618,1.3555400371551514,1.5494500398635864,0.005948999896645546,0.006852000020444393,0.010758999735116959,0.009992999956011772,0.011421999894082546,1.1476900577545166,1.805649995803833,1.674530029296875,1.9143999814987183,1.5728709697723389,1.4588799476623535,1.6675599813461304,0.9274299740791321,1.0592000484466553,1.142930030822754
2022-12-15,1.0676347017288208,144.49899291992188,0.8595399856567383,0.9867799878120422,1.5568000078201294,1.4465899467468262,1.6542199850082397,135.34800720214844,0.8051900267601013,0.9243500232696533,1.4581940174102783,1.3550200462341309,1.5494500398635864,0.005929000210016966,0.006827999837696552,0.010772000066936016,0.010005000047385693,0.01143999956548214,1.1477299928665161,1.8106499910354614,1.6823300123214722,1.924090027809143,1.5772900581359863,1.465749979019165,1.6761000156402588,0.9291700124740601,1.0625799894332886,1.1433700323104858
2022-12-16,1.064056158065796,146.55140686035156,0.8725000023841858,0.986739993095398,1.5862400531768799,1.4527699947357178,1.6768900156021118,137.75100708007812,0.8203999996185303,0.9276400208473206,1.4912199974060059,1.365820050239563,1.5765399932861328,0.005934999790042639,0.0067349998280406,0.010804999619722366,0.009910999797284603,0.011435999535024166,1.1307499408721924,1.8176000118255615,1.664680004119873,1.9215099811553955,1.607226014137268,1.472000002861023,1.6991699934005737,0.9158329963684082,1.057157039642334,1.1541999578475952
2022-12-19,1.05850350856781,144.54400634765625,0.870389997959137,0.9891700148582458,1.5826300382614136,1.4496999979019165,1.6611499786376953,136.69000244140625,0.822350025177002,0.9345800280570984,1.4953299760818481,1.3688600063323975,1.5694899559020996,0.006004000082612038,0.0068430001847445965,0.0109479995444417,0.010022999718785286,0.011490999720990658,1.1363199949264526,1.8181300163269043,1.6632000207901,1.9082800149917603,1.599679946899414,1.4644399881362915,1.6790599822998047,0.9153569936752319,1.0494699478149414,1.1464600563049316
2022-12-20,1.0614584684371948,145.36300659179688,0.8728700280189514,0.985509991645813,1.5822999477386475,1.4474999904632568,1.6680500507354736,136.9949951171875,0.8228200078010559,0.9287300109863281,1.4908000230789185,1.364300012588501,1.5719300508499146,0.005985999945551157,0.006779000163078308,0.010866000317037106,0.00995699968189001,0.01146399974822998,1.128309965133667,1.812209963798523,1.657539963722229,1.9101999998092651,1.605739951133728,1.4689500331878662,1.6923999786376953,0.9148229956626892,1.053879976272583,1.1519999504089355
2022-12-21,1.062699317932129,140.1280059814453,0.8714500069618225,0.9841600060462952,1.5886000394821167,1.4449599981307983,1.674739956855774,131.89199829101562,0.8203999996185303,0.9261900186538696,1.4951039552688599,1.3599400520324707,1.5762200355529785,0.006200000178068876,0.007023000158369541,0.011315000243484974,0.010308999568223953,0.011940999887883663,1.1286699771881104,1.8222500085830688,1.6575900316238403,1.9210599660873413,1.6138399839401245,1.4680500030517578,1.7014000415802002,0.9095699787139893,1.0542069673538208,1.1588200330734253
2022-12-22,1.0610079765319824,140.38999938964844,0.8782899975776672,0.9829000234603882,1.5795999765396118,1.4438199996948242,1.6857999563217163,132.3699951171875,0.8279929757118225,0.9262999892234802,1.488800048828125,1.3612699508666992,1.5899499654769897,0.00623599998652935,0.0069989999756217,0.011233000084757805,0.010280000045895576,0.012004000134766102,1.1186000108718872,1.7983499765396118,1.643880009651184,1.9199299812316895,1.6071900129318237,1.469190001487732,1.71589994430542,0.9139469861984253,1.0676510334014893,1.1678099632263184
2022-12-23,1.060333013534546,140.28399658203125,0.880299985408783,0.9870200157165527,1.5875400304794312,1.445680022239685,1.695680022239685,132.35699462890625,0.8305699825286865,0.9309999942779541,1.497454047203064,1.3636800050735474,1.5994900465011597,0.006256000138819218,0.007034999784082174,0.011292999610304832,0.010300000198185444,0.012078000232577324,1.120460033416748,1.8022799491882324,1.6416499614715576,1.925379991531372,1.6079299449920654,1.4644500017166138,1.7176300287246704,0.9106500148773193,1.0681099891662598,1.172719955444336
2022-12-26,1.0667804479599,140.94000244140625,0.879069983959198,0.9909999966621399,1.5820599794387817,1.4418400526046753,1.6861000061035156,132.7899932861328,0.8291869759559631,0.9328799843788147,1.4897600412368774,1.358970046043396,1.5890920162200928,0.00622900016605854,0.007021000143140554,0.011168000288307667,0.010185999795794487,0.011877000331878662,1.1253999471664429,1.7970809936523438,1.6390069723129272,1.9112099409103394,1.5933300256729126,1.455636978149414,1.6973450183868408,0.9121080040931702,1.0661139488220215,1.1656880378723145
2022-12-27,1.064022183418274,141.25,0.8801900148391724,0.991569995880127,1.577530026435852,1.442430019378662,1.6868400573730469,132.76400756835938,0.827530026435852,0.9320099949836731,1.4826699495315552,1.3557000160217285,1.5855400562286377,0.006213999819010496,0.007019000127911568,0.01116700004786253,0.010211000218987465,0.011935999616980553,1.1255899667739868,1.7913600206375122,1.6380000114440918,1.9156299829483032,1.5906599760055542,1.454509973526001,1.701050043106079,0.9143199920654297,1.0693199634552002,1.1693600416183472
2022-12-28,1.0637166500091553,141.9759979248047,0.8843600153923035,0.9886000156402588,1.5807900428771973,1.437999963760376,1.695520043373108,133.48599243164062,0.8314399719238281,0.9291999936103821,1.4859000444412231,1.3524999618530273,1.594059944152832,0.006209000013768673,0.0069519998505711555,0.011113000102341175,0.01012600027024746,0.01193199958652258,1.1173499822616577,1.7871999740600586,1.6258000135421753,1.916849970817566,1.5982099771499634,1.4549909830093384,1.7149300575256348,0.9098399877548218,1.0724660158157349,1.178529977798462
2022-12-29,1.062925100326538,142.45599365234375,0.8836100101470947,0.9861500263214111,1.5752999782562256,1.4452999830245972,1.6821600198745728,134.03399658203125,0.8313599824905396,0.9277099967002869,1.482118010520935,1.3599400520324707,1.5826799869537354,0.006182999815791845,0.006920999847352505,0.011056999675929546,0.010142000392079353,0.011801999993622303,1.1156500577926636,1.7822699546813965,1.6350599527359009,1.903499960899353,1.597188949584961,1.465630054473877,1.705549955368042,0.9175119996070862,1.0678199529647827,1.1636300086975098
2022-12-30,1.066075325012207,141.69400024414062,0.8840699791908264,0.9839000105857849,1.5755599737167358,1.4448299407958984,1.6798399686813354,132.91600036621094,0.8294399976730347,0.9228500127792358,1.477977991104126,1.3552000522613525,1.575819969177246,0.006221000105142593,0.006941999774426222,0.011098000220954418,0.010192000307142735,0.011854000389575958,1.1123000383377075,1.781309962272644,1.6332999467849731,1.8995699882507324,1.601140022277832,1.4683500528335571,1.707110047340393,0.9169700145721436,1.0661530494689941,1.1625499725341797
2023-01-02,1.0709733963012695,140.30999755859375,0.8841400146484375,0.9879000186920166,1.568600058555603,1.447100043296814,1.683459997177124,130.84500122070312,0.8250600099563599,0.923799991607666,1.4656100273132324,1.352810025215149,1.5686769485473633,0.006283999886363745,0.007052000146359205,0.011188000440597534,0.010328000411391258,0.011982000432908535,1.1180100440979004,1.7729170322418213,1.638800024986267,1.8961999416351318,1.5811599493026733,1.4629219770431519,1.7011499404907227,0.9220700263977051,1.069761037826538,1.1577969789505005
2023-01-03,1.0677714347839355,139.6490020751953,0.8851100206375122,0.98676997423172,1.5688799619674683,1.4476799964904785,1.687690019607544,130.79400634765625,0.8289899826049805,0.9240000247955322,1.4693779945373535,1.3559000492095947,1.580680012702942,0.006318999920040369,0.007065999787300825,0.011219000443816185,0.010363999754190445,0.012076999992132187,1.1143499612808228,1.7723400592803955,1.6354700326919556,1.906000018119812,1.5890400409698486,1.4663599729537964,1.7093600034713745,0.9226999878883362,1.0757700204849243,1.1656299829483032
2023-01-04,1.0546854734420776,138.40899658203125,0.8808900117874146,0.9871900081634521,1.5680400133132935,1.442080020904541,1.6881400346755981,131.2480010986328,0.8354399800300598,0.9358000159263611,1.486325979232788,1.3674099445343018,1.6007399559020996,0.006345000118017197,0.0071310000494122505,0.011308999732136726,0.010414999909698963,0.01218399964272976,1.1201599836349487,1.7792999744415283,1.6361900568008423,1.9156999588012695,1.587049961090088,1.460582971572876,1.709779977798462,0.9193000197410583,1.0765700340270996,1.1705000400543213
2023-01-05,1.0606365203857422,140.25399780273438,0.8794699907302856,0.9859600067138672,1.553030014038086,1.4301899671554565,1.6875499486923218,132.24600219726562,0.8293899893760681,0.9295899868011475,1.4643199443817139,1.3485100269317627,1.5910600423812866,0.0062500000931322575,0.007027999963611364,0.011048000305891037,0.01018999982625246,0.012017999775707722,1.1205500364303589,1.7651100158691406,1.6257100105285645,1.91812002658844,1.5749269723892212,1.450369954109192,1.711150050163269,0.9208199977874756,1.0864959955215454,1.1797499656677246
2023-01-06,1.0522217750549316,140.25999450683594,0.8832399845123291,0.9848499894142151,1.5574899911880493,1.4267699718475342,1.6884599924087524,133.3070068359375,0.8394700288772583,0.9358299970626831,1.4802320003509521,1.3559900522232056,1.60493004322052,0.0062779998406767845,0.007019999902695417,0.011083999648690224,0.010168000124394894,0.012032000347971916,1.1147899627685547,1.762910008430481,1.614590048789978,1.9113600254058838,1.5802780389785767,1.4485399723052979,1.7143000364303589,0.9158120155334473,1.083299994468689,1.1833900213241577
2023-01-09,1.0656323432922363,140.5070037841797,0.8794400095939636,0.9876099824905396,1.5456299781799316,1.4315999746322632,1.6756500005722046,131.86199951171875,0.8253300189971924,0.9268699884414673,1.4505399465560913,1.3435200452804565,1.5725500583648682,0.0062409997917711735,0.007027999963611364,0.010999999940395355,0.010188999585807323,0.011921999976038933,1.1228100061416626,1.7573000192642212,1.6276099681854248,1.9050300121307373,1.5647740364074707,1.4493199586868286,1.6964800357818604,0.9261000156402588,1.0822999477386475,1.1703599691390991
2023-01-10,1.073318362236023,141.3730010986328,0.880649983882904,0.9884399771690369,1.5532300472259521,1.437459945678711,1.6849700212478638,131.72900390625,0.8206899762153625,0.920930027961731,1.447240948677063,1.3393700122833252,1.5699800252914429,0.00621100002899766,0.006990999914705753,0.010963999666273594,0.010162999853491783,0.01191100012511015,1.1218700408935547,1.7630000114440918,1.6317800283432007,1.912500023841858,1.571079969406128,1.4540300369262695,1.7043700218200684,0.9254000186920166,1.0848000049591064,1.172070026397705
2023-01-11,1.0738946199417114,141.8520050048828,0.8834800124168396,0.9904599785804749,1.5578199625015259,1.4424599409103394,1.6852400302886963,132.1009979248047,0.8227400183677673,0.9222400188446045,1.4503259658813477,1.3432899713516235,1.569390058517456,0.006207999773323536,0.006982000079005957,0.01095999963581562,0.010165000334382057,0.011869999580085278,1.1210099458694458,1.762869954109192,1.6325700283050537,1.9072999954223633,1.57260000705719,1.456130027770996,1.7012200355529785,0.9258400201797485,1.0817099809646606,1.1681599617004395
2023-01-12,1.0766000747680664,141.99200439453125,0.8852900266647339,1.0019999742507935,1.5581300258636475,1.4457099437713623,1.690790057182312,131.90199279785156,0.8223999738693237,0.9309200048446655,1.4469690322875977,1.343000054359436,1.570430040359497,0.006215000059455633,0.0070569999516010284,0.010951000265777111,0.010177000425755978,0.01190400030463934,1.1316399574279785,1.7595499753952026,1.632390022277832,1.9092600345611572,1.554419994354248,1.4424400329589844,1.6867300271987915,0.927869975566864,1.085010051727295,1.1692899465560913
2023-01-13,1.0860239267349243,140.27499389648438,0.8888300061225891,1.0069700479507446,1.5586299896240234,1.4527499675750732,1.700119972229004,129.1719970703125,0.8184800148010254,0.9272000193595886,1.43517005443573,1.3375999927520752,1.5654799938201904,0.006316000130027533,0.007178000174462795,0.011090000160038471,0.010352999903261662,0.012109999544918537,1.132599949836731,1.7532700300216675,1.634220004081726,1.9123799800872803,1.5475200414657593,1.4425899982452393,1.688040018081665,0.9320979714393616,1.0907330513000488,1.1700899600982666
2023-01-16,1.082461953163147,138.5780029296875,0.8852699995040894,1.0030299425125122,1.552150011062622,1.4499900341033936,1.6943000555038452,128.0260009765625,0.8178799748420715,0.9267200231552124,1.434000015258789,1.3396199941635132,1.5661499500274658,0.006372999865561724,0.00723800016567111,0.01119999960064888,0.010463000275194645,0.012230000458657742,1.1328699588775635,1.7530399560928345,1.637619972229004,1.9145699739456177,1.5472300052642822,1.445389986038208,1.68982994556427,0.9340500235557556,1.0915000438690186,1.1689499616622925
2023-01-17,1.0830129384994507,138.9600067138672,0.8870900273323059,1.00232994556427,1.5542000532150269,1.4509799480438232,1.6947499513626099,128.3209991455078,0.8191499710083008,0.9253900051116943,1.4354619979858398,1.3397799730300903,1.5649700164794922,0.00636299978941679,0.0072119999676942825,0.011168000288307667,0.01043699961155653,0.01218399964272976,1.1295299530029297,1.7521300315856934,1.6354700326919556,1.9101899862289429,1.5506500005722046,1.447450041770935,1.6905800104141235,0.9333299994468689,1.0901739597320557,1.1678600311279297
2023-01-18,1.0793308019638062,138.4010009765625,0.8781999945640564,0.9946399927139282,1.5440200567245483,1.4447300434112549,1.6772500276565552,128.281005859375,0.8140199780464172,0.9219200015068054,1.43094003200531,1.3389999866485596,1.5545099973678589,0.006324999965727329,0.007185999769717455,0.011133999563753605,0.010436000302433968,0.012107999995350838,1.1323699951171875,1.7574800252914429,1.6447399854660034,1.9093600511550903,1.5519599914550781,1.4523199796676636,1.685979962348938,0.935699999332428,1.0863029956817627,1.160770058631897
2023-01-19,1.0797853469848633,138.79299926757812,0.8744300007820129,0.9889199733734131,1.554960012435913,1.4571800231933594,1.6752699613571167,128.53900146484375,0.8098700046539307,0.91593998670578,1.4400919675827026,1.3495800495147705,1.5514700412750244,0.006279999855905771,0.00712500000372529,0.01118400041013956,0.010495999827980995,0.012058000080287457,1.1307200193405151,1.7778700590133667,1.666200041770935,1.9154800176620483,1.5720399618148804,1.473289966583252,1.6936899423599243,0.9370800256729126,1.077430009841919,1.1494799852371216
2023-01-20,1.083388328552246,139.0679931640625,0.8741199970245361,0.9920499920845032,1.5673600435256958,1.4585599899291992,1.6938799619674683,128.3699951171875,0.8068900108337402,0.9154999852180481,1.4463410377502441,1.3463799953460693,1.563599944114685,0.006266000214964151,0.007133000064641237,0.011250000447034836,0.010483000427484512,0.012172999791800976,1.1345200538635254,1.792490005493164,1.6675699949264526,1.9372999668121338,1.5796400308609009,1.470020055770874,1.7071900367736816,0.9301999807357788,1.0807600021362305,1.1612199544906616
2023-01-23,1.086507797241211,140.64999389648438,0.8756899833679199,0.9993799924850464,1.5558700561523438,1.4526599645614624,1.676200032234192,129.35400390625,0.8060399889945984,0.9198899865150452,1.4321099519729614,1.3371000289916992,1.5410499572753906,0.006209999788552523,0.007110999897122383,0.01107100024819374,0.01033599954098463,0.011912000365555286,1.1410900354385376,1.7765300273895264,1.6586300134658813,1.9116100072860718,1.556570053100586,1.4533100128173828,1.6749800443649292,0.9335700273513794,1.075700044631958,1.152400016784668
2023-01-24,1.0874292850494385,141.9720001220703,0.8781300187110901,1.0019999742507935,1.5467499494552612,1.453529953956604,1.6749900579452515,130.5970001220703,0.8077700138092041,0.9216700196266174,1.4226200580596924,1.3370100259780884,1.540779948234558,0.006165999919176102,0.0070569999516010284,0.010874999687075615,0.010234000161290169,0.011789999902248383,1.1408499479293823,1.7608100175857544,1.6546599864959717,1.9071799516677856,1.5434000492095947,1.450600028038025,1.6715500354766846,0.9398109912872314,1.0829989910125732,1.1521999835968018
2023-01-25,1.088814616203308,141.79200744628906,0.882860004901886,1.0042200088500977,1.545050024986267,1.4561400413513184,1.6766999959945679,130.23899841308594,0.8110799789428711,0.9222999811172485,1.419100046157837,1.3374799489974976,1.5400500297546387,0.006209000013768673,0.007081999909132719,0.01089600007981062,0.010266000404953957,0.011819999665021896,1.1368199586868286,1.7491899728775024,1.6482900381088257,1.8985099792480469,1.5382399559020996,1.4497499465942383,1.6693400144577026,0.9424229860305786,1.0851199626922607,1.1513400077819824
2023-01-26,1.0922038555145264,141.13999938964844,0.879859983921051,1.0017000436782837,1.5365300178527832,1.4613900184631348,1.6843500137329102,129.23699951171875,0.8056399822235107,0.9169700145721436,1.4068260192871094,1.3380199670791626,1.5422300100326538,0.006213999819010496,0.007094999775290489,0.010866999626159668,0.010350000113248825,0.01192300021648407,1.1379799842834473,1.7460399866104126,1.660290002822876,1.9140700101852417,1.5338599681854248,1.4589600563049316,1.6815299987792969,0.9510700106620789,1.09621000289917,1.1524399518966675
2023-01-27,1.0894432067871094,141.39300537109375,0.8773900270462036,1.0023399591445923,1.53125,1.4506200551986694,1.6783000230789185,129.8000030517578,0.8054599761962891,0.920199990272522,1.4056990146636963,1.3316099643707275,1.540619969367981,0.006184999831020832,0.0070870001800358295,0.010808000341057777,0.0102530000731349,0.011857000179588795,1.1420199871063232,1.7447500228881836,1.6525499820709229,1.9124499559402466,1.5273900032043457,1.4470399618148804,1.6740399599075317,0.9473000168800354,1.0959800481796265,1.1567699909210205
2023-01-30,1.0871455669403076,141.16200256347656,0.8766599893569946,1.0010199546813965,1.529379963874817,1.4461599588394165,1.6728999614715576,129.85400390625,0.8064320087432861,0.9208599925041199,1.4068700075149536,1.3303200006484985,1.540310025215149,0.006198999937623739,0.007091000210493803,0.010835000313818455,0.010245000012218952,0.011861000210046768,1.1416900157928467,1.744339942932129,1.6493799686431885,1.9097399711608887,1.5276199579238892,1.4444600343704224,1.6725200414657593,0.9455000162124634,1.0947940349578857,1.1577399969100952
2023-01-31,1.0850694179534912,141.56900024414062,0.8785099983215332,1.0039700269699097,1.5372799634933472,1.4521700143814087,1.6772600412368774,130.47900390625,0.8094800114631653,0.925279974937439,1.4168119430541992,1.338379979133606,1.5458600521087646,0.006184999831020832,0.007091000210493803,0.010838000103831291,0.010254000313580036,0.011837000027298927,1.1426199674606323,1.7495299577713013,1.6525800228118896,1.909000039100647,1.530877947807312,1.44622004032135,1.670390009880066,0.9447799921035767,1.0910700559616089,1.1548899412155151
2023-02-01,1.0860947370529175,141.3000030517578,0.882319986820221,0.9952999949455261,1.5402100086212158,1.4451600313186646,1.6869100332260132,130.11000061035156,0.8124200105667114,0.9162499904632568,1.4181580543518066,1.3306000232696533,1.5532289743423462,0.00622399989515543,0.0070420000702142715,0.010879999957978725,0.010223999619483948,0.01193000003695488,1.1275500059127808,1.745169997215271,1.6372900009155273,1.911769986152649,1.546550989151001,1.4520200490951538,1.6948299407958984,0.9380000233650208,1.0943000316619873,1.1671099662780762
2023-02-02,1.1012852191925049,141.63699340820312,0.8889999985694885,0.9990500211715698,1.541290044784546,1.4610999822616577,1.6898800134658813,128.6219940185547,0.8070999979972839,0.907260000705719,1.3995800018310547,1.3274999856948853,1.5345900058746338,0.006256999913603067,0.007052000146359205,0.010861000046133995,0.0103150000795722,0.01193000003695488,1.1237000226974487,1.7332700490951538,1.643880009651184,1.9007099866867065,1.542472004890442,1.462980031967163,1.6912189722061157,0.9483799934387207,1.0964699983596802,1.1558929681777954
2023-02-03,1.0905125141143799,140.3800048828125,0.8920599818229675,0.9959499835968018,1.5413899421691895,1.4521299600601196,1.6836899518966675,128.74600219726562,0.8181300163269043,0.9132000207901001,1.4134900569915771,1.3316600322723389,1.5438799858093262,0.006335000041872263,0.0070859999395906925,0.010958000086247921,0.010338000021874905,0.011981000192463398,1.1159000396728516,1.7272000312805176,1.6275099515914917,1.886299967765808,1.545833945274353,1.457900047302246,1.6901799440383911,0.9420679807662964,1.0922800302505493,1.159209966659546
2023-02-06,1.079086184501648,142.43699645996094,0.8958200216293335,0.9995200037956238,1.5591000318527222,1.4458500146865845,1.704200029373169,132.00900268554688,0.8302099704742432,0.9263299703598022,1.4449199438095093,1.3399699926376343,1.5803500413894653,0.006306999828666449,0.007017000112682581,0.010944000445306301,0.010149000212550163,0.011970000341534615,1.11558997631073,1.7402100563049316,1.6137700080871582,1.9032200574874878,1.559559941291809,1.4462900161743164,1.7057199478149414,0.9272599816322327,1.0936640501022339,1.1792800426483154
2023-02-07,1.0730764865875244,142.27999877929688,0.8920199871063232,0.9954299926757812,1.5571000576019287,1.4421099424362183,1.7006499767303467,132.6230010986328,0.8314800262451172,0.927869975566864,1.451841950416565,1.344099998474121,1.5850869417190552,0.0062500000931322575,0.006996000185608864,0.010924999602138996,0.010130999609827995,0.011944999918341637,1.1157900094985962,1.7455899715423584,1.6162300109863281,1.9060800075531006,1.5644199848175049,1.4486099481582642,1.7081199884414673,0.9259309768676758,1.0917609930038452,1.179029941558838
2023-02-08,1.0729728937149048,140.59800720214844,0.890030026435852,0.9888899922370911,1.5406099557876587,1.4366899728775024,1.6972299814224243,131.04200744628906,0.8295599818229675,0.9216499924659729,1.4358329772949219,1.3390100002288818,1.581779956817627,0.006312000099569559,0.0070329997688531876,0.01094099972397089,0.010215000249445438,0.01206399966031313,1.1106499433517456,1.7303800582885742,1.613700032234192,1.9064500331878662,1.5564199686050415,1.4527000188827515,1.7159700393676758,0.932558000087738,1.1015299558639526,1.1811100244522095
2023-02-09,1.0715816020965576,140.78700256347656,0.8875600099563599,0.9867500066757202,1.5464799404144287,1.4406700134277344,1.6968799829483032,131.38699340820312,0.8284000158309937,0.9209100008010864,1.4430010318756104,1.344499945640564,1.5836299657821655,0.0062859999015927315,0.007009000051766634,0.010964999906718731,0.010230000130832195,0.012044000439345837,1.1114100217819214,1.7420799732208252,1.6228400468826294,1.9114400148391724,1.5664299726486206,1.4598599672317505,1.7194900512695312,0.9315000176429749,1.0971390008926392,1.1777299642562866
2023-02-10,1.0742292404174805,141.24000549316406,0.8866000175476074,0.9904999732971191,1.547569990158081,1.444290041923523,1.6972299814224243,131.5189971923828,0.8252999782562256,0.9219740033149719,1.4410500526428223,1.3448699712753296,1.580399990081787,0.006254999898374081,0.007011000066995621,0.010936999693512917,0.010222000069916248,0.012006999924778938,1.117050051689148,1.7458000183105469,1.6292999982833862,1.9146599769592285,1.5615240335464478,1.4583699703216553,1.7137700319290161,0.9331700205802917,1.0966429710388184,1.1750199794769287
2023-02-13,1.0677714347839355,140.45899963378906,0.885890007019043,0.9858999848365784,1.5444400310516357,1.4261599779129028,1.6914399862289429,131.55099487304688,0.8297200202941895,0.9237899780273438,1.4464499950408936,1.3357399702072144,1.5842089653015137,0.0062870001420378685,0.007021999917924404,0.010994999669492245,0.010152000002563,0.012040999718010426,1.113219976425171,1.7431999444961548,1.6096500158309937,1.9090399742126465,1.5656299591064453,1.4457199573516846,1.7146400213241577,0.9234169721603394,1.09512197971344,1.1858899593353271
2023-02-14,1.0730419158935547,141.99400329589844,0.8829399943351746,0.9858099818229675,1.5397100448608398,1.4307399988174438,1.686669945716858,132.33700561523438,0.8228999972343445,0.9186199903488159,1.4347200393676758,1.3333100080490112,1.5719799995422363,0.006198999937623739,0.006932999938726425,0.010824000462889671,0.010071000084280968,0.011869000270962715,1.116420030593872,1.743690013885498,1.6202399730682373,1.9100699424743652,1.5603059530258179,1.4511200189590454,1.7107000350952148,0.9291300177574158,1.0953400135040283,1.1787699460983276
2023-02-15,1.0735719203948975,142.7689971923828,0.8817700147628784,0.9893100261688232,1.536389946937561,1.4320800304412842,1.694640040397644,132.99099731445312,0.821399986743927,0.92153000831604,1.4311100244522095,1.3340599536895752,1.578410029411316,0.006155999843031168,0.006928999908268452,0.010742999613285065,0.010027999989688396,0.011861000210046768,1.1217600107192993,1.7421200275421143,1.6238700151443481,1.9213999509811401,1.5518310070037842,1.4474999904632568,1.712630033493042,0.932125985622406,1.1029599905014038,1.1830500364303589
2023-02-16,1.0691757202148438,143.15199279785156,0.8881199955940247,0.987089991569519,1.5477399826049805,1.43163001537323,1.7024600505828857,133.9029998779297,0.8305799961090088,0.9233599901199341,1.4478280544281006,1.3390599489212036,1.5924099683761597,0.006182999815791845,0.006895000115036964,0.010789000429213047,0.009995999746024609,0.011890999972820282,1.1113799810409546,1.742460012435913,1.6117600202560425,1.9166699647903442,1.5669900178909302,1.4501700401306152,1.7243900299072266,0.9247320294380188,1.0998330116271973,1.188979983329773
2023-02-17,1.0665756464004517,142.99099731445312,0.8905900120735168,0.9882100224494934,1.5541900396347046,1.4369299411773682,1.707669973373413,134.07400512695312,0.8350499868392944,0.9264600276947021,1.4572160243988037,1.3473000526428223,1.6011799573898315,0.006209000013768673,0.006909999996423721,0.010847999714314938,0.01004400011152029,0.01193500030785799,1.109179973602295,1.7448300123214722,1.6131600141525269,1.917140007019043,1.5722529888153076,1.4538300037384033,1.7276699542999268,0.9245049953460693,1.0987600088119507,1.1883200407028198
2023-02-20,1.0684444904327393,143.50399780273438,0.8881099820137024,0.9884700179100037,1.5552400350570679,1.440600037574768,1.7131600379943848,134.3070068359375,0.8312699794769287,0.92535001039505,1.4557299613952637,1.3481999635696411,1.6035399436950684,0.006171000190079212,0.006889000069350004,0.010838000103831291,0.01003700029104948,0.011938000097870827,1.1130499839782715,1.7510900497436523,1.6216700077056885,1.9287999868392944,1.5731430053710938,1.4571900367736816,1.7330600023269653,0.9261699914932251,1.1015839576721191,1.1892000436782837
2023-02-21,1.068261981010437,143.5,0.887179970741272,0.9861800074577332,1.5461499691009521,1.437059998512268,1.7072199583053589,134.33599853515625,0.8306199908256531,0.9231799840927124,1.4473869800567627,1.3452999591827393,1.5980299711227417,0.006163999903947115,0.0068720001727342606,0.010758000425994396,0.010010999627411366,0.011889000423252583,1.111340045928955,1.7422399520874023,1.619480013847351,1.9237099885940552,1.567546010017395,1.4570000171661377,1.7307599782943726,0.9294000267982483,1.1041300296783447,1.1877399682998657
2023-02-22,1.065200924873352,143.7949981689453,0.8795999884605408,0.9879599809646606,1.552299976348877,1.441640019416809,1.7136600017547607,134.9759979248047,0.8258100152015686,0.9275000095367432,1.4573220014572144,1.3534899950027466,1.6087000370025635,0.00609799986705184,0.006868999917060137,0.010777999646961689,0.01002500019967556,0.011908000335097313,1.1230499744415283,1.7645100355148315,1.638800024986267,1.9478299617767334,1.570970058441162,1.4590799808502197,1.734220027923584,0.9286720156669617,1.1039600372314453,1.1884599924087524
2023-02-23,1.0605803728103638,143.0989990234375,0.8802700042724609,0.9876099824905396,1.5568699836730957,1.4365099668502808,1.7038999795913696,134.9320068359375,0.8298799991607666,0.9312400221824646,1.4678000211715698,1.3545399904251099,1.6066800355911255,0.006132000125944614,0.006899000145494938,0.010861000046133995,0.010034999810159206,0.011900999583303928,1.1215699911117554,1.768399953842163,1.631600022315979,1.9354599714279175,1.5759199857711792,1.454110026359558,1.7247600555419922,0.9225299954414368,1.0944019556045532,1.186020016670227
2023-02-24,1.0598047971725464,142.66400146484375,0.8817999958992004,0.9894599914550781,1.5563900470733643,1.4352200031280518,1.7009199857711792,134.6280059814453,0.832099974155426,0.9336900115013123,1.468400001525879,1.3543200492858887,1.60493004322052,0.006161999888718128,0.006934999953955412,0.010905999690294266,0.010060000233352184,0.011913999915122986,1.1219099760055542,1.7646900415420532,1.6273000240325928,1.9285500049591064,1.5727969408035278,1.4503779411315918,1.7187299728393555,0.9215999841690063,1.0926439762115479,1.1849299669265747
2023-02-27,1.0554758310317993,143.9499969482422,0.8829900026321411,0.9921000003814697,1.5668599605560303,1.4346699714660645,1.7117400169372559,136.39500427246094,0.836650013923645,0.9400299787521362,1.4846299886703491,1.3593699932098389,1.621899962425232,0.006113999988883734,0.006891000084578991,0.010885000228881836,0.009967000223696232,0.011889999732375145,1.1233500242233276,1.7742600440979004,1.6244699954986572,1.9382100105285645,1.5785499811172485,1.4453200101852417,1.7244600057601929,0.9156739711761475,1.0923199653625488,1.1926900148391724
2023-02-28,1.0611205101013184,144.60899353027344,0.8795400261878967,0.9926400184631348,1.5734000205993652,1.4401500225067139,1.7210299968719482,136.31700134277344,0.8290799856185913,0.9355999827384949,1.4830189943313599,1.3573999404907227,1.6222699880599976,0.006062000058591366,0.006862999871373177,0.010865000076591969,0.009955000132322311,0.011900000274181366,1.1282600164413452,1.7888699769973755,1.6369500160217285,1.9565399885177612,1.5852129459381104,1.4506200551986694,1.7335400581359863,0.9150000214576721,1.0925999879837036,1.1949000358581543
2023-03-01,1.0577309131622314,144.2050018310547,0.8788300156593323,0.9963200092315674,1.5714199542999268,1.443179965019226,1.7095799446105957,136.34800720214844,0.8310099840164185,0.941868007183075,1.4857100248336792,1.3645199537277222,1.616320013999939,0.006074000149965286,0.006909000221639872,0.010875999927520752,0.010002999566495419,0.011851999908685684,1.1333400011062622,1.7875699996948242,1.6417299509048462,1.9447699785232544,1.5770200490951538,1.448390007019043,1.7156250476837158,0.9183869957923889,1.0879199504852295,1.1844099760055542
2023-03-02,1.066894292831421,145.29299926757812,0.8869900107383728,1.0022599697113037,1.5782599449157715,1.4498200416564941,1.7058500051498413,136.19400024414062,0.8312600255012512,0.9394699931144714,1.4793339967727661,1.3589600324630737,1.5982099771499634,0.00608400022611022,0.006897999905049801,0.010842000134289265,0.009971999563276768,0.011730000376701355,1.1297800540924072,1.779039978981018,1.6342999935150146,1.9227399826049805,1.573099970817566,1.4463399648666382,1.7016199827194214,0.9184520244598389,1.0808299779891968,1.1763800382614136
2023-03-03,1.0599732398986816,144.89599609375,0.8868499994277954,0.9982500076293945,1.5742199420928955,1.4409300088882446,1.7038600444793701,136.7050018310547,0.8367099761962891,0.9418699741363525,1.48478102684021,1.3594800233840942,1.6073800325393677,0.006101999897509813,0.006889000069350004,0.010847000405192375,0.00994499959051609,0.011757000349462032,1.1255199909210205,1.7747700214385986,1.6245399713516235,1.9208500385284424,1.5757960081100464,1.4432499408721924,1.7064599990844727,0.914900004863739,1.0823400020599365,1.1822199821472168
2023-03-06,1.0626201629638672,144.5240020751953,0.8833500146865845,0.995419979095459,1.5730600357055664,1.4453699588775635,1.7111200094223022,135.86000061035156,0.8313599824905396,0.9368000030517578,1.4804699420928955,1.3602999448776245,1.6104099750518799,0.00609700009226799,0.0068870000541210175,0.010882000438869,0.009999999776482582,0.011838000267744064,1.1267000436782837,1.7806299924850464,1.6360499858856201,1.9368900060653687,1.579529047012329,1.4513100385665894,1.7181400060653687,0.9186800122261047,1.0875699520111084,1.1834499835968018
2023-03-07,1.0688328742980957,145.31100463867188,0.8882899880409241,0.9943900108337402,1.5873500108718872,1.4548799991607666,1.7238999605178833,135.99899291992188,0.8314999938011169,0.9306899905204773,1.485200047492981,1.3616199493408203,1.613319993019104,0.006093000061810017,0.0068430001847445965,0.010898999869823456,0.010006999596953392,0.011850000359117985,1.1188100576400757,1.7859200239181519,1.637220025062561,1.9399199485778809,1.5959299802780151,1.4628599882125854,1.733240008354187,0.9162539839744568,1.0859400033950806,1.1847699880599976
2023-03-08,1.05507493019104,144.91799926757812,0.8917199969291687,0.9939000010490417,1.6008700132369995,1.4503200054168701,1.7261099815368652,137.39100646972656,0.8454700112342834,0.9422299861907959,1.5172200202941895,1.3747999668121338,1.6363400220870972,0.006134000141173601,0.006858000066131353,0.011026999913156033,0.010002999566495419,0.011901999823749065,1.1142499446868896,1.7947100400924683,1.6259700059890747,1.93517005443573,1.6104300022125244,1.4590599536895752,1.7363899946212769,0.9059100151062012,1.0780999660491943,1.189932942390442
2023-03-09,1.0549525022506714,144.75900268554688,0.8901799917221069,0.9924799799919128,1.5996099710464478,1.4556299448013306,1.7251499891281128,137.2259979248047,0.8438699841499329,0.9408699870109558,1.5165300369262695,1.3799400329589844,1.6354000568389893,0.006128999870270491,0.006845999974757433,0.01103499997407198,0.010052000172436237,0.011907000094652176,1.1148500442504883,1.7968499660491943,1.635040044784546,1.937790036201477,1.6108249425888062,1.4664499759674072,1.7379800081253052,0.9098799824714661,1.0784039497375488,1.1850500106811523
2023-03-10,1.0584698915481567,144.35499572753906,0.8877300024032593,0.9873999953269958,1.6065900325775146,1.4639699459075928,1.7349400520324707,136.39500427246094,0.8387500047683716,0.9328500032424927,1.5172200202941895,1.3831000328063965,1.6390199661254883,0.006130999885499477,0.006839000154286623,0.011111999861896038,0.010137000121176243,0.012013999745249748,1.1119500398635864,1.8092399835586548,1.6486599445343018,1.953909993171692,1.6268889904022217,1.482409954071045,1.7567600011825562,0.9111199975013733,1.0798699855804443,1.1849499940872192
2023-03-13,1.0683646202087402,143.66000366210938,0.88441002368927,0.9811400175094604,1.6103099584579468,1.47038996219635,1.7331000566482544,134.97999572753906,0.8278599977493286,0.91839998960495,1.5073399543762207,1.3763799667358398,1.6231659650802612,0.006136000156402588,0.006802999880164862,0.011164000257849693,0.01019699964672327,0.01202400028705597,1.1090799570083618,1.8203400373458862,1.6621400117874146,1.9601999521255493,1.6403659582138062,1.4978599548339844,1.7664200067520142,0.9130200147628784,1.0767840147018433,1.1788699626922607
2023-03-14,1.0725010633468628,142.7429962158203,0.8811299800872803,0.978600025177002,1.6103399991989136,1.4727799892425537,1.7250499725341797,133.11399841308594,0.8216000199317932,0.9124910235404968,1.5016820430755615,1.373520016670227,1.6086699962615967,0.0061530000530183315,0.006852999795228243,0.011260000057518482,0.010312999598681927,0.01208299957215786,1.1100499629974365,1.8270800113677979,1.6714999675750732,1.9575300216674805,1.6447370052337646,1.5051599740982056,1.762719988822937,0.9142000079154968,1.0702999830245972,1.1710100173950195
2023-03-15,1.0727657079696655,144.16900634765625,0.8827499747276306,0.9810199737548828,1.6036900281906128,1.4683899879455566,1.7217700481414795,134.39700317382812,0.8228999972343445,0.9144999980926514,1.4949699640274048,1.3688900470733643,1.6049599647521973,0.0061039999127388,0.006804999895393848,0.011106000281870365,0.010181999765336514,0.011934000067412853,1.1111400127410889,1.8163599967956543,1.663140058517456,1.9500199556350708,1.634469985961914,1.4966399669647217,1.7547199726104736,0.91559898853302,1.0736299753189087,1.1723300218582153
2023-03-16,1.0583354234695435,140.6750030517578,0.8766099810600281,0.985509991645813,1.5990300178527832,1.4566099643707275,1.716689944267273,132.9290008544922,0.8285499811172485,0.9310299754142761,1.5109620094299316,1.3764899969100952,1.6221699714660645,0.006213999819010496,0.0070039997808635235,0.011347999796271324,0.010354000143706799,0.012198000214993954,1.123479962348938,1.8230700492858887,1.6608099937438965,1.9575300216674805,1.6222599744796753,1.4780000448226929,1.7416800260543823,0.9109799861907959,1.073449969291687,1.1782900094985962
2023-03-17,1.0614134073257446,141.552001953125,0.8762800097465515,0.9862099885940552,1.5927799940109253,1.4559500217437744,1.710919976234436,133.3679962158203,0.82573002576828,0.9291700124740601,1.5007350444793701,1.3719099760055542,1.6120200157165527,0.006171999964863062,0.0069670001976192,0.011231999844312668,0.010281000286340714,0.012076999992132187,1.1250900030136108,1.8172099590301514,1.6610499620437622,1.951990008354187,1.6147500276565552,1.476199984550476,1.734570026397705,0.9140999913215637,1.0741289854049683,1.1749099493026733
2023-03-20,1.0678855180740356,141.2530059814453,0.8761299848556519,0.9895700216293335,1.5906000137329102,1.4639300107955933,1.7021600008010864,132.28399658203125,0.8205000162124634,0.9267399907112122,1.4895999431610107,1.3709800243377686,1.5940799713134766,0.0062060002237558365,0.0070050000213086605,0.011258999817073345,0.010363999754190445,0.01205000001937151,1.129289984703064,1.8151400089263916,1.6706199645996094,1.9424899816513062,1.6064900159835815,1.478559970855713,1.7192000150680542,0.9204369783401489,1.0700500011444092,1.1623300313949585
2023-03-21,1.071914792060852,140.83900451660156,0.8732200264930725,0.995959997177124,1.5957399606704712,1.4651999473571777,1.7170699834823608,131.39199829101562,0.8145800232887268,0.9291999936103821,1.4887820482254028,1.3671000003814697,1.6018999814987183,0.006180999800562859,0.007071999832987785,0.011312000453472137,0.010400000028312206,0.012184999883174896,1.1403700113296509,1.8271600008010864,1.6777399778366089,1.9659899473190308,1.6010249853134155,1.4710400104522705,1.7236900329589844,0.9182000160217285,1.0760400295257568,1.1716500520706177
2023-03-22,1.0774236917495728,142.5850067138672,0.8810099959373474,0.9927899837493896,1.6133699417114258,1.4769200086593628,1.739609956741333,132.34800720214844,0.8179900050163269,0.9214699864387512,1.4974770545959473,1.3708800077438354,1.6147300004959106,0.006161999888718128,0.006961999926716089,0.011297999881207943,0.010358000174164772,0.012195000424981117,1.126230001449585,1.830180048942566,1.6754599809646606,1.9737900495529175,1.624809980392456,1.4874900579452515,1.751979947090149,0.9154459834098816,1.0782300233840942,1.1777100563049316
2023-03-23,1.0870392322540283,142.58700561523438,0.8850700259208679,0.9962800145149231,1.6225899457931519,1.490880012512207,1.74413001537323,131.1790008544922,0.8143500089645386,0.9165199995040894,1.4926899671554565,1.3716700077056885,1.604490041732788,0.006186999846249819,0.00698699988424778,0.011359999887645245,0.010452000424265862,0.012221000157296658,1.1254299879074097,1.8328399658203125,1.6839900016784668,1.9700599908828735,1.6273390054702759,1.4963300228118896,1.750309944152832,0.9188770055770874,1.0747900009155273,1.1696300506591797
2023-03-24,1.0835057497024536,141.78399658203125,0.8819199800491333,0.9930800199508667,1.621559977531433,1.4861199855804443,1.7343300580978394,130.86500549316406,0.8142300248146057,0.9164000153541565,1.4966479539871216,1.3717000484466553,1.600790023803711,0.006202999968081713,0.0070039997808635235,0.011420000344514847,0.010479000397026539,0.012225000187754631,1.1253999471664429,1.8375600576400757,1.6842399835586548,1.965809941291809,1.6324659585952759,1.4962899684906006,1.746090054512024,0.9164900183677673,1.0694899559020996,1.1668399572372437
2023-03-27,1.077818512916565,141.02099609375,0.8794999718666077,0.9897000193595886,1.6186000108718872,1.4793100357055664,1.7345000505447388,130.8459930419922,0.8165929913520813,0.9199000000953674,1.502560019493103,1.3727400302886963,1.6100200414657593,0.006219999864697456,0.007021000143140554,0.011462000198662281,0.010489000007510185,0.012292999774217606,1.125,1.839900016784668,1.680899977684021,1.9713200330734253,1.6346800327301025,1.493280053138733,1.7515599727630615,0.9136369824409485,1.0708999633789062,1.1725200414657593
2023-03-28,1.0807071924209595,141.8179931640625,0.8787400126457214,0.9888299703598022,1.6226600408554077,1.4755100011825562,1.7421599626541138,131.23300170898438,0.8131700158119202,0.9150199890136719,1.501479983329773,1.3654099702835083,1.611989974975586,0.006176999770104885,0.006972000002861023,0.011423000134527683,0.01039899978786707,0.012277999892830849,1.1250799894332886,1.8461699485778809,1.6787999868392944,1.982159972190857,1.6406099796295166,1.4919699430465698,1.761389970779419,0.9093289971351624,1.073639988899231,1.1804699897766113
2023-03-29,1.0839520692825317,142.03799438476562,0.879010021686554,0.9975100159645081,1.6161600351333618,1.4732600450515747,1.7330800294876099,131.04600524902344,0.8109999895095825,0.9204000234603882,1.4910000562667847,1.3593300580978394,1.5990500450134277,0.0061690001748502254,0.007023000158369541,0.011358999647200108,0.010371999815106392,0.012192999944090843,1.134809970855713,1.838420033454895,1.676010012626648,1.9715399742126465,1.61981999874115,1.4767500162124634,1.7371400594711304,0.9116359949111938,1.072309970855713,1.1762200593948364
2023-03-30,1.0843634605407715,143.7550048828125,0.8806399703025818,0.9956700205802917,1.6225800514221191,1.4705699682235718,1.7428699731826782,132.5760040283203,0.8121100068092346,0.9180999994277954,1.4964499473571777,1.3563100099563599,1.6073800325393677,0.006105999927967787,0.006924999877810478,0.011266999877989292,0.010223999619483948,0.012113000266253948,1.1304600238800049,1.8418899774551392,1.6698499917984009,1.9789400100708008,1.6280399560928345,1.4769799709320068,1.750290036201477,0.9063420295715332,1.074079990386963,1.184939980506897
2023-03-31,1.0904649496078491,145.24099731445312,0.8802400231361389,0.9959999918937683,1.6237399578094482,1.4744399785995483,1.739259958267212,133.2010040283203,0.8072800040245056,0.9133800268173218,1.488800048828125,1.3521900177001953,1.5949499607086182,0.006039999891072512,0.006856999825686216,0.011157999746501446,0.010147999972105026,0.011963999830186367,1.1312700510025024,1.844249963760376,1.6747100353240967,1.975000023841858,1.6283990144729614,1.4802500009536743,1.7459900379180908,0.907787024974823,1.0711599588394165,1.179419994354248
2023-04-03,1.0803335905075073,144.04600524902344,0.8791599869728088,0.9911199808120728,1.6222200393676758,1.4585100412368774,1.735319972038269,133.3470001220703,0.8138700127601624,0.9175099730491638,1.5017499923706055,1.3501800298690796,1.6064499616622925,0.006082999985665083,0.00687999976798892,0.011241000145673752,0.010122000239789486,0.012033999897539616,1.1271799802780151,1.845039963722229,1.6588000059127808,1.973620057106018,1.6358580589294434,1.4707900285720825,1.7499099969863892,0.8989800214767456,1.0696099996566772,1.1893500089645386
2023-04-04,1.091226577758789,144.3179931640625,0.8780500292778015,0.9956600069999695,1.6068899631500244,1.4653300046920776,1.7309000492095947,132.2989959716797,0.8049499988555908,0.9127100110054016,1.473078966140747,1.343369960784912,1.5866199731826782,0.0060640000738203526,0.006897999905049801,0.011113000102341175,0.0101500004529953,0.011981000192463398,1.1337300539016724,1.8297799825668335,1.668720006942749,1.970900058746338,1.613684058189392,1.4716600179672241,1.73812997341156,0.9116650223731995,1.0771600008010864,1.1809600591659546
2023-04-05,1.0960105657577515,144.00999450683594,0.8766099810600281,0.992330014705658,1.6214200258255005,1.4723299741744995,1.7342000007629395,131.48500061035156,0.8001000285148621,0.9053999781608582,1.4797099828720093,1.3437999486923218,1.5834599733352661,0.0060640000738203526,0.006891999859362841,0.011231999844312668,0.010215999558568,0.012032999657094479,1.1319500207901,1.849079966545105,1.6796300411224365,1.9790500402450562,1.6336300373077393,1.483680009841919,1.748170018196106,0.9081569910049438,1.0700600147247314,1.1781740188598633
2023-04-06,1.090334177017212,142.7220001220703,0.8748300075531006,0.9882299900054932,1.6233500242233276,1.46697998046875,1.7256100177764893,130.9340057373047,0.802370011806488,0.9063599705696106,1.4888299703598022,1.3454300165176392,1.5826499462127686,0.0061079999431967735,0.0069240001030266285,0.011347999796271324,0.010270999744534492,0.012075000442564487,1.1294000148773193,1.8553500175476074,1.6766799688339233,1.972040057182312,1.6406890153884888,1.4843000173568726,1.7458300590515137,0.9034000039100647,1.0628600120544434,1.1760799884796143
2023-04-07,1.0920130014419556,143.7570037841797,0.8778700232505798,0.9876099824905396,1.6360000371932983,1.4735599756240845,1.7484300136566162,131.66900634765625,0.8039230108261108,0.9043999910354614,1.4979000091552734,1.3494999408721924,1.601099967956543,0.00608500000089407,0.006870000157505274,0.011358000338077545,0.010243000462651253,0.012152000330388546,1.1247999668121338,1.8633699417114258,1.6782599687576294,1.9913400411605835,1.655081033706665,1.4918099641799927,1.7699700593948364,0.9006800055503845,1.0687099695205688,1.186310052871704
2023-04-10,1.0913575887680054,144.1529998779297,0.877810001373291,0.9872000217437744,1.6352499723434448,1.4735300540924072,1.7446399927139282,132.0970001220703,0.8044000267982483,0.9042699933052063,1.4984639883041382,1.3503999710083008,1.5987199544906616,0.006068999879062176,0.006845000199973583,0.011323999613523483,0.010219000279903412,0.012091999873518944,1.1240299940109253,1.8626799583435059,1.6784199476242065,1.9872299432754517,1.6561779975891113,1.492400050163269,1.7669700384140015,0.9012439846992493,1.066830039024353,1.1835500001907349
2023-04-11,1.086932897567749,145.06199645996094,0.8770300149917603,0.987820029258728,1.6348600387573242,1.4675899744033813,1.7454400062561035,133.468994140625,0.8069599866867065,0.908810019493103,1.5041439533233643,1.3503400087356567,1.6058100461959839,0.0060270000249147415,0.006808999925851822,0.011247999966144562,0.010112999938428402,0.012025999836623669,1.12608003616333,1.8636900186538696,1.673069953918457,1.9896999597549438,1.6548399925231934,1.4856599569320679,1.7666599750518799,0.8977370262145996,1.0673730373382568,1.189079999923706
2023-04-12,1.0917507410049438,145.84300231933594,0.8781300187110901,0.9858199954032898,1.640660047531128,1.4695199728012085,1.7621699571609497,133.593994140625,0.8044400215148926,0.902899980545044,1.5028549432754517,1.346250057220459,1.6141799688339233,0.006002999842166901,0.006759000010788441,0.011233000084757805,0.010073999874293804,0.012076999992132187,1.1224100589752197,1.8681000471115112,1.6731599569320679,2.00639009475708,1.664031982421875,1.4906500577926636,1.7873599529266357,0.8957099914550781,1.073989987373352,1.198930025100708
2023-04-13,1.0999890565872192,146.3509979248047,0.8802499771118164,0.9850999712944031,1.6421500444412231,1.477869987487793,1.768489956855774,133.0850067138672,0.8004699945449829,0.8957729935646057,1.4927599430084229,1.343999981880188,1.6081600189208984,0.005994000006467104,0.006730999797582626,0.01119800005108118,0.010096999816596508,0.012071999721229076,1.11899995803833,1.8652499914169312,1.678820013999939,2.008810043334961,1.6650700569152832,1.5001100301742554,1.7949800491333008,0.8999459743499756,1.076894998550415,1.1964499950408936
2023-04-14,1.1054610013961792,146.41900634765625,0.8822299838066101,0.9825299978256226,1.6291099786758423,1.4742599725723267,1.7525999546051025,132.48699951171875,0.7983840107917786,0.8889999985694885,1.4740569591522217,1.3339999914169312,1.5864200592041016,0.006006999872624874,0.006709999870508909,0.011106999590992928,0.01006499957293272,0.011969000101089478,1.1134400367736816,1.8460899591445923,1.6706299781799316,1.9868500232696533,1.657770037651062,1.5003299713134766,1.7842199802398682,0.9049299955368042,1.076159954071045,1.1891000270843506
2023-04-17,1.098659634590149,147.1300048828125,0.8857499957084656,0.9829000234603882,1.6380599737167358,1.4678000211715698,1.7711000442504883,133.9709930419922,0.806439995765686,0.8948000073432922,1.491379976272583,1.3365000486373901,1.6125099658966064,0.005998999811708927,0.006678999867290258,0.011114999651908875,0.009975000284612179,0.012027000077068806,1.1095199584960938,1.8492000102996826,1.6573599576950073,1.9993400573730469,1.6655559539794922,1.493499994277954,1.801669955253601,0.8964220285415649,1.0811619758605957,1.2062499523162842
2023-04-18,1.0925379991531372,146.8730010986328,0.8827400207519531,0.981660008430481,1.6305099725723267,1.4631600379943848,1.7671500444412231,134.4250030517578,0.8080499768257141,0.8985099792480469,1.4924479722976685,1.3392000198364258,1.617419958114624,0.0059910002164542675,0.006684000138193369,0.011079000309109688,0.009959000162780285,0.012020999565720558,1.1118600368499756,1.8468400239944458,1.657349944114685,2.001460075378418,1.6607999801635742,1.490440011024475,1.7998900413513184,0.8973299860954285,1.0837119817733765,1.2074999809265137
2023-04-19,1.0975382328033447,147.10800170898438,0.8831700086593628,0.9833300113677979,1.6293799877166748,1.469580054283142,1.7658900022506714,134.04400634765625,0.8047999739646912,0.8959000110626221,1.4846270084381104,1.3390899896621704,1.6089799404144287,0.00598399993032217,0.006684000138193369,0.011052999645471573,0.0099870003759861,0.011993000283837318,1.113219976425171,1.8445099592208862,1.6637200117111206,1.9990299940109253,1.6567000150680542,1.4943499565124512,1.7955199480056763,0.9019100069999695,1.08378005027771,1.2014299631118774
2023-04-20,1.095218300819397,147.51499938964844,0.8811299800872803,0.983020007610321,1.633239984512329,1.4749200344085693,1.7771799564361572,134.70399475097656,0.8045799732208252,0.8977000117301941,1.4913100004196167,1.3467999696731567,1.622849941253662,0.0059529999271035194,0.006663000211119652,0.011052999645471573,0.00999400019645691,0.012039000168442726,1.1152700185775757,1.8530100584030151,1.6738799810409546,2.0165998935699463,1.6611900329589844,1.5002800226211548,1.8076900243759155,0.9030699729919434,1.0881600379943848,1.2047799825668335
2023-04-21,1.0970927476882935,146.96099853515625,0.8814399838447571,0.978659987449646,1.6266599893569946,1.4785399436950684,1.7751200199127197,133.99600219726562,0.8037999868392944,0.8923199772834778,1.4829800128936768,1.348080039024353,1.6183099746704102,0.00597799988463521,0.006659000180661678,0.0110489996150136,0.010057000443339348,0.012066000141203403,1.1101100444793701,1.8448400497436523,1.6765999794006348,2.013170003890991,1.6616300344467163,1.5104700326919556,1.813289999961853,0.9089900255203247,1.0911600589752197,1.2003400325775146
2023-04-24,1.0992271900177002,147.24200439453125,0.8829699754714966,0.9803599715232849,1.6421300172805786,1.4876999855041504,1.7891700267791748,133.96099853515625,0.8032299876213074,0.891700029373169,1.4939899444580078,1.3538399934768677,1.6277600526809692,0.00597700010985136,0.006657999940216541,0.011133000254631042,0.010106000117957592,0.012140999548137188,1.1102299690246582,1.8596400022506714,1.685189962387085,2.0261600017547607,1.674739956855774,1.5176299810409546,1.8246999979019165,0.9061369895935059,1.0894299745559692,1.2022199630737305
2023-04-25,1.1059499979019165,148.24000549316406,0.8845999836921692,0.9807599782943726,1.6492700576782227,1.496340036392212,1.7903800010681152,134.08399963378906,0.800000011920929,0.8870900273323059,1.4916900396347046,1.353369951248169,1.6191999912261963,0.005946999881416559,0.006616000086069107,0.011103999800980091,0.010088999755680561,0.012064999900758266,1.108739972114563,1.8644599914550781,1.6913399696350098,2.0230000019073486,1.6813700199127197,1.5254700183868408,1.8250900506973267,0.9067000150680542,1.0854699611663818,1.1963000297546387
2023-04-26,1.0978394746780396,146.78500366210938,0.8841500282287598,0.9790899753570557,1.654099941253662,1.4949699640274048,1.7858400344848633,133.71099853515625,0.8054900169372559,0.8918200135231018,1.5068409442901611,1.361840009689331,1.6267000436782837,0.006004999857395887,0.006670000031590462,0.011250999756157398,0.010181000456213951,0.012159000150859356,1.1070899963378906,1.8705400228500366,1.6905800104141235,2.0193400382995605,1.689370036125183,1.5268800258636475,1.8237899541854858,0.9037200212478638,1.0794600248336792,1.194350004196167
2023-04-27,1.1047282218933105,147.37899780273438,0.8856300115585327,0.9839400053024292,1.6711299419403076,1.5054600238800049,1.8043800592422485,133.46499633789062,0.801829993724823,0.8908100128173828,1.5132299661636353,1.363070011138916,1.6337499618530273,0.005987999960780144,0.006674999836832285,0.011319000273942947,0.010208000428974628,0.012233000248670578,1.1109600067138672,1.8868000507354736,1.699779987335205,2.0373599529266357,1.6981099843978882,1.5298399925231934,1.8336900472640991,0.9006900191307068,1.0798100233078003,1.1985000371932983
2023-04-28,1.1032048463821411,147.51199340820312,0.8826799988746643,0.9861199855804443,1.6636699438095093,1.5002000331878662,1.7947499752044678,133.802001953125,0.8001599907875061,0.8938800096511841,1.5082050561904907,1.359969973564148,1.6269700527191162,0.005960000213235617,0.006672999821603298,0.011250000447034836,0.010160000063478947,0.012148000299930573,1.1169899702072144,1.8845000267028809,1.6993900537490845,2.0331599712371826,1.6869100332260132,1.5211700201034546,1.8198100328445435,0.9016889929771423,1.0779999494552612,1.1962100267410278
2023-05-01,1.1010911464691162,150.19700622558594,0.8767799735069275,0.9853000044822693,1.665079951286316,1.4928799867630005,1.783869981765747,136.38600158691406,0.7963299751281738,0.8948000073432922,1.5123100280761719,1.3559099435806274,1.6201900243759155,0.0058200000785291195,0.006556999869644642,0.01106599997729063,0.00993799977004528,0.011877999641001225,1.1235599517822266,1.8989800214767456,1.7025500535964966,2.03439998626709,1.6898460388183594,1.5150799751281738,1.8103899955749512,0.8964899778366089,1.07122004032135,1.1948000192642212
2023-05-02,1.0969241857528687,150.8820037841797,0.8785200119018555,0.9826700091362,1.6557999849319458,1.4864100217819214,1.7792099714279175,137.52099609375,0.8008999824523926,0.8958699703216553,1.5099350214004517,1.3552000522613525,1.6221100091934204,0.005803999956697226,0.0065100002102553844,0.01095999963581562,0.009850000031292439,0.011785999871790409,1.118299961090088,1.8847899436950684,1.6916500329971313,2.025089979171753,1.6850999593734741,1.5124599933624268,1.8103300333023071,0.8975149989128113,1.0742809772491455,1.1968300342559814
2023-05-03,1.1010911464691162,150.2565460205078,0.8824700117111206,0.9825000166893005,1.6505299806594849,1.4996099472045898,1.7682499885559082,136.46600341796875,0.8015000224113464,0.8922500014305115,1.498576045036316,1.3619500398635864,1.6060099601745605,0.005853999871760607,0.006535000167787075,0.010967000387609005,0.009975999593734741,0.011761000379920006,1.1129800081253052,1.8698899745941162,1.698799967765808,2.0036299228668213,1.6789790391921997,1.5260900259017944,1.7994699478149414,0.9081000089645386,1.0713690519332886,1.179029941558838
2023-05-04,1.1068925857543945,148.91600036621094,0.8805999755859375,0.9777500033378601,1.6665600538253784,1.5087800025939941,1.7819000482559204,134.54400634765625,0.7956100106239319,0.8834199905395508,1.505679965019226,1.3631900548934937,1.6105899810791016,0.0058929999358952045,0.006564000155776739,0.01119100023061037,0.010126999579370022,0.01196100004017353,1.1099400520324707,1.8921300172805786,1.7132699489593506,2.024209976196289,1.7042449712753296,1.5429099798202515,1.822950005531311,0.9052420258522034,1.0695300102233887,1.181380033493042
2023-05-05,1.102292776107788,147.8939971923828,0.8761000037193298,0.9758599996566772,1.6460399627685547,1.490470051765442,1.7522799968719482,134.1790008544922,0.794700026512146,0.885200023651123,1.4934070110321045,1.3523000478744507,1.589769959449768,0.005901999771595001,0.006597999949008226,0.011106999590992928,0.010075000114738941,0.01183599978685379,1.1140999794006348,1.8788000345230103,1.701640009880066,2.0003199577331543,1.6864099502563477,1.5271999835968018,1.795259952545166,0.9054999947547913,1.0644999742507935,1.1754100322723389
2023-05-08,1.10186767578125,148.96299743652344,0.8723300099372864,0.9818000197410583,1.6325000524520874,1.4742100238800049,1.7491099834442139,135.19900512695312,0.7917299866676331,0.8911700248718262,1.4819899797439575,1.3380000591278076,1.587499976158142,0.005836000200361013,0.0065910001285374165,0.01094099972397089,0.009891999885439873,0.011731999926269054,1.125499963760376,1.8717199563980103,1.68982994556427,2.0049400329589844,1.6627039909362793,1.5012099742889404,1.781149983406067,0.9027929902076721,1.071141004562378,1.1863600015640259
2023-05-09,1.0996140241622925,148.51800537109375,0.8717700242996216,0.9785400032997131,1.6214799880981445,1.4703099727630615,1.7346700429916382,135.072998046875,0.7928500175476074,0.8899099826812744,1.4747099876403809,1.3372399806976318,1.5776400566101074,0.005849000066518784,0.00658900011330843,0.010900000110268593,0.009895999915897846,0.011668999679386616,1.1222000122070312,1.8599200248718262,1.6864800453186035,1.9896800518035889,1.656864047050476,1.5024100542068481,1.7725199460983276,0.9067230224609375,1.0698699951171875,1.179669976234436
2023-05-10,1.096467137336731,148.33099365234375,0.8684399724006653,0.9760199785232544,1.6203800439834595,1.4665299654006958,1.7298699617385864,135.28799438476562,0.7921000123023987,0.8901600241661072,1.4777799844741821,1.337499976158142,1.577589988708496,0.005834999959915876,0.006579999811947346,0.010904000140726566,0.00988100003451109,0.011653999797999859,1.1237200498580933,1.8655600547790527,1.687999963760376,1.9915000200271606,1.6599299907684326,1.5024100542068481,1.772029995918274,0.9051510095596313,1.067486047744751,1.1793400049209595
2023-05-11,1.098406195640564,147.2899932861328,0.8697999715805054,0.9766899943351746,1.6194000244140625,1.4687000513076782,1.7239899635314941,134.08700561523438,0.791953980922699,0.8892899751663208,1.4745099544525146,1.3372100591659546,1.5695600509643555,0.005886000115424395,0.006632000207901001,0.01097899954766035,0.009968000464141369,0.01169500034302473,1.1228599548339844,1.861799955368042,1.6884299516677856,1.9818099737167358,1.65788996219635,1.5035099983215332,1.7647600173950195,0.9068430066108704,1.0643939971923828,1.1736500263214111
2023-05-12,1.0912145376205444,146.76246643066406,0.8721100091934204,0.9756500124931335,1.628659963607788,1.4724400043487549,1.733549952507019,134.4980010986328,0.7994800209999084,0.8939999938011169,1.4925600290298462,1.3493000268936157,1.5887600183486938,0.005923999939113855,0.006647999864071608,0.011075000278651714,0.010029000230133533,0.011801999993622303,1.11844003200531,1.866819977760315,1.6878600120544434,1.9871000051498413,1.6689000129699707,1.5089499950408936,1.7764699459075928,0.9040600061416626,1.0634000301361084,1.1771800518035889
2023-05-15,1.0852696895599365,147.39500427246094,0.8715800046920776,0.9748799800872803,1.63264000415802,1.4707000255584717,1.7506999969482422,135.82200622558594,0.8031499981880188,0.8983799815177917,1.5044599771499634,1.3553999662399292,1.614050030708313,0.0058929999358952045,0.00661400007084012,0.011055000126361847,0.009975999593734741,0.011872000060975552,1.118299961090088,1.8731199502944946,1.6876599788665771,2.009510040283203,1.6744500398635864,1.5086899995803833,1.7963999509811401,0.9009619951248169,1.0727299451828003,1.1905900239944458
2023-05-16,1.0873701572418213,147.92300415039062,0.8679999709129333,0.9736199975013733,1.6223299503326416,1.4641400575637817,1.7415499687194824,136.0449981689453,0.7983899712562561,0.8954600095748901,1.4918689727783203,1.346500039100647,1.6017199754714966,0.0058479998260736465,0.0065819998271763325,0.010947000235319138,0.009894000366330147,0.011764000169932842,1.1214499473571777,1.8687599897384644,1.6865299940109253,2.006040096282959,1.6660280227661133,1.5036200284957886,1.7884999513626099,0.9024199843406677,1.0733699798583984,1.189329981803894
2023-05-17,1.0865668058395386,148.22900390625,0.8702399730682373,0.9740999937057495,1.6321699619293213,1.4642900228500366,1.7419099807739258,136.42999267578125,0.8009999990463257,0.8963500261306763,1.5019999742507935,1.3477200269699097,1.6032299995422363,0.00585100008174777,0.006570000201463699,0.010990999639034271,0.009875000454485416,0.011739999987185001,1.118939995765686,1.8751100301742554,1.6823899745941162,2.0006000995635986,1.675658941268921,1.5033899545669556,1.7884199619293213,0.8970900177955627,1.0672190189361572,1.189479947090149
2023-05-18,1.0838346481323242,149.14300537109375,0.8682100176811218,0.9736999869346619,1.6283400058746338,1.4589999914169312,1.7351000308990479,137.61399841308594,0.8011019825935364,0.8987420201301575,1.5024900436401367,1.3466700315475464,1.6009999513626099,0.005801000166684389,0.006529000122100115,0.010897000320255756,0.009781000204384327,0.011625999584794044,1.121500015258789,1.8754500150680542,1.680899977684021,1.9983500242233276,1.6718300580978394,1.4984500408172607,1.781440019607544,0.8962000012397766,1.0654499530792236,1.1887400150299072
2023-05-19,1.0775396823883057,149.3699951171875,0.8680700063705444,0.9749299883842468,1.6257100105285645,1.4543999433517456,1.7278800010681152,138.6199951171875,0.805649995803833,0.9048699736595154,1.5082999467849731,1.349769949913025,1.6036399602890015,0.005791999865323305,0.006527000106871128,0.010865000076591969,0.009731999598443508,0.011562000028789043,1.123039960861206,1.8726600408554077,1.6752099990844727,1.9903000593185425,1.6672780513763428,1.491510033607483,1.7720600366592407,0.8944900035858154,1.062893033027649,1.1879700422286987
2023-05-22,1.0822745561599731,149.01300048828125,0.8684800267219543,0.972029983997345,1.625309944152832,1.4598400592803955,1.7175999879837036,137.69200134277344,0.8025000095367432,0.8981900215148926,1.5012760162353516,1.3487999439239502,1.59128999710083,0.005807999987155199,0.006523000076413155,0.01088900025933981,0.00979200005531311,0.01154599990695715,1.1191799640655518,1.8713699579238892,1.6808099746704102,1.9827799797058105,1.671779990196228,1.501579999923706,1.7713099718093872,0.8981000185012817,1.0594500303268433,1.179550051689148
2023-05-23,1.0811045169830322,149.91000366210938,0.869350016117096,0.9710000157356262,1.6258100271224976,1.4596799612045288,1.719849944114685,138.6719970703125,0.8042200207710266,0.8982999920845032,1.5038299560546875,1.3502899408340454,1.5907599925994873,0.005779999773949385,0.006477999966591597,0.010827000252902508,0.009732999838888645,0.011462000198662281,1.1168500185012817,1.869729995727539,1.6787400245666504,1.977869987487793,1.6727999448776245,1.5029900074005127,1.7706400156021118,0.8978379964828491,1.0578500032424927,1.177970051765442
2023-05-24,1.076971173286438,149.25799560546875,0.8672699928283691,0.970740020275116,1.6284600496292114,1.4538400173187256,1.72298002243042,138.59800720214844,0.8053299784660339,0.9013100266456604,1.5120400190353394,1.3499399423599243,1.5999499559402466,0.005791000090539455,0.006504000164568424,0.010890999808907509,0.009736999869346619,0.011532999575138092,1.1190999746322632,1.8771100044250488,1.6762299537658691,1.9865399599075317,1.6771600246429443,1.4974299669265747,1.7746399641036987,0.8927950263023376,1.0580400228500366,1.1850199699401855
2023-05-25,1.0757315158843994,149.8179931640625,0.8694300055503845,0.9726200103759766,1.643339991569519,1.4615000486373901,1.761620044708252,139.2830047607422,0.8083400130271912,0.9039999842643738,1.5278600454330444,1.3588500022888184,1.6377099752426147,0.0057830000296235085,0.006492000073194504,0.010951000265777111,0.009751000441610813,0.011745999567210674,1.1184699535369873,1.8900400400161743,1.6809200048446655,2.0258800983428955,1.6893500089645386,1.5024700164794922,1.8107999563217163,0.8892899751663208,1.0717799663543701,1.2051000595092773
2023-05-26,1.0724436044692993,150.1490020751953,0.8705099821090698,0.9705899953842163,1.6497000455856323,1.463070034980774,1.771530032157898,140.01699829101562,0.8118000030517578,0.9050499796867371,1.5388200283050537,1.3643200397491455,1.6519639492034912,0.005776999983936548,0.006463999859988689,0.010971000418066978,0.009739000350236893,0.011787000112235546,1.1146199703216553,1.8954700231552124,1.6803100109100342,2.0347900390625,1.7000700235366821,1.507290005683899,1.8250700235366821,0.8865460157394409,1.0734100341796875,1.210729956626892
2023-05-29,1.0723055601119995,151.0489959716797,0.8684300184249878,0.9710999727249146,1.6427799463272095,1.4586000442504883,1.7695000171661377,140.87100219726562,0.8099200129508972,0.9056900143623352,1.532099962234497,1.3609000444412231,1.6507600545883179,0.0057299998588860035,0.006428999826312065,0.010858000256121159,0.009655999951064587,0.011711999773979187,1.1181600093841553,1.8915899991989136,1.6800899505615234,2.0380499362945557,1.690330982208252,1.5023000240325928,1.8223600387573242,0.8881300091743469,1.0773930549621582,1.2129299640655518
2023-05-30,1.0707669258117676,150.37100219726562,0.8670099973678589,0.9683700203895569,1.6400699615478516,1.4564499855041504,1.7713299989700317,140.4409942626953,0.8097599744796753,0.9044600129127502,1.5317449569702148,1.3601000308990479,1.6543999910354614,0.005745000205934048,0.006438999902456999,0.010883999988436699,0.009682999923825264,0.011768000200390816,1.1168500185012817,1.8910599946975708,1.6797900199890137,2.0428500175476074,1.6932510137557983,1.5038599967956543,1.8289300203323364,0.8880500197410583,1.0800299644470215,1.216040015220642
2023-05-31,1.073306918144226,150.01199340820312,0.864579975605011,0.9721999764442444,1.6464300155639648,1.4594199657440186,1.7740000486373901,139.79200744628906,0.805679976940155,0.9057999849319458,1.5342600345611572,1.359969973564148,1.6537699699401855,0.005743999965488911,0.00648100022226572,0.010955999605357647,0.009724999777972698,0.011820999905467033,1.1245100498199463,1.9040700197219849,1.687749981880188,2.0524399280548096,1.693107008934021,1.5008100271224976,1.8249900341033936,0.8863999843597412,1.0779500007629395,1.2158900499343872
2023-06-01,1.0695186853408813,148.76300048828125,0.8589000105857849,0.9730100035667419,1.643399953842163,1.4504400491714478,1.7747100591659546,139.1269989013672,0.803409993648529,0.9098899960517883,1.5369479656219482,1.356600046157837,1.6597199440002441,0.005754999816417694,0.006539999973028898,0.011026999913156033,0.009747999720275402,0.011927999556064606,1.1325700283050537,1.912600040435791,1.6885099411010742,2.065659999847412,1.6887400150299072,1.4907000064849854,1.8236700296401978,0.88264000415802,1.0797799825668335,1.2232500314712524
2023-06-02,1.0760787725448608,149.29400634765625,0.8590199947357178,0.9743800163269043,1.6357699632644653,1.4466999769210815,1.773900032043457,138.7480010986328,0.7983400225639343,0.9055899977684021,1.5202200412750244,1.3443000316619873,1.6485899686813354,0.005733999889343977,0.006525999866425991,0.010935000143945217,0.009685000404715538,0.011873000301420689,1.1342400312423706,1.9039100408554077,1.6839699745178223,2.064840078353882,1.677008032798767,1.4845000505447388,1.8202199935913086,0.8843200206756592,1.0843850374221802,1.2260500192642212
2023-06-05,1.0698620080947876,149.97900390625,0.8605599999427795,0.9731000065803528,1.6212999820709229,1.4364299774169922,1.7657099962234497,140.20700073242188,0.8044899702072144,0.9097200036048889,1.5151519775390625,1.342829942703247,1.6506600379943848,0.005717999767512083,0.00648800004273653,0.010790999978780746,0.00957299955189228,0.011766999959945679,1.1306999921798706,1.8838599920272827,1.6690000295639038,2.0516200065612793,1.6658339500427246,1.4758800268173218,1.8142000436782837,0.8858799934387207,1.0889699459075928,1.2291100025177002
2023-06-06,1.0711798667907715,149.29400634765625,0.86149001121521,0.9703699946403503,1.6197400093078613,1.4403799772262573,1.7644399404525757,139.38299560546875,0.8043000102043152,0.9059000015258789,1.5120600461959839,1.3447999954223633,1.647279977798462,0.005750999785959721,0.006498999893665314,0.01082799956202507,0.00964299961924553,0.011811000294983387,1.1262500286102295,1.8797500133514404,1.6717000007629395,2.0478899478912354,1.6680569648742676,1.4843100309371948,1.8182100057601929,0.8893380165100098,1.0893499851226807,1.2247799634933472
2023-06-07,1.0698047876358032,149.25599670410156,0.8607100248336792,0.970329999923706,1.6017099618911743,1.4333000183105469,1.7600300312042236,139.52699279785156,0.8046000003814697,0.9071300029754639,1.4972100257873535,1.339859962463379,1.645169973373413,0.0057470002211630344,0.0065009999088943005,0.010711999610066414,0.009597999975085258,0.011781999841332436,1.1271899938583374,1.8605400323867798,1.6650899648666382,2.044100046157837,1.650320053100586,1.4768799543380737,1.813420057296753,0.8948590159416199,1.0987650156021118,1.2277799844741821
2023-06-08,1.0707440376281738,149.78799438476562,0.8603600263595581,0.9738199710845947,1.6080100536346436,1.4315600395202637,1.7721400260925293,139.8990020751953,0.8034800291061401,0.9095399975776672,1.501816987991333,1.3371599912643433,1.6549999713897705,0.005723999813199043,0.0065009999088943005,0.010711999610066414,0.00955399964004755,0.01182899996638298,1.131790041923523,1.868690013885498,1.6638599634170532,2.0594799518585205,1.6499300003051758,1.4699599742889404,1.8193800449371338,0.8902009725570679,1.1021100282669067,1.2375600337982178
2023-06-09,1.078271746635437,149.72000122070312,0.8583800196647644,0.9691299796104431,1.6063599586486816,1.4407000541687012,1.7691700458526611,138.86300659179688,0.796209990978241,0.8986999988555908,1.4897359609603882,1.3361999988555908,1.6408499479293823,0.005714000202715397,0.006473000161349773,0.010707000270485878,0.009618000127375126,0.01180499978363514,1.1288599967956543,1.8707000017166138,1.6780699491500854,2.0606799125671387,1.6570830345153809,1.4863500595092773,1.8252400159835815,0.8969230055809021,1.1013970375061035,1.2278800010681152
2023-06-12,1.0750954151153564,149.82000732421875,0.8544899821281433,0.9713000059127808,1.5938199758529663,1.433750033378601,1.7535500526428223,139.37100219726562,0.7948499917984009,0.9031999707221985,1.4825799465179443,1.3336800336837769,1.631160020828247,0.005683000199496746,0.006479999981820583,0.01063700020313263,0.009569000452756882,0.01169500034302473,1.1362199783325195,1.8651200532913208,1.6777600049972534,2.051990032196045,1.641219973564148,1.4763699769973755,1.8056999444961548,0.8994899988174438,1.1001620292663574,1.2229199409484863
2023-06-13,1.0762988328933716,150.09100341796875,0.8596600294113159,0.9776899814605713,1.5937299728393555,1.4381999969482422,1.7559700012207031,139.4600067138672,0.799019992351532,0.90829998254776,1.480800986289978,1.336300015449524,1.63155996799469,0.005708999931812286,0.006513999775052071,0.010598000138998032,0.009579000063240528,0.011688999831676483,1.1369099617004395,1.8527699708938599,1.6720800399780273,2.041300058364868,1.6297529935836792,1.4708600044250488,1.7957299947738647,0.9024099707603455,1.101789951324463,1.2207399606704712
2023-06-14,1.078934907913208,151.23199462890625,0.8555700182914734,0.9766200184822083,1.5938299894332886,1.436400055885315,1.7515699863433838,140.177001953125,0.7932199835777283,0.9052600264549255,1.4772599935531616,1.331470012664795,1.6235300302505493,0.005638000089675188,0.0064570000395178795,0.010518999770283699,0.00949500035494566,0.011574000120162964,1.1411700248718262,1.8618500232696533,1.6784499883651733,2.0466299057006836,1.6316670179367065,1.4706599712371826,1.7932499647140503,0.9012629985809326,1.0989199876785278,1.2192399501800537
2023-06-15,1.084304690361023,151.76499938964844,0.8554099798202515,0.9759699702262878,1.5952600240707397,1.4448599815368652,1.749650001525879,139.9770050048828,0.7892100214958191,0.9000800251960754,1.4712599515914917,1.3326400518417358,1.6137100458145142,0.005619000177830458,0.006430999841541052,0.010494999587535858,0.00951599981635809,0.011521000415086746,1.1402699947357178,1.8637499809265137,1.6881500482559204,2.0445399284362793,1.6341300010681152,1.4802500009536743,1.7923500537872314,0.9057940244674683,1.0967700481414795,1.210729956626892
2023-06-16,1.0945948362350464,153.52699279785156,0.8560500144958496,0.9760000109672546,1.5908000469207764,1.4472399950027466,1.755329966545105,140.26800537109375,0.7821199893951416,0.8916400074958801,1.4534250497817993,1.3221900463104248,1.6037499904632568,0.005555999930948019,0.006357000209391117,0.010343999601900578,0.009422999806702137,0.01142599992454052,1.1397600173950195,1.858180046081543,1.6901400089263916,2.050309896469116,1.6296900510787964,1.4826200008392334,1.7982399463653564,0.9096599817276001,1.103335976600647,1.2127599716186523
2023-06-19,1.0942115783691406,155.17999267578125,0.8525999784469604,0.9785000085830688,1.5913000106811523,1.4434000253677368,1.7545000314712524,141.86700439453125,0.7793999910354614,0.8942000269889832,1.454334020614624,1.3198000192642212,1.6046210527420044,0.00547399977222085,0.006295999977737665,0.01023900043219328,0.00930000003427267,0.01130599994212389,1.1476000547409058,1.8667000532150269,1.6928999423980713,2.0589001178741455,1.6249589920043945,1.4750959873199463,1.7936559915542603,0.9067999720573425,1.1025999784469604,1.2155430316925049
2023-06-20,1.0924304723739624,155.0070037841797,0.8537600040435791,0.9785799980163574,1.5944600105285645,1.4429800510406494,1.7613199949264526,141.8990020751953,0.7815700173377991,0.8957800269126892,1.4595600366592407,1.3209500312805176,1.612280011177063,0.005487999878823757,0.006312999874353409,0.010266000404953957,0.009305000305175781,0.011353000067174435,1.1461000442504883,1.8672000169754028,1.690000057220459,2.0627200603485107,1.6290299892425537,1.474310040473938,1.7994600534439087,0.9049909710884094,1.104640007019043,1.2204300165176392
2023-06-21,1.0920368432998657,154.33599853515625,0.8553100228309631,0.9802299737930298,1.6085100173950195,1.444200038909912,1.7707200050354004,141.3350067138672,0.7833700180053711,0.8976699709892273,1.4730099439620972,1.3225599527359009,1.6215900182724,0.005522000137716532,0.006351000163704157,0.010400000028312206,0.009352999739348888,0.011471999809145927,1.1458699703216553,1.8801000118255615,1.6879700422286987,2.0698299407958984,1.6406890153884888,1.473099946975708,1.8061660528182983,0.8978180289268494,1.1007499694824219,1.2259989976882935
2023-06-22,1.0992635488510132,155.73699951171875,0.8607000112533569,0.9808800220489502,1.6166599988937378,1.4465299844741821,1.7709399461746216,141.68800354003906,0.7829599976539612,0.892300009727478,1.4708689451217651,1.316100001335144,1.6110600233078003,0.005506000015884638,0.006297999992966652,0.010359999723732471,0.009286000393331051,0.011361000128090382,1.139299988746643,1.8782800436019897,1.680780053138733,2.0573999881744385,1.6479350328445435,1.474560022354126,1.805050015449524,0.8946999907493591,1.0952869653701782,1.2239999771118164
2023-06-23,1.0958904027938843,156.6999969482422,0.8593999743461609,0.9804999828338623,1.6205099821090698,1.440209984779358,1.7720199823379517,143.02999877929688,0.7844899892807007,0.8948799967765808,1.4791369438171387,1.3145899772644043,1.6173900365829468,0.00546600017696619,0.006256999913603067,0.010324000380933285,0.009186999872326851,0.01129900012165308,1.140720009803772,1.8851499557495117,1.6756000518798828,2.061539888381958,1.6525100469589233,1.4687299728393555,1.8070199489593506,0.888700008392334,1.0935100317001343,1.2302099466323853
2023-06-26,1.0906671285629272,156.54800415039062,0.8567500114440918,0.9768999814987183,1.6325099468231201,1.4357399940490723,1.773710012435913,143.54100036621094,0.7855700254440308,0.8957800269126892,1.4968899488449097,1.3164700269699097,1.6263600587844849,0.005452000070363283,0.006240000016987324,0.010409999638795853,0.00916799996048212,0.011316999793052673,1.1402100324630737,1.905400037765503,1.6756999492645264,2.0701398849487305,1.6708500385284424,1.4694499969482422,1.8153599500656128,0.8794260025024414,1.0864349603652954,1.2352700233459473
2023-06-27,1.091048002243042,156.51199340820312,0.8579699993133545,0.9771999716758728,1.6345000267028809,1.4346799850463867,1.7702300548553467,143.4600067138672,0.7866600155830383,0.895609974861145,1.4982399940490723,1.315000057220459,1.6225600242614746,0.005462999921292067,0.00624299980700016,0.010443000122904778,0.00916299968957901,0.011297999881207943,1.138260006904602,1.904039978981018,1.6715999841690063,2.0624399185180664,1.6723899841308594,1.4679499864578247,1.8111799955368042,0.8776800036430359,1.0829600095748901,1.2336900234222412
2023-06-28,1.0957223176956177,157.63800048828125,0.8596600294113159,0.979200005531311,1.6399199962615967,1.445989966392517,1.7796299457550049,143.8820037841797,0.7846400141716003,0.893750011920929,1.4966919422149658,1.3197699785232544,1.624060034751892,0.0054339999333024025,0.006211999803781509,0.010382999666035175,0.00916799996048212,0.01128000020980835,1.1389700174331665,1.9072999954223633,1.6818499565124512,2.0694000720977783,1.6743600368499756,1.4764800071716309,1.8169300556182861,0.8817740082740784,1.0851800441741943,1.2304600477218628
2023-06-29,1.0915838479995728,157.60800170898438,0.8632500171661377,0.9787600040435791,1.653749942779541,1.4464399814605713,1.7970099449157715,144.38900756835938,0.7909799814224243,0.8966599702835083,1.5150099992752075,1.3251800537109375,1.64628005027771,0.005458000116050243,0.006209999788552523,0.010470000095665455,0.009173999540507793,0.011389999650418758,1.1334400177001953,1.9152699708938599,1.6752300262451172,2.081089973449707,1.689389944076538,1.4776999950408936,1.835710048675537,0.8745999932289124,1.086588978767395,1.2421499490737915
2023-06-30,1.0868029594421387,157.34800720214844,0.8614799976348877,0.9771599769592285,1.6417499780654907,1.4399399757385254,1.7912700176239014,144.77999877929688,0.7927299737930298,0.8991400003433228,1.510640025138855,1.3250000476837158,1.648319959640503,0.005456000100821257,0.006209999788552523,0.010414999909698963,0.009147999808192253,0.011376000009477139,1.1341400146484375,1.9055099487304688,1.6713000535964966,2.0791499614715576,1.6798820495605469,1.473449945449829,1.832990050315857,0.8770549893379211,1.0911500453948975,1.243899941444397
2023-07-03,1.0907504558563232,157.49200439453125,0.8592600226402283,0.9764000177383423,1.6380800008773804,1.4451600313186646,1.780400037765503,144.3979949951172,0.7878199815750122,0.8949999809265137,1.5018800497055054,1.3250000476837158,1.6307400465011597,0.005435999948531389,0.006198999937623739,0.010381000116467476,0.009173000231385231,0.011284000240266323,1.136199951171875,1.9062999486923218,1.6817599534988403,2.0697999000549316,1.6774699687957764,1.4799100160598755,1.8213800191879272,0.8821840286254883,1.0856800079345703,1.2306100130081177
2023-07-04,1.091309905052185,157.7740020751953,0.8597300052642822,0.9778000116348267,1.635040044784546,1.4457099437713623,1.772779941558838,144.58399963378906,0.7878400087356567,0.895799994468689,1.498329997062683,1.3248000144958496,1.6244299411773682,0.005429000128060579,0.006196000147610903,0.010343000292778015,0.009158999659121037,0.011225000023841858,1.1369999647140503,1.901710033416748,1.6814600229263306,2.061300039291382,1.6721570491790771,1.4785200357437134,1.812880039215088,0.8842570185661316,1.0841699838638306,1.2260199785232544
2023-07-05,1.0884946584701538,157.13999938964844,0.8553799986839294,0.975820004940033,1.6259000301361084,1.4390300512313843,1.755679965019226,144.406005859375,0.7863100171089172,0.8966400027275085,1.4941649436950684,1.322350025177002,1.6133999824523926,0.005425000097602606,0.006209999788552523,0.010328000411391258,0.009157000109553337,0.011163000017404556,1.140089988708496,1.8997199535369873,1.6813000440597534,2.0517098903656006,1.6650019884109497,1.4745099544525146,1.7988699674606323,0.8847000002861023,1.0797499418258667,1.2198799848556519
2023-07-06,1.0856584310531616,156.84300231933594,0.8543999791145325,0.9753000140190125,1.6311999559402466,1.4421700239181519,1.7569999694824219,144.48899841308594,0.78711998462677,0.8985199928283691,1.5022000074386597,1.3285900354385376,1.6189099550247192,0.005427999887615442,0.00621799984946847,0.010382000356912613,0.009189999662339687,0.011196999810636044,1.1414400339126587,1.9091999530792236,1.687790036201477,2.0566000938415527,1.6721800565719604,1.4784799814224243,1.801550030708313,0.8840699791908264,1.0772500038146973,1.218400001525879
2023-07-07,1.0890636444091797,156.75999450683594,0.8546000123023987,0.9749100208282471,1.6429200172424316,1.455430030822754,1.766950011253357,143.9510040283203,0.7847599983215332,0.8952800035476685,1.5086599588394165,1.3365399837493896,1.6224499940872192,0.005431999918073416,0.006219000089913607,0.010479999706149101,0.00928100012242794,0.011265999637544155,1.1406699419021606,1.9222300052642822,1.702839970588684,2.0673000812530518,1.6849199533462524,1.4926700592041016,1.8120299577713013,0.8858000040054321,1.0753099918365479,1.2138299942016602
2023-07-10,1.0969723463058472,155.9499969482422,0.8543999791145325,0.9748899936676025,1.6397299766540527,1.4557000398635864,1.7672200202941895,142.20899963378906,0.7788800001144409,0.8888999819755554,1.495129942893982,1.3278000354766846,1.6113699674606323,0.005458000116050243,0.006250999867916107,0.010495999827980995,0.009332999587059021,0.011323000304400921,1.1412299871444702,1.919510006904602,1.7046799659729004,2.068690061569214,1.681689977645874,1.4935200214385986,1.812440037727356,0.8880100250244141,1.0776400566101074,1.213420033454895
2023-07-11,1.100594401359558,155.49099731445312,0.8554999828338623,0.9740700125694275,1.6482700109481812,1.4608399868011475,1.7731900215148926,141.2969970703125,0.7773200273513794,0.885129988193512,1.497230052947998,1.3273999691009521,1.6112099885940552,0.005481000058352947,0.006264000199735165,0.010576999746263027,0.00939099956303835,0.011390999890863895,1.1386100053787231,1.9265999794006348,1.707550048828125,2.072629928588867,1.691830039024353,1.4995100498199463,1.8201099634170532,0.8862299919128418,1.0757100582122803,1.2136800289154053
2023-07-12,1.101406455039978,154.3090057373047,0.8511999845504761,0.967769980430603,1.6453100442886353,1.4564000368118286,1.7764699459075928,140.1179962158203,0.7731099724769592,0.8787599802017212,1.4939199686050415,1.3227699995040894,1.613010048866272,0.005497000180184841,0.006271000020205975,0.010645000264048576,0.009437999688088894,0.011498999781906605,1.1362299919128418,1.9325000047683716,1.7105799913406372,2.0862300395965576,1.6998399496078491,1.5052200555801392,1.8352999687194824,0.88544100522995,1.079759955406189,1.2192000150680542
2023-07-13,1.1144545078277588,154.07000732421875,0.857200026512146,0.9654099941253662,1.6396000385284424,1.468440055847168,1.7667200565338135,138.31500244140625,0.7694500088691711,0.8666099905967712,1.4721499681472778,1.3182799816131592,1.5859899520874023,0.005541999824345112,0.006266000214964151,0.010623999871313572,0.009526999667286873,0.011454000137746334,1.126170039176941,1.913159966468811,1.7131400108337402,2.061110019683838,1.6983979940414429,1.520859956741333,1.8299299478530884,0.8953800201416016,1.077273964881897,1.202970027923584
2023-07-14,1.1223469972610474,154.95599365234375,0.8548300266265869,0.9641799926757812,1.6292999982833862,1.4715800285339355,1.755910038948059,138.0749969482422,0.7616999745368958,0.8591200113296509,1.4516700506210327,1.3112499713897705,1.564479947090149,0.005497000180184841,0.006221999879926443,0.010497000068426132,0.009492999874055386,0.011320999823510647,1.1277999877929688,1.9056799411773682,1.7213000059127808,2.053719997406006,1.6895099878311157,1.5260100364685059,1.8208099603652954,0.9032210111618042,1.0776300430297852,1.1930400133132935
2023-07-17,1.1227755546569824,155.70399475097656,0.8576700091362,0.9677799940109253,1.6418399810791016,1.4848999977111816,1.7636300325393677,138.6820068359375,0.7639300227165222,0.8618999719619751,1.4624600410461426,1.3224999904632568,1.570889949798584,0.005487999878823757,0.0062049999833106995,0.010525000281631947,0.00953300017863512,0.01131800003349781,1.1282999515533447,1.9142099618911743,1.7311999797821045,2.0561399459838867,1.6963900327682495,1.534209966659546,1.8221900463104248,0.9039000272750854,1.0740940570831299,1.1876100301742554
2023-07-18,1.1237596273422241,155.88699340820312,0.8596400022506714,0.9667999744415283,1.6499700546264648,1.4833799600601196,1.7777899503707886,138.72900390625,0.7650099992752075,0.8603500127792358,1.4683209657669067,1.3201500177383423,1.5819799900054932,0.005493999924510717,0.006202000193297863,0.010563000105321407,0.009511999785900116,0.011393999680876732,1.124400019645691,1.9191299676895142,1.7253799438476562,2.067770004272461,1.7064100503921509,1.534190058708191,1.8385200500488281,0.899058997631073,1.0774400234222412,1.1982699632644653
2023-07-19,1.1228890419006348,156.10299682617188,0.8613799810409546,0.9630299806594849,1.6476199626922607,1.4783300161361694,1.7831000089645386,139.02699279785156,0.7671599984169006,0.8576499819755554,1.4673899412155151,1.3166199922561646,1.5880600214004517,0.005497999954968691,0.0061690001748502254,0.010537000373005867,0.009464999660849571,0.011416000314056873,1.1175999641418457,1.9126700162887573,1.716130018234253,2.069930076599121,1.710710048675537,1.5348999500274658,1.8513400554656982,0.8971700072288513,1.0812000036239624,1.2060699462890625
2023-07-20,1.120523452758789,156.41400146484375,0.8660399913787842,0.961329996585846,1.6549999713897705,1.4748300313949585,1.789039969444275,139.59800720214844,0.7728099822998047,0.85794997215271,1.4771050214767456,1.3163000345230103,1.596709966659546,0.005518000107258558,0.006146000232547522,0.010563000105321407,0.009425999596714973,0.011429999954998493,1.1098500490188599,1.910789966583252,1.7027900218963623,2.065659999847412,1.7200900316238403,1.5340800285339355,1.8608399629592896,0.8911100029945374,1.0809299945831299,1.2129199504852295
2023-07-21,1.113709807395935,155.718994140625,0.8649399876594543,0.9645199775695801,1.6426000595092773,1.4664000272750854,1.7870399951934814,139.86399841308594,0.7768599987030029,0.8662599921226501,1.4753199815750122,1.3174200057983398,1.6050599813461304,0.005534000229090452,0.006194000132381916,0.010528000071644783,0.009415999986231327,0.01146399974822998,1.1150699853897095,1.8989900350570679,1.6957499980926514,2.065969944000244,1.7028299570083618,1.5205899477005005,1.8525700569152832,0.8929380178451538,1.087839961051941,1.2182300090789795
2023-07-24,1.112532615661621,157.6929931640625,0.8655099868774414,0.963670015335083,1.6540299654006958,1.471250057220459,1.803629994392395,141.75,0.777999997138977,0.8662400245666504,1.4868119955062866,1.3223999738693237,1.621008038520813,0.005468000192195177,0.006111000198870897,0.01046799961477518,0.009325999766588211,0.011428999714553356,1.1133500337600708,1.9109400510787964,1.6997699737548828,2.0833001136779785,1.7152659893035889,1.526550054550171,1.8713899850845337,0.8894199728965759,1.0903400182724,1.2258199453353882
2023-07-25,1.1063170433044434,156.54600524902344,0.8633999824523926,0.9623200297355652,1.6431699991226196,1.4574300050735474,1.7842899560928345,141.52200317382812,0.7804800271987915,0.8698899745941162,1.485219955444336,1.3174599409103394,1.6128499507904053,0.005495999939739704,0.006147000007331371,0.010475000366568565,0.009305000305175781,0.011389000341296196,1.114490032196045,1.9028400182724,1.6877800226211548,2.0657999515533447,1.707170009613037,1.514359951019287,1.8538399934768677,0.8870000243186951,1.085886001586914,1.2240899801254272
2023-07-26,1.1050456762313843,155.70899963378906,0.8569899797439575,0.9553200006484985,1.6279799938201904,1.457170009613037,1.777500033378601,140.91299438476562,0.7755600214004517,0.8645300269126892,1.4732749462127686,1.3187099695205688,1.6086000204086304,0.005483999848365784,0.006134999915957451,0.01043699961155653,0.009358000010251999,0.011408000253140926,1.1145000457763672,1.8995399475097656,1.7002400159835815,2.0739998817443848,1.7039400339126587,1.5251599550247192,1.8604300022125244,0.8949310183525085,1.0918300151824951,1.219730019569397
2023-07-27,1.1078368425369263,155.49400329589844,0.856939971446991,0.9544500112533569,1.63864004611969,1.462649941444397,1.7831799983978271,140.36700439453125,0.7735599875450134,0.8615400195121765,1.4792900085449219,1.3204599618911743,1.6097099781036377,0.005491000134497881,0.006136999931186438,0.010518999770283699,0.00940299965441227,0.011467999778687954,1.1136800050735474,1.912160038948059,1.7067899703979492,2.08092999458313,1.716709017753601,1.5324300527572632,1.8681199550628662,0.8925179839134216,1.087399959564209,1.2189600467681885
2023-07-28,1.0978755950927734,152.43099975585938,0.8580800294876099,0.9538400173187256,1.635849952697754,1.4521900415420532,1.7742400169372559,138.86399841308594,0.7816299796104431,0.8688499927520752,1.48989999294281,1.322700023651123,1.616170048713684,0.005609000101685524,0.006256999913603067,0.010711999610066414,0.0095210000872612,0.011632000096142292,1.1112099885940552,1.906149983406067,1.692270040512085,2.0675699710845947,1.7148000001907349,1.522279977798462,1.8598699569702148,0.8873419761657715,1.0845400094985962,1.2216700315475464
2023-07-31,1.1024264097213745,155.16799926757812,0.8575999736785889,0.958869993686676,1.655019998550415,1.4607599973678589,1.7895300388336182,140.75799560546875,0.777970016002655,0.8698199987411499,1.5013200044631958,1.3250999450683594,1.6233500242233276,0.0055069997906684875,0.006178999785333872,0.01064400002360344,0.009409000165760517,0.011524000205099583,1.1179900169372559,1.9296300411224365,1.703160047531128,2.086479902267456,1.725790023803711,1.5232399702072144,1.8660800457000732,0.8825600147247314,1.0812309980392456,1.2249699831008911
2023-08-01,1.0997591018676758,156.51300048828125,0.8568699955940247,0.9585700035095215,1.6372900009155273,1.4508099555969238,1.772320032119751,142.322998046875,0.7791799902915955,0.871649980545044,1.488800048828125,1.319200038909912,1.6116299629211426,0.00545499986037612,0.0061240000650286674,0.010460999794304371,0.009270000271499157,0.0113129997625947,1.118630051612854,1.910640001296997,1.6932200193405151,2.0682499408721924,1.7078299522399902,1.5134899616241455,1.8487199544906616,0.8861730098724365,1.0824099779129028,1.2214000225067139
2023-08-02,1.1007881164550781,157.35400390625,0.8602399826049805,0.9604799747467041,1.6633800268173218,1.460610032081604,1.7923099994659424,142.97000122070312,0.7815099954605103,0.8723800182342529,1.5111199617385864,1.3268500566482544,1.6282700300216675,0.005446000024676323,0.006101999897509813,0.010568000376224518,0.009279999881982803,0.011377000249922276,1.1164400577545166,1.9330300092697144,1.6973700523376465,2.083329916000366,1.7316319942474365,1.5205399990081787,1.8658499717712402,0.8780720233917236,1.077430009841919,1.2270100116729736
2023-08-03,1.0944151878356934,156.86099243164062,0.860319972038269,0.960099995136261,1.673009991645813,1.4602400064468384,1.798009991645813,143.343994140625,0.7861400246620178,0.8773099780082703,1.5278840065002441,1.33433997631073,1.6430339813232422,0.005464000161737204,0.006120999809354544,0.010645000264048576,0.009304000064730644,0.011452999897301197,1.1159199476242065,1.9443700313568115,1.697219967842102,2.089099884033203,1.7422209978103638,1.5207500457763672,1.8726099729537964,0.8728200197219849,1.0747699737548828,1.231279969215393
2023-08-04,1.095158338546753,156.15499877929688,0.8611000180244446,0.9574300050735474,1.6690900325775146,1.462049961090088,1.800469994544983,142.59800720214844,0.7863900065422058,0.8742200136184692,1.524109959602356,1.3350600004196167,1.6440900564193726,0.005495000164955854,0.006130999885499477,0.01066800020635128,0.009359000250697136,0.011521999724209309,1.1116000413894653,1.9378600120544434,1.697540044784546,2.0899999141693115,1.7431620359420776,1.526919960975647,1.8803600072860718,0.875918984413147,1.0786700248718262,1.231369972229004
2023-08-07,1.1002674102783203,156.0959930419922,0.8630599975585938,0.9617699980735779,1.6736500263214111,1.471500039100647,1.8036099672317505,141.87600708007812,0.7844399809837341,0.8741499781608582,1.521209955215454,1.3372999429702759,1.6393200159072876,0.005508999805897474,0.0061610001139342785,0.01070099975913763,0.009422999806702137,0.011553999967873096,1.1143100261688232,1.9391100406646729,1.7048900127410889,2.0896799564361572,1.739989995956421,1.529829978942871,1.875100016593933,0.8791859745979309,1.0765999555587769,1.225600004196167
2023-08-08,1.100315809249878,156.8090057373047,0.8607800006866455,0.9604399800300598,1.6740100383758545,1.4707000255584717,1.801740050315857,142.5240020751953,0.7823500037193298,0.8726999759674072,1.5214699506759644,1.3371200561523438,1.6375800371170044,0.005468000192195177,0.0061240000650286674,0.010653000324964523,0.009379000402987003,0.011478999629616737,1.1157200336456299,1.9446500539779663,1.709030032157898,2.0930399894714355,1.7427599430084229,1.531599998474121,1.8757400512695312,0.8787990212440491,1.0760539770126343,1.2245899438858032
2023-08-09,1.0958904027938843,157.0019989013672,0.860040009021759,0.9595400094985962,1.6777499914169312,1.4713799953460693,1.8092900514602661,143.2779998779297,0.7848299741744995,0.8755999803543091,1.5310180187225342,1.3424999713897705,1.65106999874115,0.005458000116050243,0.006111000198870897,0.010683000087738037,0.009367000311613083,0.011517000384628773,1.115630030632019,1.9505000114440918,1.7106499671936035,2.1035900115966797,1.7481600046157837,1.5332900285720825,1.8853600025177002,0.8770359754562378,1.078395962715149,1.2295299768447876
2023-08-10,1.0977671146392822,157.7689971923828,0.8629500269889832,0.9626100063323975,1.679419994354248,1.4729700088500977,1.8107600212097168,143.7270050048828,0.7861599922180176,0.8766999840736389,1.5298000574111938,1.341879963874817,1.6496000289916992,0.005450000055134296,0.006101000122725964,0.010626000352203846,0.009332000277936459,0.011470000259578228,1.1154199838638306,1.9459799528121948,1.7064000368118286,2.098170042037964,1.7444299459457397,1.5299700498580933,1.8808300495147705,0.8769699931144714,1.0781140327453613,1.2292300462722778
2023-08-11,1.0981649160385132,159.06399536132812,0.8666899800300598,0.9629200100898743,1.6861599683761597,1.476349949836731,1.8262499570846558,144.85400390625,0.7892600297927856,0.8767899870872498,1.5355089902877808,1.344480037689209,1.662969946861267,0.005429000128060579,0.006053000222891569,0.010576999746263027,0.009278000332415104,0.01147099956870079,1.1108700037002563,1.9452500343322754,1.7032400369644165,2.1068201065063477,1.750980019569397,1.533033013343811,1.896340012550354,0.8755720257759094,1.0830399990081787,1.236780047416687
2023-08-14,1.094439148902893,158.48800659179688,0.8620700240135193,0.9593799710273743,1.6848900318145752,1.4708600044250488,1.8286900520324707,144.81700134277344,0.7877100110054016,0.8766199946403503,1.5395499467849731,1.3439799547195435,1.6709599494934082,0.005419000051915646,0.006053000222891569,0.010614000260829926,0.00927599985152483,0.011528000235557556,1.1127899885177612,1.9543100595474243,1.7060500383377075,2.121109962463379,1.7560399770736694,1.532960057258606,1.905900001525879,0.8729320168495178,1.085260033607483,1.2431800365447998
2023-08-15,1.0909883975982666,158.63400268554688,0.8597000241279602,0.9577000141143799,1.6810400485992432,1.468000054359436,1.8255599737167358,145.43699645996094,0.788320004940033,0.8779799938201904,1.5412119626998901,1.3458800315856934,1.673699975013733,0.005400000140070915,0.006037000101059675,0.010576000437140465,0.009248999878764153,0.011498999781906605,1.1136800050735474,1.9548699855804443,1.7071800231933594,2.1229898929595947,1.7551250457763672,1.532670021057129,1.9059900045394897,0.873199999332428,1.0858900547027588,1.2434699535369873
2023-08-16,1.0904173851013184,158.76800537109375,0.858299970626831,0.9578999876976013,1.6884499788284302,1.4709399938583374,1.8303200006484985,145.60800170898438,0.7873200178146362,0.8786200284957886,1.548490047454834,1.3490099906921387,1.6785900592803955,0.005386999808251858,0.0060339998453855515,0.010618000291287899,0.009260999970138073,0.011517000384628773,1.115939974784851,1.966670036315918,1.7132200002670288,2.1318700313568115,1.7621500492095947,1.535140037536621,1.9101799726486206,0.8708000183105469,1.082900047302246,1.2441999912261963
2023-08-17,1.0874884128570557,159.12399291992188,0.8543499708175659,0.957069993019104,1.695430040359497,1.4719899892807007,1.8334499597549438,146.33299255371094,0.7856600284576416,0.8801400065422058,1.5589200258255005,1.353659987449646,1.6859699487686157,0.005350000225007534,0.006014000158756971,0.010635999962687492,0.009246000088751316,0.011510999873280525,1.1201200485229492,1.984279990196228,1.722830057144165,2.1456799507141113,1.7702250480651855,1.5378999710083008,1.915429949760437,0.8681700229644775,1.0812699794769287,1.2453900575637817
2023-08-18,1.0874648094177246,158.447998046875,0.8529000282287598,0.9550399780273438,1.6973999738693237,1.4729299545288086,1.8351000547409058,145.71400451660156,0.7843000292778015,0.8782399892807007,1.5608199834823608,1.3545199632644653,1.6875100135803223,0.005363000091165304,0.0060270000249147415,0.010695000179111958,0.009291999973356724,0.011572999879717827,1.1195900440216064,1.9897500276565552,1.7267199754714966,2.151170015335083,1.7770509719848633,1.542099952697754,1.9211699962615967,0.8677549958229065,1.0810949802398682,1.2457300424575806
2023-08-21,1.087559461593628,158.02000427246094,0.8534799814224243,0.9594799876213074,1.6953400373458862,1.472659945487976,1.8348900079727173,145.30499267578125,0.7848100066184998,0.8822699785232544,1.5589200258255005,1.354159951210022,1.687250018119812,0.005381000228226185,0.0060709998942911625,0.010711999610066414,0.00931399967521429,0.011606999672949314,1.1241300106048584,1.9864000082015991,1.725350022315979,2.1497299671173096,1.766819953918457,1.5346499681472778,1.9121299982070923,0.8685799837112427,1.0822609663009644,1.2458699941635132
2023-08-22,1.0898351669311523,159.36700439453125,0.8539999723434448,0.9573400020599365,1.6985000371932983,1.475600004196167,1.837820053100586,146.23800659179688,0.7836499810218811,0.878462016582489,1.5590699911117554,1.3543000221252441,1.6864299774169922,0.005338000133633614,0.006006999872624874,0.010638999752700329,0.009259000420570374,0.011531000025570393,1.1209399700164795,1.9893699884414673,1.728279948234558,2.151870012283325,1.774549961090088,1.5416500568389893,1.9194999933242798,0.868690013885498,1.0815999507904053,1.2449899911880493
2023-08-23,1.0846692323684692,158.10299682617188,0.8518000245094299,0.9546200037002563,1.688249945640564,1.4697099924087524,1.8257700204849243,145.76300048828125,0.7854499816894531,0.879800021648407,1.5556939840316772,1.3550100326538086,1.6833100318908691,0.005367999896407127,0.006037999875843525,0.01065799966454506,0.00929300021380186,0.011536999605596066,1.1204899549484253,1.9814000129699707,1.7246999740600586,2.1429998874664307,1.767096996307373,1.5393999814987183,1.912350058555603,0.8704800009727478,1.0816949605941772,1.2421799898147583
2023-08-24,1.086578607559204,157.1909942626953,0.8541300296783447,0.9532999992370605,1.6765199899673462,1.4694000482559204,1.8186700344085693,144.67300415039062,0.7861300110816956,0.8774099946022034,1.5430699586868286,1.352370023727417,1.673840045928955,0.005413000006228685,0.0060640000738203526,0.010665000416338444,0.009347000159323215,0.01155799999833107,1.116070032119751,1.9627599716186523,1.7201600074768066,2.129120111465454,1.7584500312805176,1.5411100387573242,1.9074900150299072,0.876380980014801,1.083799958229065,1.237589955329895
2023-08-25,1.07991361618042,157.72500610351562,0.8574900031089783,0.9559100270271301,1.6838200092315674,1.4671499729156494,1.8240200281143188,146.06700134277344,0.7940999865531921,0.8851000070571899,1.5591000318527222,1.358680009841919,1.6893099546432495,0.005415999796241522,0.006060000043362379,0.010653999634087086,0.009297000244259834,0.01155100017786026,1.1147099733352661,1.9632999897003174,1.7108700275421143,2.1271800994873047,1.759943962097168,1.5346399545669556,1.9080699682235718,0.8708000183105469,1.0831689834594727,1.2432600259780884
2023-08-28,1.0797386169433594,158.20799255371094,0.8575999736785889,0.955299973487854,1.6826200485229492,1.4677200317382812,1.8265899419784546,146.531005859375,0.7943000197410583,0.8847299814224243,1.5584299564361572,1.3594000339508057,1.6917999982833862,0.005400000140070915,0.006037999875843525,0.010615999810397625,0.009273000061511993,0.011535000056028366,1.1137900352478027,1.9619200229644775,1.7112900018692017,2.1297900676727295,1.761307954788208,1.5363199710845947,1.9119800329208374,0.8722100257873535,1.085526943206787,1.2444499731063843
2023-08-29,1.0825556516647339,158.5449981689453,0.8583599925041199,0.9564099907875061,1.6840100288391113,1.472309947013855,1.832419991493225,146.46400451660156,0.7929499745368958,0.8834999799728394,1.555649995803833,1.3601100444793701,1.692770004272461,0.005394000094383955,0.006031999830156565,0.010603000409901142,0.009282000362873077,0.011548000387847424,1.114150047302246,1.9615999460220337,1.7151999473571777,2.134660005569458,1.7605940103530884,1.539289951324463,1.9157400131225586,0.8742539882659912,1.0880500078201294,1.2444599866867065
2023-08-30,1.0869210958480835,158.66900634765625,0.8600800037384033,0.955299973487854,1.6781500577926636,1.4736299514770508,1.8205000162124634,145.98800659179688,0.7913399934768677,0.8789600133895874,1.5440200567245483,1.3558900356292725,1.6757500171661377,0.005400999914854765,0.006020999979227781,0.010559000074863434,0.00928799994289875,0.01147099956870079,1.110550045967102,1.9509199857711792,1.7132400274276733,2.117449998855591,1.7550020217895508,1.5424000024795532,1.9062999486923218,0.8780699968338013,1.0853099822998047,1.2358299493789673
2023-08-31,1.0932546854019165,159.66799926757812,0.859749972820282,0.9596800208091736,1.6868900060653687,1.4788000583648682,1.835860013961792,146.0989990234375,0.786670982837677,0.8781099915504456,1.5434999465942383,1.3535300493240356,1.6798299551010132,0.005365000106394291,0.006010000128298998,0.010544000193476677,0.009260999970138073,0.011486000381410122,1.1161500215530396,1.9619200229644775,1.720420002937317,2.135200023651123,1.7575700283050537,1.54121994972229,1.9127899408340454,0.8768560290336609,1.0882400274276733,1.2410529851913452
2023-09-01,1.0844104290008545,157.74899291992188,0.8556399941444397,0.9577199816703796,1.6713199615478516,1.4649200439453125,1.8141900300979614,145.47300720214844,0.7890899777412415,0.8831999897956848,1.5412100553512573,1.3509700298309326,1.6730899810791016,0.005404000170528889,0.0060709998942911625,0.010577999986708164,0.00928299967199564,0.011489000171422958,1.119230031967163,1.9530500173568726,1.7119499444961548,2.1201400756835938,1.7448049783706665,1.529420018196106,1.894070029258728,0.8764989972114563,1.085502028465271,1.2383300065994263
2023-09-04,1.07758629322052,157.36000061035156,0.8557999730110168,0.9539999961853027,1.6700799465179443,1.4644999504089355,1.8132699728012085,146.0570068359375,0.794189989566803,0.8852900266647339,1.5497000217437744,1.3594499826431274,1.682770013809204,0.005417000036686659,0.006060999818146229,0.010591000318527222,0.00930699985474348,0.011513999663293362,1.1145000457763672,1.9513599872589111,1.7115999460220337,2.118680000305176,1.7491689920425415,1.5355000495910645,1.9006999731063843,0.87704998254776,1.0856499671936035,1.2377400398254395
2023-09-05,1.0794472694396973,158.13600158691406,0.8548700213432312,0.9547799825668335,1.6709699630737305,1.4674700498580933,1.817520022392273,146.54299926757812,0.7922000288963318,0.8847699761390686,1.5484429597854614,1.3598699569702148,1.6842399835586548,0.005386000033468008,0.006037000101059675,0.010545999743044376,0.00927400030195713,0.011483999900519848,1.1167700290679932,1.954319953918457,1.7164499759674072,2.125890016555786,1.7498699426651,1.5367900133132935,1.9033700227737427,0.8781700134277344,1.0876400470733643,1.238450050354004
2023-09-06,1.0726161003112793,158.1300048828125,0.8531200289726257,0.9538400173187256,1.6821199655532837,1.4625999927520752,1.8225599527359009,147.4709930419922,0.7955099940299988,0.8893899917602539,1.5685299634933472,1.3638900518417358,1.699470043182373,0.005373999942094088,0.006031000055372715,0.010617000050842762,0.009244999848306179,0.011516000144183636,1.1178799867630005,1.971560001373291,1.7141499519348145,2.136159896850586,1.7633399963378906,1.533270001411438,1.9105600118637085,0.8694599866867065,1.0834100246429443,1.2459800243377686
2023-09-07,1.0724204778671265,158.39700317382812,0.8579699993133545,0.9558699727058411,1.6804200410842896,1.4626100063323975,1.826550006866455,147.70899963378906,0.8000800013542175,0.8913599848747253,1.56666100025177,1.3638999462127686,1.7032899856567383,0.0053969998843967915,0.0060339998453855515,0.010588999837636948,0.009228999726474285,0.011522999964654446,1.1139600276947021,1.958490014076233,1.7046600580215454,2.128809928894043,1.7565430402755737,1.5299700498580933,1.9106700420379639,0.8700000047683716,1.0868799686431885,1.248729944229126
2023-09-08,1.0697818994522095,157.60299682617188,0.857450008392334,0.9549400210380554,1.6772799491882324,1.4637500047683716,1.819640040397644,147.33099365234375,0.8015999794006348,0.8926699757575989,1.5680370330810547,1.3683500289916992,1.7001019716262817,0.005421000067144632,0.006058999802917242,0.010623999871313572,0.009286999702453613,0.011533999815583229,1.1134999990463257,1.955899953842163,1.7069000005722046,2.1219000816345215,1.7562350034713745,1.5326499938964844,1.9052900075912476,0.8726300001144409,1.0847890377044678,1.2430299520492554
2023-09-11,1.071811318397522,157.6540069580078,0.8580700159072876,0.9559299945831299,1.6750099658966064,1.460479974746704,1.8159300088882446,147.11300659179688,0.8006410002708435,0.8920000195503235,1.5629899501800537,1.3626999855041504,1.6945099830627441,0.005421999841928482,0.0060629998333752155,0.010603000409901142,0.009259999729692936,0.011506999842822552,1.113919973373413,1.951859951019287,1.7018799781799316,2.11611008644104,1.7520500421524048,1.5276399850845337,1.899440050125122,0.8718600273132324,1.0840799808502197,1.2433099746704102
2023-09-12,1.0750375986099243,157.64100646972656,0.8591899871826172,0.9578499794006348,1.6713000535964966,1.459380030632019,1.8164199590682983,146.67799377441406,0.7994400262832642,0.8912100195884705,1.554726004600525,1.3578699827194214,1.6900999546051025,0.005431000143289566,0.006076000165194273,0.010583999566733837,0.009252999909222126,0.011512000113725662,1.1146199703216553,1.9449100494384766,1.6982500553131104,2.1138598918914795,1.744621992111206,1.5234299898147583,1.8961399793624878,0.8731499910354614,1.0858999490737915,1.2445900440216064
2023-09-13,1.075326681137085,158.22500610351562,0.8607000112533569,0.9585199952125549,1.6728299856185913,1.4572299718856812,1.8194500207901,147.1580047607422,0.8005300164222717,0.8913900256156921,1.555649995803833,1.3551000356674194,1.692080020904541,0.005421000067144632,0.006056999787688255,0.010572000406682491,0.009208999574184418,0.011490000411868095,1.1134300231933594,1.943060040473938,1.6927900314331055,2.112799882888794,1.7449400424957275,1.5201599597930908,1.8978999853134155,0.8711299896240234,1.087630033493042,1.2484300136566162
2023-09-14,1.0734220743179321,158.1320037841797,0.859279990196228,0.958899974822998,1.6712900400161743,1.4544099569320679,1.8123600482940674,147.3459930419922,0.8006700277328491,0.8931999802589417,1.5572400093078613,1.3552500009536743,1.6891000270843506,0.005413999781012535,0.0060640000738203526,0.010549000464379787,0.00919399969279766,0.011454000137746334,1.1158299446105957,1.9447599649429321,1.6924699544906616,2.1094400882720947,1.742709994316101,1.5166000127792358,1.8902000188827515,0.8701900243759155,1.084589958190918,1.2462899684906006
2023-09-15,1.0637166500091553,156.8459930419922,0.8575500249862671,0.9531000256538391,1.6534099578857422,1.4373300075531006,1.801259994506836,147.48199462890625,0.8063300251960754,0.896399974822998,1.5546300411224365,1.3514800071716309,1.693192958831787,0.00544800003990531,0.006076000165194273,0.010521000251173973,0.00916100014001131,0.011474999599158764,1.111299991607666,1.9278500080108643,1.6759099960327148,2.1002800464630127,1.7345800399780273,1.507889986038208,1.889680027961731,0.8692399859428406,1.089359998703003,1.2531399726867676
2023-09-18,1.0668259859085083,157.74099731445312,0.8604599833488464,0.9567800164222717,1.656350016593933,1.4425100088119507,1.8064299821853638,147.8679962158203,0.8066099882125854,0.8968799710273743,1.5526740550994873,1.3521900177001953,1.69336998462677,0.005435999948531389,0.006064999848604202,0.010482000187039375,0.009139000438153744,0.011443999595940113,1.1118299961090088,1.9247599840164185,1.6762399673461914,2.0992000102996826,1.7309600114822388,1.507449984550476,1.8878099918365479,0.8702999949455261,1.0905640125274658,1.2522200345993042
2023-09-19,1.0692671537399292,157.81500244140625,0.8633800148963928,0.9593700170516968,1.660290002822876,1.442039966583252,1.8056399822235107,147.60499572753906,0.8075100183486938,0.8972499966621399,1.5528910160064697,1.3487000465393066,1.688789963722229,0.005450999829918146,0.0060789999552071095,0.01049800030887127,0.009134000167250633,0.011432000435888767,1.111050009727478,1.9227999448776245,1.669600009918213,2.0911600589752197,1.7304099798202515,1.5029499530792236,1.881890058517456,0.8684800267219543,1.0874899625778198,1.252079963684082
2023-09-20,1.0682048797607422,157.80499267578125,0.8618299961090088,0.9584500193595886,1.6523300409317017,1.4357800483703613,1.794819951057434,147.74200439453125,0.8068699836730957,0.8973100185394287,1.546550989151001,1.3442699909210205,1.6802500486373901,0.0054410002194345,0.006072999909520149,0.01044899970293045,0.009095000103116035,0.011362000368535519,1.111989974975586,1.917009949684143,1.6656899452209473,2.0822501182556152,1.7237499952316284,1.4979300498962402,1.872290015220642,0.8683000206947327,1.0861300230026245,1.2498600482940674
2023-09-21,1.065303087234497,157.9720001220703,0.8639100193977356,0.9579399824142456,1.6549400091171265,1.4353699684143066,1.7976800203323364,148.3209991455078,0.8111000061035156,0.8992000222206116,1.5537359714508057,1.3476699590682983,1.6876800060272217,0.00544800003990531,0.0060629998333752155,0.010453999973833561,0.009081999771296978,0.011369000189006329,1.1086699962615967,1.9152599573135376,1.661180019378662,2.079900026321411,1.7273540496826172,1.498289942741394,1.8762600421905518,0.8673200011253357,1.0862599611282349,1.252210021018982
2023-09-22,1.0661548376083374,157.39700317382812,0.8671200275421143,0.9643099904060364,1.6632699966430664,1.4367200136184692,1.7962000370025635,147.6439971923828,0.8133900165557861,0.9044700264930725,1.5601600408554077,1.347749948501587,1.685829997062683,0.005489999894052744,0.006126999855041504,0.010545999743044376,0.009123999625444412,0.011408999562263489,1.1117700338363647,1.9174699783325195,1.656440019607544,2.0717999935150146,1.7242870330810547,1.489609956741333,1.8631600141525269,0.8638399839401245,1.0804200172424316,1.250730037689209
2023-09-25,1.0648492574691772,158.04400634765625,0.8697500228881836,0.9658799767494202,1.6531800031661987,1.4345999956130981,1.787350058555603,148.4340057373047,0.8168699741363525,0.9071000218391418,1.5525540113449097,1.3476999998092651,1.6786689758300781,0.005483000073581934,0.006111000198870897,0.010440999642014503,0.009076000191271305,0.011300000362098217,1.1103800535202026,1.9005099534988403,1.6496800184249878,2.0547900199890137,1.711400032043457,1.4855200052261353,1.8502800464630127,0.8679199814796448,1.0810699462890625,1.2454899549484253
2023-09-26,1.0591648817062378,157.6009979248047,0.867110013961792,0.9660400152206421,1.6492400169372559,1.4245400428771973,1.7749199867248535,148.81100463867188,0.8187900185585022,0.9120799899101257,1.5571470260620117,1.345039963722229,1.6757999658584595,0.005481999833136797,0.006128999870270491,0.01044199988245964,0.009033000096678734,0.011251999996602535,1.113759994506836,1.9014400243759155,1.6424299478530884,2.0465400218963623,1.7069799900054932,1.4744999408721924,1.8370399475097656,0.8637400269508362,1.0762100219726562,1.2458200454711914
2023-09-27,1.0569483041763306,157.51699829101562,0.8700299859046936,0.9678999781608582,1.6532700061798096,1.428760051727295,1.7769700288772583,149.0449981689453,0.8232600092887878,0.9157599806785583,1.5640000104904175,1.3519599437713623,1.6813199520111084,0.005504000000655651,0.006144000217318535,0.010472999885678291,0.009065000340342522,0.011272000148892403,1.1121000051498413,1.8997199535369873,1.6420400142669678,2.042069911956787,1.707824945449829,1.4761300086975098,1.8357000350952148,0.8639630079269409,1.074869990348816,1.243530035018921
2023-09-28,1.0505305528640747,157.04200744628906,0.8656200170516968,0.9673100113868713,1.6550300121307373,1.4181300401687622,1.775570034980774,149.4980010986328,0.8240399956703186,0.9208199977874756,1.5753990411758423,1.350100040435791,1.690269947052002,0.005491999909281731,0.006159000098705292,0.010518999770283699,0.009026999585330486,0.01130599994212389,1.1173499822616577,1.911389946937561,1.6380300521850586,2.0510499477386475,1.710669994354248,1.466040015220642,1.835379958152771,0.8565999865531921,1.072890043258667,1.251889944076538
2023-09-29,1.0562450885772705,157.7310028076172,0.8653900027275085,0.9662200212478638,1.6435799598693848,1.4249099493026733,1.7709499597549438,149.33700561523438,0.819350004196167,0.9147599935531616,1.5556999444961548,1.3490999937057495,1.6766149997711182,0.00546699995175004,0.006124999839812517,0.010400000028312206,0.009033000096678734,0.011219000443816185,1.116320013999939,1.8989499807357788,1.6463700532913208,2.046109914779663,1.700719952583313,1.4745399951934814,1.8325300216674805,0.8666629791259766,1.0774199962615967,1.2427200078964233
2023-10-02,1.0565240383148193,157.96200561523438,0.866349995136261,0.9670699834823608,1.641029953956604,1.4338699579238892,1.7617900371551514,149.5399932861328,0.82014000415802,0.9154800176620483,1.5534700155258179,1.3573700189590454,1.6678099632263184,0.005464000161737204,0.006122000049799681,0.010366999544203281,0.009073999710381031,0.011141999624669552,1.1161199808120728,1.8939599990844727,1.6548700332641602,2.033360004425049,1.6952029466629028,1.4825299978256226,1.821560025215149,0.8736900091171265,1.0735299587249756,1.2286299467086792
2023-10-03,1.0480751991271973,157.04200744628906,0.8667399883270264,0.9619699716567993,1.6471699476242065,1.4332599639892578,1.7638700008392334,149.8509979248047,0.827049970626831,0.917900025844574,1.571660041809082,1.3676300048828125,1.682960033416748,0.005497999954968691,0.006124999839812517,0.010471000336110592,0.00912300031632185,0.011218000203371048,1.109760046005249,1.9000799655914307,1.6534700393676758,2.0347399711608887,1.7119699716567993,1.4897799491882324,1.8332799673080444,0.870140016078949,1.0707800388336182,1.2304999828338623
2023-10-04,1.0472300052642822,156.16000366210938,0.8667200207710266,0.9642000198364258,1.659369945526123,1.4347000122070312,1.7702900171279907,149.19200134277344,0.8279200196266174,0.9209700226783752,1.585062026977539,1.3709100484848022,1.6910500526428223,0.005528999958187342,0.006171999964863062,0.010600999929010868,0.009185000322759151,0.011323000304400921,1.1123199462890625,1.914080023765564,1.655650019645691,2.0423099994659424,1.7207560539245605,1.4882999658584595,1.8358399868011475,0.8648300170898438,1.066890001296997,1.2334500551223755
2023-10-05,1.0507071018218994,156.5070037841797,0.8656100034713745,0.9631699919700623,1.6597000360488892,1.4440300464630127,1.7750999927520752,148.96600341796875,0.8238999843597412,0.9166100025177002,1.580003023147583,1.3744200468063354,1.689560055732727,0.005510000046342611,0.006153999827802181,0.010586000047624111,0.00922400038689375,0.011332999914884567,1.1122900247573853,1.9175699949264526,1.6680599451065063,2.050529956817627,1.7233200073242188,1.499079942703247,1.8427499532699585,0.8693000078201294,1.0692700147628784,1.2292100191116333
2023-10-06,1.0546631813049316,156.56300354003906,0.8652899861335754,0.9625599980354309,1.6559300422668457,1.4455100297927856,1.7675700187683105,148.46299743652344,0.8205000162124634,0.9125900268554688,1.569599986076355,1.3705699443817139,1.6760499477386475,0.005506000015884638,0.006146000232547522,0.01055500004440546,0.009228999726474285,0.01128000020980835,1.1119799613952637,1.9135099649429321,1.6704100370407104,2.0425400733947754,1.7201639413833618,1.5016200542449951,1.83610999584198,0.8728830218315125,1.066499948501587,1.2226999998092651
2023-10-09,1.056747317314148,157.61599731445312,0.8646600246429443,0.9604099988937378,1.6589499711990356,1.4435499906539917,1.7691700458526611,149.16000366210938,0.8182700276374817,0.9086999893188477,1.5693659782409668,1.3661099672317505,1.6742600202560425,0.005464999936521053,0.006093000061810017,0.010507999919354916,0.0091540003195405,0.011214000172913074,1.1106599569320679,1.9185199737548828,1.6693899631500244,2.0459399223327637,1.727146029472351,1.50285005569458,1.8418500423431396,0.8700600266456604,1.0663199424743652,1.2254199981689453
2023-10-10,1.0578875541687012,156.90914916992188,0.8635299801826477,0.9573000073432922,1.6475499868392944,1.436579942703247,1.753890037536621,148.32699584960938,0.8162999749183655,0.9048399925231934,1.5574140548706055,1.358049988746643,1.6580699682235718,0.005483999848365784,0.006101000122725964,0.010480999946594238,0.00915099959820509,0.01117200031876564,1.108199954032898,1.9076499938964844,1.6635199785232544,2.030940055847168,1.7206369638442993,1.5004600286483765,1.8318599462509155,0.8719499707221985,1.0645500421524048,1.2207499742507935
2023-10-11,1.0604791641235352,157.5989990234375,0.8628299832344055,0.9592499732971191,1.64860999584198,1.4403899908065796,1.755210041999817,148.6280059814453,0.8135799765586853,0.9045500159263611,1.5543700456619263,1.3583600521087646,1.6551100015640259,0.00545499986037612,0.00608500000089407,0.010459000244736671,0.009139000438153744,0.011125000193715096,1.1115299463272095,1.9104520082473755,1.6692609786987305,2.033900022506714,1.7173500061035156,1.5014519691467285,1.8294999599456787,0.8735780119895935,1.0638999938964844,1.2183400392532349
2023-10-12,1.0624282360076904,158.32899475097656,0.8624899983406067,0.9572100043296814,1.65516996383667,1.4441800117492676,1.7649099826812744,149.03599548339844,0.8119300007820129,0.9009900093078613,1.5580940246582031,1.3594499826431274,1.661270022392273,0.005427999887615442,0.006045000161975622,0.010432999581098557,0.009116999804973602,0.011138999834656715,1.1095399856567383,1.9186899662017822,1.6740399599075317,2.0455000400543213,1.7289669513702393,1.508579969406128,1.8435699939727783,0.872439980506897,1.0661499500274658,1.2219200134277344
2023-10-13,1.0536741018295288,157.81199645996094,0.8647699952125549,0.9564800262451172,1.6679699420928955,1.4416799545288086,1.7792400121688843,149.7899932861328,0.8208000063896179,0.9078199863433838,1.5830800533294678,1.3683799505233765,1.688730001449585,0.00546000013127923,0.006060999818146229,0.01054999977350235,0.009131000377237797,0.011266999877989292,1.1058900356292725,1.928320050239563,1.6668599843978882,2.0572099685668945,1.743499994277954,1.5070899724960327,1.8599200248718262,0.8643199801445007,1.0667200088500977,1.233989953994751
2023-10-16,1.0521553754806519,157.35499572753906,0.8656200170516968,0.9495999813079834,1.6671299934387207,1.4354599714279175,1.7811599969863892,149.5659942626953,0.8227900266647339,0.9024900197982788,1.5840330123901367,1.3644299507141113,1.693019986152649,0.005481000058352947,0.006033000070601702,0.010576000437140465,0.009116999804973602,0.01131800003349781,1.096500039100647,1.9256999492645264,1.658120036125183,2.0574400424957275,1.7540780305862427,1.5116300582885742,1.8756699562072754,0.8609099984169006,1.0682499408721924,1.2407100200653076
2023-10-17,1.0554312467575073,157.86300659179688,0.864139974117279,0.9502999782562256,1.665120005607605,1.4368000030517578,1.7883000373840332,149.5780029296875,0.8188999891281128,0.9004700183868408,1.577834963798523,1.3614399433135986,1.6944799423217773,0.00545400008559227,0.0060189999639987946,0.010528000071644783,0.009097999893128872,0.011316999793052673,1.0995800495147705,1.9266400337219238,1.6625399589538574,2.069240093231201,1.751979947090149,1.5117700099945068,1.8815900087356567,0.8628290295600891,1.0739200115203857,1.2445100545883179
2023-10-18,1.057305932044983,158.30999755859375,0.8680999875068665,0.9516100287437439,1.6616599559783936,1.443410038948059,1.7935400009155273,149.75900268554688,0.8210999965667725,0.9001100063323975,1.571660041809082,1.3653000593185425,1.6964099407196045,0.005462999921292067,0.006010000128298998,0.010494000278413296,0.009116999804973602,0.011320999823510647,1.0961300134658813,1.9139089584350586,1.662500023841858,2.0657999515533447,1.7458000183105469,1.5165799856185913,1.8843799829483032,0.868619978427887,1.0792700052261353,1.242400050163269
2023-10-19,1.053851842880249,157.78900146484375,0.8678200244903564,0.9471200108528137,1.6641199588775635,1.4451500177383423,1.80007004737854,149.74200439453125,0.8234900236129761,0.8985700011253357,1.5791800022125244,1.3713799715042114,1.7082600593566895,0.00547999981790781,0.006000999826937914,0.01052400004118681,0.009157000109553337,0.011397000402212143,1.091249942779541,1.9165600538253784,1.66457998752594,2.0731000900268555,1.756790041923523,1.5256199836730957,1.9003900289535522,0.8683000206947327,1.0815999507904053,1.2455300092697144
2023-10-20,1.0586491823196411,158.54800415039062,0.8720899820327759,0.9439100027084351,1.6737300157546997,1.4517500400543213,1.8121700286865234,149.802001953125,0.8239099979400635,0.891789972782135,1.5805280208587646,1.3715300559997559,1.7114499807357788,0.00547999981790781,0.0059529999271035194,0.010533999651670456,0.009153000079095364,0.01142099965363741,1.0822399854660034,1.9188799858093262,1.6645400524139404,2.0776898860931396,1.7727669477462769,1.5377800464630127,1.9194600582122803,0.8673400282859802,1.0824919939041138,1.2480900287628174
2023-10-23,1.0589966773986816,158.71200561523438,0.8705400228500366,0.9458799958229065,1.6754000186920166,1.4512799978256226,1.8165500164031982,149.8800048828125,0.8220999836921692,0.8931999802589417,1.5821800231933594,1.370300054550171,1.7154699563980103,0.005464999936521053,0.00595899997279048,0.01053600013256073,0.009139999747276306,0.011435000225901604,1.0860999822616577,1.9243600368499756,1.6669299602508545,2.086479902267456,1.7710200548171997,1.5341099500656128,1.9202300310134888,0.8661500215530396,1.0841399431228638,1.2515699863433838
2023-10-24,1.0669853687286377,159.7899932861328,0.8708999752998352,0.9504200220108032,1.683750033378601,1.4604500532150269,1.8235499858856201,149.7689971923828,0.8163099884986877,0.8906000256538391,1.5781079530715942,1.3688499927520752,1.7090799808502197,0.005431000143289566,0.005948000121861696,0.010517000220716,0.00913500040769577,0.011401000432670116,1.0911500453948975,1.9328999519348145,1.6765600442886353,2.0934500694274902,1.7711650133132935,1.5364099740982056,1.9183199405670166,0.8673459887504578,1.083009958267212,1.248460054397583
2023-10-25,1.059535264968872,158.76400756835938,0.8711299896240234,0.9461699724197388,1.665809988975525,1.455880045890808,1.8111000061035156,149.85400390625,0.8222399950027466,0.893060028553009,1.5720800161361694,1.3741600513458252,1.710279941558838,0.00546699995175004,0.00595899997279048,0.010474000126123428,0.009166999720036983,0.011402999982237816,1.0859700441360474,1.9118900299072266,1.671049952507019,2.0797998905181885,1.7602100372314453,1.5384700298309326,1.9147800207138062,0.8739500045776367,1.0877699851989746,1.2444900274276733
2023-10-26,1.056725025177002,158.5989990234375,0.873009979724884,0.9474499821662903,1.6786199808120728,1.4585000276565552,1.8242599964141846,150.09800720214844,0.8262100219726562,0.8967000246047974,1.5880579948425293,1.3802900314331055,1.7264599800109863,0.005485000088810921,0.0059739998541772366,0.01056700013577938,0.009190999902784824,0.011495999991893768,1.085170030593872,1.9225900173187256,1.6703300476074219,2.0894999504089355,1.7702250480651855,1.539180040359497,1.9252300262451172,0.8687800168991089,1.086806058883667,1.2507100105285645
2023-10-27,1.0564459562301636,158.8419952392578,0.8704100251197815,0.9495199918746948,1.6679099798202515,1.4594999551773071,1.8123799562454224,150.36599731445312,0.8239200115203857,0.898829996585846,1.5782829523086548,1.3813999891281128,1.715590000152588,0.00546000013127923,0.00597799988463521,0.010498999617993832,0.009188000112771988,0.011404000222682953,1.0906599760055542,1.915869951248169,1.6765300035476685,2.0817999839782715,1.7562700510025024,1.536910057067871,1.9084399938583374,0.8750100135803223,1.086590051651001,1.2416499853134155
2023-10-30,1.0562450885772705,158.14599609375,0.8719000220298767,0.9531099796295166,1.6661900281906128,1.4642200469970703,1.8183200359344482,149.73300170898438,0.8255100250244141,0.902400016784668,1.5775599479675293,1.3863400220870972,1.7216399908065796,0.005489000119268894,0.0060270000249147415,0.01053600013256073,0.009259000420570374,0.011497999541461468,1.09306001663208,1.9108599424362183,1.6792500019073486,2.0853700637817383,1.7479699850082397,1.5361000299453735,1.907580018043518,0.8787199854850769,1.0912790298461914,1.2417500019073486
2023-10-31,1.061503529548645,158.26199340820312,0.8723999857902527,0.9575099945068359,1.6664999723434448,1.4678000211715698,1.8174899816513062,149.11099243164062,0.8219799995422363,0.9020599722862244,1.5696120262145996,1.3828599452972412,1.7122399806976318,0.005491999909281731,0.006049999967217445,0.010532000102102757,0.009270000271499157,0.011473000049591064,1.097390055656433,1.91034996509552,1.6821800470352173,2.0824999809265137,1.7406140565872192,1.5327500104904175,1.8978500366210938,0.8799999952316284,1.0903199911117554,1.2381099462509155
2023-11-01,1.0579099655151367,160.05799865722656,0.8707000017166138,0.962440013885498,1.6687999963760376,1.467900037765503,1.8208999633789062,151.29400634765625,0.8228999972343445,0.9097999930381775,1.577299952507019,1.387660026550293,1.721940040588379,0.005419999826699495,0.006010999903082848,0.010408000089228153,0.009170999750494957,0.011373000219464302,1.105299949645996,1.917099952697754,1.6861000061035156,2.0922799110412598,1.7341539859771729,1.5250500440597534,1.8924100399017334,0.8792470097541809,1.0912400484085083,1.2408000230789185
2023-11-02,1.05870521068573,159.41000366210938,0.8689699769020081,0.9586600065231323,1.6483999490737915,1.4645299911499023,1.8005499839782715,150.5749969482422,0.8208699822425842,0.9055500030517578,1.5570019483566284,1.3834400177001953,1.7007399797439575,0.005433000158518553,0.006012999918311834,0.010324999690055847,0.009182999841868877,0.011288000270724297,1.103060007095337,1.8968000411987305,1.684999942779541,2.071660041809082,1.7192169427871704,1.527590036392212,1.8779000043869019,0.8884850144386292,1.0923099517822266,1.2292300462722778
2023-11-03,1.0619093179702759,159.75399780273438,0.8707699775695801,0.9618800282478333,1.651550054550171,1.4593100547790527,1.8004800081253052,150.4969940185547,0.8202199935913086,0.9060999751091003,1.555717945098877,1.3746999502182007,1.696120023727417,0.005429999902844429,0.006020999979227781,0.010317999869585037,0.00913000013679266,0.011261999607086182,1.1045399904251099,1.8964200019836426,1.6755000352859497,2.06754994392395,1.716737985610962,1.5169700384140015,1.8716200590133667,0.8835499882698059,1.0902099609375,1.2337100505828857
2023-11-06,1.0732147693634033,160.3820037841797,0.867330014705658,0.964900016784668,1.6468600034713745,1.465939998626709,1.7897100448608398,149.44900512695312,0.8081600069999695,0.8992099761962891,1.5344799757003784,1.3660600185394287,1.6677500009536743,0.0053980001248419285,0.006016000173985958,0.010267999954521656,0.009139999747276306,0.011157000437378883,1.1124600172042847,1.8986400365829468,1.6900700330734253,2.0632998943328857,1.706529974937439,1.519076943397522,1.8544700145721436,0.8899419903755188,1.0866199731826782,1.2207399606704712
2023-11-07,1.0721560716629028,160.7550048828125,0.8680999875068665,0.9638199806213379,1.6516599655151367,1.4675999879837036,1.797719955444336,149.98899841308594,0.8100100159645081,0.8992000222206116,1.540969967842102,1.369729995727539,1.677008032798767,0.005381000228226185,0.005994999781250954,0.010254000313580036,0.00913199968636036,0.011172999627888203,1.110010027885437,1.9021799564361572,1.6908600330352783,2.0703799724578857,1.7134100198745728,1.5230499505996704,1.8648799657821655,0.8888429999351501,1.0883699655532837,1.2243499755859375
2023-11-08,1.0696102380752563,160.8520050048828,0.8700799942016602,0.9625999927520752,1.6633700132369995,1.4726099967956543,1.8022500276565552,150.39599609375,0.8135499954223633,0.8999699950218201,1.5551860332489014,1.3768500089645386,1.6846359968185425,0.0053889998234808445,0.00598399993032217,0.010317999869585037,0.00915099959820509,0.011203000321984291,1.1060800552368164,1.9112299680709839,1.692139983177185,2.070930004119873,1.7276599407196045,1.5296800136566162,1.871940016746521,0.8853210210800171,1.0835100412368774,1.2236700057983398
2023-11-09,1.0710422992706299,161.5679931640625,0.8717399835586548,0.9629200100898743,1.6713000535964966,1.4772100448608398,1.8115500211715698,150.86399841308594,0.8140000104904175,0.8990799784660339,1.561110019683838,1.3793200254440308,1.6914700269699097,0.005375999957323074,0.00595899997279048,0.010328000411391258,0.00914200022816658,0.011203000321984291,1.104099988937378,1.917199969291687,1.6943199634552002,2.077739953994751,1.7359910011291504,1.5339200496673584,1.8810299634933472,0.8830999732017517,1.0827000141143799,1.226199984550476
2023-11-10,1.0667576789855957,161.4320068359375,0.8730400204658508,0.9634400010108948,1.676800012588501,1.47298002243042,1.8112800121307373,151.3489990234375,0.8185300230979919,0.9031500220298767,1.5719070434570312,1.3806999921798706,1.6979949474334717,0.005388000048696995,0.005967999808490276,0.010364999994635582,0.00912300031632185,0.011215000413358212,1.1031800508499146,1.9199899435043335,1.68681001663208,2.074199914932251,1.7382240295410156,1.5286999940872192,1.879770040512085,0.8784499764442444,1.08024001121521,1.2295600175857544
2023-11-13,1.069015622138977,161.91099548339844,0.8741599917411804,0.964169979095459,1.6794899702072144,1.4750200510025024,1.81358003616333,151.468994140625,0.8177800178527832,0.9019799828529358,1.5711909532546997,1.379889965057373,1.6965800523757935,0.005379000212997198,0.005954999942332506,0.010371999815106392,0.009108999744057655,0.01119999960064888,1.1028800010681152,1.9211299419403076,1.687250018119812,2.0744800567626953,1.7417659759521484,1.5296900272369385,1.8807400465011597,0.8781800270080566,1.0797539949417114,1.229390025138855
2023-11-14,1.0701825618743896,162.27000427246094,0.8713300228118896,0.964460015296936,1.6772799491882324,1.4768699407577515,1.8188999891281128,151.64599609375,0.8142899870872498,0.901199996471405,1.5671520233154297,1.3801499605178833,1.6998399496078491,0.005350000225007534,0.005942999850958586,0.01033599954098463,0.009100999683141708,0.011199000291526318,1.1064300537109375,1.9248600006103516,1.6945500373840332,2.087399959564209,1.7389190196990967,1.5311599969863892,1.8857500553131104,0.8799999952316284,1.0844000577926636,1.2315000295639038
2023-11-15,1.0878314971923828,163.68899536132812,0.8705999851226807,0.9671599864959717,1.6738100051879883,1.4901399612426758,1.8107000589370728,150.48500061035156,0.80035001039505,0.8891000151634216,1.5384999513626099,1.3699400424957275,1.6654200553894043,0.0052999998442828655,0.0059079998172819614,0.010223999619483948,0.009103000164031982,0.011060000397264957,1.1102999448776245,1.922410011291504,1.7114800214767456,2.080620050430298,1.7305999994277954,1.5407899618148804,1.8730700016021729,0.889959990978241,1.0822800397872925,1.2155699729919434
2023-11-16,1.0854581594467163,164.1300048828125,0.8737499713897705,0.9628700017929077,1.6669399738311768,1.4851399660110474,1.8003699779510498,151.21499633789062,0.8050000071525574,0.8870800137519836,1.5357439517974854,1.368340015411377,1.6586799621582031,0.005303000099956989,0.005865999963134527,0.010135999880731106,0.009045000188052654,0.010956999845802784,1.1018699407577515,1.9075000286102295,1.6995199918746948,2.060270071029663,1.7308800220489502,1.5422600507736206,1.8695000410079956,0.8909400105476379,1.0800410509109497,1.212090015411377
2023-11-17,1.0853756666183472,163.55599975585938,0.874180018901825,0.9642400145530701,1.6775599718093872,1.4924800395965576,1.8193399906158447,150.7050018310547,0.8054800033569336,0.888480007648468,1.5454000234603882,1.3752100467681885,1.676360011100769,0.005324999801814556,0.005896000191569328,0.010235000401735306,0.009120999835431576,0.011122999712824821,1.1029499769210815,1.9187599420547485,1.7070399522781372,2.0810298919677734,1.7395299673080444,1.5475900173187256,1.8864799737930298,0.8894460201263428,1.0844260454177856,1.2188800573349
2023-11-20,1.090702772140503,163.53399658203125,0.8757200241088867,0.9662500023841858,1.6744199991226196,1.4962600469589233,1.818910002708435,149.94200134277344,0.8029199838638306,0.8859300017356873,1.535249948501587,1.371899962425232,1.6677199602127075,0.005348000209778547,0.0059079998172819614,0.01023900043219328,0.00914900004863739,0.011121000163257122,1.1032600402832031,1.9119199514389038,1.7084599733352661,2.076819896697998,1.732740044593811,1.5483700037002563,1.882200002670288,0.8934999704360962,1.0861999988555908,1.2154899835586548
2023-11-21,1.0945948362350464,162.37899780273438,0.8749799728393555,0.9679499864578247,1.6681900024414062,1.5019899606704712,1.8122199773788452,148.36199951171875,0.7994199991226196,0.8843600153923035,1.5234609842300415,1.3724100589752197,1.655683994293213,0.005369000136852264,0.005960999988019466,0.010254999622702599,0.009251000359654427,0.011150999926030636,1.1061400175094604,1.9064300060272217,1.716539978981018,2.070930004119873,1.7232470512390137,1.5517200231552124,1.8719300031661987,0.9002230167388916,1.0862400531768799,1.2062699794769287
2023-11-22,1.0918222665786743,161.73599243164062,0.870199978351593,0.9643999934196472,1.664639949798584,1.4957200288772583,1.8030200004577637,148.15199279785156,0.7971799969673157,0.8831800222396851,1.5246000289916992,1.3701000213623047,1.6517499685287476,0.0053610000759363174,0.005962000228464603,0.010273000225424767,0.009243999607861042,0.01114100031554699,1.1080399751663208,1.9122799634933472,1.718250036239624,2.0717999935150146,1.7259830236434937,1.5508300065994263,1.8695499897003174,0.8982369899749756,1.0831400156021118,1.205430030822754
2023-11-23,1.0890873670578003,162.72999572753906,0.8717399835586548,0.9625399708747864,1.6638000011444092,1.4907499551773071,1.8082000017166138,149.4600067138672,0.8006399869918823,0.8840299844741821,1.52839994430542,1.3692500591278076,1.6607710123062134,0.005338000133633614,0.005915000103414059,0.010226000100374222,0.009157000109553337,0.011102000251412392,1.1040699481964111,1.908750057220459,1.7100199460983276,2.073199987411499,1.7274140119552612,1.548609972000122,1.8783400058746338,0.8953999876976013,1.0865800380706787,1.2128299474716187
2023-11-24,1.0906314849853516,163.16000366210938,0.8700000047683716,0.964460015296936,1.6621500253677368,1.4933700561523438,1.802649974822998,149.63499450683594,0.7978600263595581,0.8844699859619141,1.5243669748306274,1.3695000410079956,1.6532200574874878,0.005313000176101923,0.005911000072956085,0.010166999883949757,0.00914900004863739,0.011039000004529953,1.1084599494934082,1.9102699756622314,1.7163399457931519,2.071199893951416,1.7231279611587524,1.5482399463653564,1.8688299655914307,0.898419976234436,1.084570050239563,1.2069799900054932
2023-11-27,1.0940439701080322,163.6280059814453,0.8682000041007996,0.9651700258255005,1.6621700525283813,1.4910000562667847,1.7999500036239624,149.5709991455078,0.7936300039291382,0.8822500109672546,1.5194569826126099,1.3630499839782715,1.6454130411148071,0.005289999768137932,0.005898000206798315,0.010157999582588673,0.009112999774515629,0.010999999940395355,1.1115599870681763,1.9142800569534302,1.717360019683838,2.0731799602508545,1.7206900119781494,1.5448600053787231,1.8648099899291992,0.8969799876213074,1.082800030708313,1.20701003074646
2023-11-28,1.0958423614501953,162.63999938964844,0.8673099875450134,0.9643800258636475,1.6571400165557861,1.4908699989318848,1.7955800294876099,148.45199584960938,0.7914900183677673,0.8799999952316284,1.5122870206832886,1.360700011253357,1.6382700204849243,0.005311999935656786,0.005927999969571829,0.010168000124394894,0.009162000380456448,0.01103499997407198,1.1118299961090088,1.910390019416809,1.718500018119812,2.070050001144409,1.7180650234222412,1.5459500551223755,1.8616000413894653,0.8998609781265259,1.0835399627685547,1.2040899991989136
2023-11-29,1.100594401359558,161.8159942626953,0.8655800223350525,0.9650999903678894,1.6526000499725342,1.492400050163269,1.7903499603271484,147.06300354003906,0.7866399884223938,0.8769000172615051,1.5017269849777222,1.3562999963760376,1.6270699501037598,0.00532899983227253,0.0059540001675486565,0.010195000097155571,0.009220000356435776,0.011056000366806984,1.1145999431610107,1.909559965133667,1.7238999605178833,2.0678999423980713,1.7108639478683472,1.546470046043396,1.854830026626587,0.9026380181312561,1.0830320119857788,1.1993099451065063
2023-11-30,1.0973695516586304,161.34300231933594,0.8642899990081787,0.9583500027656555,1.6581900119781494,1.4912300109863281,1.7825000286102295,147.03900146484375,0.7876250147819519,0.8733199834823608,1.5108000040054321,1.3590199947357178,1.624459981918335,0.005338000133633614,0.005938999820500612,0.010259999893605709,0.009238000027835369,0.0110470000654459,1.1083999872207642,1.9183000326156616,1.7252399921417236,2.0621700286865234,1.730139970779419,1.5560100078582764,1.8599389791488647,0.8992699980735779,1.0749399662017822,1.195199966430664
2023-12-01,1.0892059803009033,161.1929931640625,0.8622000217437744,0.952709972858429,1.648550033569336,1.4764699935913086,1.7689100503921509,147.99899291992188,0.7916600108146667,0.8746600151062012,1.513592004776001,1.3556499481201172,1.6239900588989258,0.00532899983227253,0.005909999832510948,0.010207000188529491,0.0091559998691082,0.010962000116705894,1.1047899723052979,1.911679983139038,1.7122999429702759,2.0512800216674805,1.7302099466323853,1.5496599674224854,1.8564300537109375,0.8953570127487183,1.0730199813842773,1.1978700160980225
2023-12-04,1.088814616203308,159.38699340820312,0.856410026550293,0.944890022277832,1.6291699409484863,1.4685800075531006,1.7517000436782837,146.39300537109375,0.7865899801254272,0.8678500056266785,1.496359944343567,1.348870038986206,1.6089099645614624,0.005344000179320574,0.005927999969571829,0.010218000039458275,0.009211000055074692,0.010986000299453735,1.1031899452209473,1.9021199941635132,1.71465003490448,2.0451300144195557,1.724020004272461,1.5540900230407715,1.8536399602890015,0.9013199806213379,1.0750900506973267,1.1926699876785278
2023-12-05,1.0837758779525757,159.66299438476562,0.8577799797058105,0.9453999996185303,1.6373000144958496,1.4667999744415283,1.7578599452972412,147.32699584960938,0.7915099859237671,0.8725100159645081,1.5112359523773193,1.3538999557495117,1.622059941291809,0.0053530000150203705,0.005921999923884869,0.010238000191748142,0.009185999631881714,0.010999999940395355,1.1022499799728394,1.9091099500656128,1.7101000547409058,2.049139976501465,1.7318300008773804,1.5515899658203125,1.8588199615478516,0.8958600163459778,1.073330044746399,1.197909951210022
2023-12-06,1.0793657302856445,158.85499572753906,0.8569499850273132,0.9444199800491333,1.6466599702835083,1.4669300317764282,1.7595800161361694,147.18499755859375,0.7940000295639038,0.8749359846115112,1.5256229639053345,1.3590999841690063,1.6302599906921387,0.005375000182539225,0.0059449998661875725,0.010347000323235989,0.009229999966919422,0.011068000458180904,1.101930022239685,1.921239972114563,1.711590051651001,2.053109884262085,1.7432539463043213,1.5530600547790527,1.8628699779510498,0.8907999992370605,1.0685499906539917,1.1993999481201172
2023-12-07,1.076669692993164,158.4510040283203,0.8571699857711792,0.9416199922561646,1.6433500051498413,1.4632500410079956,1.7533600330352783,147.1840057373047,0.7962599992752075,0.8746399879455566,1.5263910293579102,1.359179973602295,1.6285300254821777,0.005390999838709831,0.005942000076174736,0.010352999903261662,0.009235000237822533,0.01105900015681982,1.0982799530029297,1.9166699647903442,1.7067400217056274,2.044980049133301,1.7449699640274048,1.553820013999939,1.8617500066757202,0.8903899788856506,1.0669399499893188,1.1980700492858887
2023-12-08,1.079214334487915,155.66900634765625,0.8569999933242798,0.9446600079536438,1.6363500356674194,1.4672600030899048,1.7511999607086182,144.2779998779297,0.7943099737167358,0.8754400014877319,1.5164200067520142,1.3598599433898926,1.6229599714279175,0.005485000088810921,0.006068000104278326,0.010491999797523022,0.009421000257134438,0.011237000115215778,1.1019500494003296,1.9089499711990356,1.7117400169372559,2.042910099029541,1.7321300506591797,1.5531699657440186,1.853600025177002,0.8965799808502197,1.070106029510498,1.1933300495147705
2023-12-11,1.0765769481658936,156.0760040283203,0.8574399948120117,0.9469199776649475,1.6361000537872314,1.461959958076477,1.75764000415802,144.98300170898438,0.7965099811553955,0.8796200156211853,1.5198030471801758,1.3580800294876099,1.6327300071716309,0.005481000058352947,0.006066999863833189,0.010482000187039375,0.009367000311613083,0.01126100029796362,1.1042499542236328,1.9079099893569946,1.7049000263214111,2.0496599674224854,1.727560043334961,1.5438460111618042,1.8560099601745605,0.8935099840164185,1.074280023574829,1.2020900249481201
2023-12-12,1.076658010482788,157.2570037841797,0.8575000166893005,0.9453999996185303,1.6394000053405762,1.4616999626159668,1.7582000494003296,146.0850067138672,0.7965199947357178,0.8780999779701233,1.5232290029525757,1.357800006866455,1.6332099437713623,0.005433000158518553,0.006012000143527985,0.010405000299215317,0.009290999732911587,0.011169999837875366,1.10247004032135,1.912019968032837,1.7044099569320679,2.049299955368042,1.7341300249099731,1.5458300113677979,1.8593300580978394,0.8907999992370605,1.0722299814224243,1.2027100324630737
2023-12-13,1.0798670053482056,156.8679962158203,0.8589800000190735,0.9449700117111206,1.644860029220581,1.4669100046157837,1.7593599557876587,145.27999877929688,0.7954999804496765,0.8751299977302551,1.5233219861984253,1.3585000038146973,1.629330039024353,0.005456000100821257,0.006023999769240618,0.010464999824762344,0.009351000189781189,0.01120499987155199,1.0999599695205688,1.914639949798584,1.7074999809265137,2.0479800701141357,1.7404799461364746,1.5521800518035889,1.8615800142288208,0.8917499780654907,1.0696500539779663,1.19923996925354
2023-12-14,1.0886130332946777,155.3800048828125,0.8621199727058411,0.9478499889373779,1.632830023765564,1.4699599742889404,1.7578599452972412,142.7729949951172,0.7922099828720093,0.8709700107574463,1.5003750324249268,1.3508100509643555,1.6153000593185425,0.005528000183403492,0.006099999882280827,0.010487000457942486,0.009456999599933624,0.01130099967122078,1.099269986152649,1.8936599493026733,1.704800009727478,2.0385899543762207,1.7223800420761108,1.5507299900054932,1.8542200326919556,0.9002789855003357,1.0765810012817383,1.1956100463867188
2023-12-15,1.0993602275848389,156.4080047607422,0.8608599901199341,0.9532600045204163,1.6401400566101074,1.4738199710845947,1.7693099975585938,142.2790069580078,0.7829999923706055,0.8671299815177917,1.4919400215148926,1.3407000303268433,1.6094510555267334,0.005483999848365784,0.006093999836593866,0.010463999584317207,0.009417999535799026,0.011303000152111053,1.1072200536727905,1.9050300121307373,1.7119799852371216,2.055039882659912,1.7203500270843506,1.545989990234375,1.855780005455017,0.8985900282859802,1.0786999464035034,1.2002899646759033
2023-12-18,1.0895264148712158,155.05099487304688,0.8597400188446045,0.9485700130462646,1.6263699531555176,1.4579099416732788,1.7544499635696411,142.31300354003906,0.7891200184822083,0.8706120252609253,1.4927799701690674,1.3381600379943848,1.6103299856185913,0.005524999927729368,0.00611699977889657,0.010487000457942486,0.009399999864399433,0.0113129997625947,1.1031999588012695,1.891510009765625,1.6956000328063965,2.040440082550049,1.7143700122833252,1.5367900133132935,1.8493200540542603,0.8963329792022705,1.0786700248718262,1.203279972076416
2023-12-19,1.092382788658142,155.89300537109375,0.863349974155426,0.9471799731254578,1.6294900178909302,1.4634499549865723,1.7579900026321411,142.7220001220703,0.7904000282287598,0.867110013961792,1.4917099475860596,1.3397799730300903,1.609320044517517,0.005518000107258558,0.006076000165194273,0.010433999821543694,0.00938700046390295,0.011266999877989292,1.096940040588379,1.8871400356292725,1.6949399709701538,2.035599946975708,1.7200700044631958,1.5448700189590454,1.85562002658844,0.8980799913406372,1.0787899494171143,1.2010799646377563
2023-12-20,1.0981045961380005,157.9969940185547,0.8624100089073181,0.9451000094413757,1.6240299940109253,1.4641599655151367,1.751189947128296,143.88900756835938,0.7853800058364868,0.8603000044822693,1.478633999824524,1.3334200382232666,1.594789981842041,0.005437999963760376,0.005979999899864197,0.010258999653160572,0.009263000451028347,0.011082000099122524,1.0953600406646729,1.882949948310852,1.6973999738693237,2.0303499698638916,1.7184499502182007,1.5494199991226196,1.852982997894287,0.9015700221061707,1.0782400369644165,1.1958099603652954
2023-12-21,1.0945708751678467,157.01699829101562,0.8656899929046631,0.9440199732780457,1.6236799955368042,1.461609959602356,1.7496600151062012,143.5229949951172,0.7910599708557129,0.8624600172042847,1.4837199449539185,1.335819959640503,1.5989799499511719,0.005491999909281731,0.006010999903082848,0.010316000320017338,0.009302999824285507,0.011129000224173069,1.090019941329956,1.874959945678711,1.6878999471664429,2.0210299491882324,1.719789981842041,1.5483700037002563,1.8533899784088135,0.9002299904823303,1.077589988708496,1.1968599557876587
2023-12-22,1.100618600845337,156.3070068359375,0.8676499724388123,0.9423900246620178,1.6192500591278076,1.4619499444961548,1.7483999729156494,142.07000732421875,0.788332998752594,0.8562700152397156,1.4712799787521362,1.3283900022506714,1.5886399745941162,0.005528999958187342,0.006029000040143728,0.010339000262320042,0.009345999918878078,0.01118099968880415,1.0859500169754028,1.8660999536514282,1.6847599744796753,2.014780044555664,1.7180299758911133,1.5511800050735474,1.8550200462341309,0.9027829766273499,1.0797200202941895,1.1957800388336182
2023-12-25,1.102657437324524,156.7899932861328,0.8649200201034546,0.9422199726104736,1.6177699565887451,1.4573500156402588,1.7471400499343872,142.3419952392578,0.7888299822807312,0.8550699949264526,1.468690037727356,1.3256800174713135,1.582453966140747,0.005510000046342611,0.005956000182777643,0.010304000228643417,0.00928799994289875,0.011055000126361847,1.085510015487671,1.8670920133590698,1.6829299926757812,2.0030899047851562,1.7101500034332275,1.5477370023727417,1.8427690267562866,0.8989400267601013,1.0784419775009155,1.186939001083374
2023-12-26,1.1020255088806152,156.71200561523438,0.8670300245285034,0.9431700110435486,1.6190299987792969,1.4601600170135498,1.7475700378417969,142.22999572753906,0.7871000170707703,0.8557400107383728,1.469290018081665,1.3250000476837158,1.585790991783142,0.005512999836355448,0.006016999948769808,0.010311000049114227,0.009312000125646591,0.011138999834656715,1.0871100425720215,1.8665000200271606,1.6833000183105469,2.015089988708496,1.7163599729537964,1.5479400157928467,1.8527799844741821,0.9018070101737976,1.0793700218200684,1.1968300342559814
2023-12-27,1.1043012142181396,157.2949981689453,0.8676199913024902,0.9426900148391724,1.6182199716567993,1.4572099447250366,1.744789958000183,142.46099853515625,0.7857199907302856,0.8535799980163574,1.4654589891433716,1.3195199966430664,1.5801500082015991,0.005495000164955854,0.005991999991238117,0.010263999924063683,0.009259000420570374,0.01107999961823225,1.0861599445343018,1.8648799657821655,1.679419994354248,2.010890007019043,1.7146780490875244,1.545639991760254,1.850659966468811,0.9004700183868408,1.078220009803772,1.1972600221633911
2023-12-28,1.110864281654358,157.06300354003906,0.8674700260162354,0.9358000159263611,1.6204899549484253,1.466539978981018,1.7494200468063354,141.3990020751953,0.7811999917030334,0.8423299789428711,1.458853006362915,1.320199966430664,1.57492995262146,0.005504999775439501,0.005956000182777643,0.01029799971729517,0.009335000067949295,0.011127999983727932,1.0783300399780273,1.8666900396347046,1.689620018005371,2.0157999992370605,1.7314519882202148,1.5671199560165405,1.8690400123596191,0.9045000076293945,1.0794600248336792,1.1926300525665283
2023-12-29,1.1068191528320312,156.52699279785156,0.8691400289535522,0.933459997177124,1.621250033378601,1.4640899896621704,1.746940016746521,141.42999267578125,0.7853000164031982,0.8433600068092346,1.4649219512939453,1.3229600191116333,1.5785599946975708,0.005532999988645315,0.005963000003248453,0.010338000021874905,0.009351000189781189,0.011160999536514282,1.073889970779419,1.864840030670166,1.6841200590133667,2.009850025177002,1.7366000413894653,1.5683799982070923,1.8712799549102783,0.9027000069618225,1.0774999856948853,1.1929999589920044
2024-01-01,1.1055831909179688,155.8993377685547,0.8665300011634827,0.9283699989318848,1.6180200576782227,1.460710048675537,1.7461899518966675,140.95199584960938,0.7855460047721863,0.8407589793205261,1.4661699533462524,1.3239200115203857,1.582353949546814,0.005545999854803085,0.005960999988019466,0.010374999605119228,0.009371999651193619,0.01119800005108118,1.0706499814987183,1.866400957107544,1.6859689950942993,2.013969898223877,1.741310954093933,1.5736429691314697,1.879580020904541,0.9015610218048096,1.0777250528335571,1.194139003753662
2024-01-02,1.1038745641708374,155.76499938964844,0.8670700192451477,0.9291700124740601,1.6202000379562378,1.461609959602356,1.7476199865341187,141.12600708007812,0.7856199741363525,0.8418899774551392,1.4683200120925903,1.3242000341415405,1.5834599733352661,0.005547000095248222,0.00596500001847744,0.01040400005877018,0.009383000433444977,0.011211000382900238,1.0712000131607056,1.8687599897384644,1.6855299472808838,2.01528000831604,1.743880033493042,1.5728700160980225,1.8805899620056152,0.901881992816925,1.0783519744873047,1.195539951324463
2024-01-03,1.0941756963729858,155.53599548339844,0.8667700290679932,0.9302499890327454,1.6171599626541138,1.4574600458145142,1.7507100105285645,142.15499877929688,0.7922000288963318,0.8501200079917908,1.478044033050537,1.332200050354004,1.600000023841858,0.005553000140935183,0.005979999899864197,0.010377000086009502,0.009367000311613083,0.011246999725699425,1.0729999542236328,1.8655400276184082,1.681439995765686,2.0190000534057617,1.738379955291748,1.5668699741363525,1.8818399906158447,0.9012789726257324,1.0825599431991577,1.2009400129318237
2024-01-04,1.0927767753601074,156.22799682617188,0.8620100021362305,0.9276999831199646,1.6223100423812866,1.458240032196045,1.7476600408554077,142.99899291992188,0.7889999747276306,0.8489000201225281,1.4845600128173828,1.3347699642181396,1.5996700525283813,0.005497999954968691,0.0059380000457167625,0.010364999994635582,0.009329999797046185,0.011177999898791313,1.0758999586105347,1.8816399574279785,1.691580057144165,2.0272600650787354,1.748289942741394,1.5716300010681152,1.883489966392517,0.8988699913024902,1.0773780345916748,1.1983400583267212
2024-01-05,1.0947387218475342,158.46800231933594,0.8630300164222717,0.9305999875068665,1.6318999528884888,1.461840033531189,1.7567700147628784,144.76499938964844,0.7883899807929993,0.8500000238418579,1.491070032119751,1.3355000019073486,1.6048020124435425,0.0054259998723864555,0.005872000008821487,0.010281999595463276,0.009220999665558338,0.011075999587774277,1.078279972076416,1.8911199569702148,1.6937899589538574,2.0346999168395996,1.753640055656433,1.570639967918396,1.8873399496078491,0.8955199718475342,1.0762300491333008,1.2015800476074219
2024-01-08,1.0942236185073853,158.33999633789062,0.860319972038269,0.9308300018310547,1.6290500164031982,1.4617199897766113,1.7509700059890747,144.71600341796875,0.786300003528595,0.8507300019264221,1.4888900518417358,1.3359800577163696,1.60030996799469,0.005413000006228685,0.005878000054508448,0.010286999866366386,0.009229999966919422,0.011057999916374683,1.08187997341156,1.8934400081634521,1.6989599466323853,2.0351099967956543,1.7499339580535889,1.570180058479309,1.8808300495147705,0.8972399830818176,1.0748460292816162,1.1977499723434448
2024-01-09,1.095170259475708,157.9340057373047,0.8592100143432617,0.9286999702453613,1.6301900148391724,1.4618500471115112,1.751520037651062,144.22999572753906,0.7846099734306335,0.8478999733924866,1.4880950450897217,1.3349000215530396,1.5995399951934814,0.005421000067144632,0.005880000069737434,0.010304000228643417,0.009251000359654427,0.011082000099122524,1.0806299448013306,1.8969000577926636,1.7008999586105347,2.037600040435791,1.7537709474563599,1.574079990386963,1.885890007019043,0.8967000246047974,1.0736000537872314,1.1979999542236328
2024-01-10,1.0932426452636719,157.88600158691406,0.8599600195884705,0.931850016117096,1.6353700160980225,1.4636499881744385,1.7524100542068481,144.42799377441406,0.7865999937057495,0.852370023727417,1.4959529638290405,1.338919997215271,1.6030000448226929,0.0054270001128315926,0.005901999771595001,0.010339000262320042,0.009265000000596046,0.011087999679148197,1.0834200382232666,1.901319980621338,1.7018799781799316,2.0374999046325684,1.753640055656433,1.5706299543380737,1.8803499937057495,0.8948829770088196,1.0713599920272827,1.197100043296814
2024-01-11,1.0975141525268555,159.93899536132812,0.8610100150108337,0.9333800077438354,1.6369999647140503,1.4681999683380127,1.7611000537872314,145.73399353027344,0.7846099734306335,0.8504999876022339,1.4916470050811768,1.3378499746322632,1.605239987373352,0.005363999865949154,0.005836000200361013,0.010216999799013138,0.00917499978095293,0.011006999760866165,1.0836999416351318,1.9012000560760498,1.704990029335022,2.045599937438965,1.7540299892425537,1.5728399753570557,1.8871400356292725,0.896619975566864,1.075850009918213,1.1997100114822388
2024-01-12,1.0981649160385132,159.26800537109375,0.8593900203704834,0.934499979019165,1.6393400430679321,1.4692399501800537,1.7590800523757935,145.04600524902344,0.7826099991798401,0.8510100245475769,1.4928719997406006,1.3379900455474854,1.6019699573516846,0.005375999957323074,0.005867000203579664,0.010270999744534492,0.009219000115990639,0.011036000214517117,1.0872999429702759,1.907289981842041,1.7093000411987305,2.046299934387207,1.7539499998092651,1.5720700025558472,1.8821899890899658,0.8962200284004211,1.0731199979782104,1.1971700191497803
2024-01-15,1.0945708751678467,158.86399841308594,0.8593299984931946,0.9339600205421448,1.6362199783325195,1.467650055885315,1.7559599876403809,145.1490020751953,0.7851399779319763,0.8533200025558472,1.4949699640274048,1.340939998626709,1.604364037513733,0.005396000109612942,0.005878999829292297,0.010298999957740307,0.009238000027835369,0.01105200033634901,1.0867500305175781,1.9039299488067627,1.7077900171279907,2.0432400703430176,1.751710057258606,1.5712300539016724,1.8798099756240845,0.8968700170516968,1.0731029510498047,1.1963200569152832
2024-01-16,1.0945708751678467,159.56300354003906,0.8606100082397461,0.9369099736213684,1.645740032196045,1.4704400300979614,1.7680000066757202,145.79400634765625,0.7864000201225281,0.8559799790382385,1.503669023513794,1.3435800075531006,1.6153299808502197,0.005373999942094088,0.00587099976837635,0.010292000137269497,0.009211000055074692,0.011079000309109688,1.0883699655532837,1.9118900299072266,1.7083899974822998,2.053920030593872,1.7563899755477905,1.5694299936294556,1.8869359493255615,0.8930000066757202,1.0743000507354736,1.2021499872207642
2024-01-17,1.087878942489624,160.17999267578125,0.8607199788093567,0.9371799826622009,1.6509000062942505,1.4674299955368042,1.7714300155639648,147.24600219726562,0.7912300229072571,0.861299991607666,1.5177040100097656,1.3489999771118164,1.6284300088882446,0.00535399978980422,0.005849999841302633,0.010286999866366386,0.009158000349998474,0.011051000095903873,1.0885000228881836,1.9178800582885742,1.7044999599456787,2.0578699111938477,1.7614799737930298,1.5657299757003784,1.8900200128555298,0.8887799978256226,1.0729399919509888,1.2070399522781372
2024-01-18,1.0885775089263916,161.22300720214844,0.8586199879646301,0.9408000111579895,1.6616899967193604,1.469730019569397,1.7797000408172607,148.1179962158203,0.7888399958610535,0.8643220067024231,1.526252031326294,1.3502800464630127,1.6357500553131104,0.005305999889969826,0.005834999959915876,0.01028400007635355,0.009112000465393066,0.011043000034987926,1.095460057258606,1.9349100589752197,1.7113900184631348,2.0734100341796875,1.7658900022506714,1.5620499849319458,1.8922200202941895,0.8844900131225586,1.0714999437332153,1.2112950086593628
2024-01-19,1.0879143476486206,161.1269989013672,0.85589998960495,0.944350004196167,1.6532700061798096,1.4671200513839722,1.7778400182724,148.1280059814453,0.7867900133132935,0.8680800199508667,1.5190999507904053,1.348620057106018,1.6339199542999268,0.005291000008583069,0.005849000066518784,0.010240999981760979,0.00910400040447712,0.011021999642252922,1.103219985961914,1.9312700033187866,1.7139300107955933,2.0768001079559326,1.7504299879074097,1.5533900260925293,1.8822599649429321,0.8873599767684937,1.0753799676895142,1.2116199731826782
2024-01-22,1.089229702949524,161.33999633789062,0.8576599955558777,0.9459199905395508,1.651360034942627,1.463189959526062,1.7803800106048584,148.12100219726562,0.7874100208282471,0.8684800267219543,1.5161900520324707,1.3431600332260132,1.6344399452209473,0.005293999798595905,0.005863000173121691,0.010235000401735306,0.009068000130355358,0.011033999733626842,1.102910041809082,1.9254399538040161,1.7057199478149414,2.0755999088287354,1.745597004890442,1.5466699600219727,1.8819199800491333,0.8859699964523315,1.0780500173568726,1.216629981994629
2024-01-23,1.088020920753479,161.13699340820312,0.8560100197792053,0.945389986038208,1.6553599834442139,1.4660099744796753,1.7908200025558472,148.14199829101562,0.7869700193405151,0.8691200017929077,1.5219310522079468,1.347790002822876,1.6463899612426758,0.005293000023812056,0.005867000203579664,0.010254000313580036,0.009092999622225761,0.011105000041425228,1.1043200492858887,1.933650016784668,1.7124899625778198,2.0918800830841064,1.7507799863815308,1.5505199432373047,1.8939900398254395,0.8855400085449219,1.081760048866272,1.2214299440383911
2024-01-24,1.0857881307601929,160.94900512695312,0.8553100228309631,0.9441999793052673,1.6485999822616577,1.4608999490737915,1.7790100574493408,148.25100708007812,0.7878999710083008,0.8695999979972839,1.5183030366897583,1.3456000089645386,1.6384299993515015,0.005295000039041042,0.005865999963134527,0.010219000279903412,0.009072000160813332,0.011043000034987926,1.1035499572753906,1.9267300367355347,1.7077499628067017,2.0793099403381348,1.745650053024292,1.5471500158309937,1.8837499618530273,0.8862339854240417,1.0790300369262695,1.217479944229126
2024-01-25,1.088174819946289,160.58999633789062,0.8555200099945068,0.9390699863433838,1.6548199653625488,1.471709966659546,1.7813999652862549,147.59100341796875,0.7862399816513062,0.8630200028419495,1.5205199718475342,1.3525400161743164,1.6370400190353394,0.005307000130414963,0.005847000051289797,0.010282999835908413,0.009159999899566174,0.011082000099122524,1.0975500345230103,1.9339499473571777,1.7201000452041626,2.0818800926208496,1.7617729902267456,1.5670000314712524,1.8965599536895752,0.8893499970436096,1.0764440298080444,1.2102299928665161
2024-01-26,1.0847046375274658,160.218994140625,0.8535000085830688,0.9403600096702576,1.647570013999939,1.4618300199508667,1.775480031967163,147.72300720214844,0.7868899703025818,0.8669000267982483,1.518399953842163,1.3477699756622314,1.6369600296020508,0.005307000130414963,0.005869000218808651,0.010263999924063683,0.009120999835431576,0.011074000038206577,1.1016900539398193,1.9302300214767456,1.7126400470733643,2.0800700187683105,1.7518099546432495,1.5543099641799927,1.887760043144226,0.8871899843215942,1.0775799751281738,1.2144500017166138
2024-01-29,1.0843517780303955,160.61700439453125,0.8539199829101562,0.9369800090789795,1.648169994354248,1.4587700366973877,1.7794899940490723,148.13999938964844,0.7875499725341797,0.864139974117279,1.5200799703598022,1.3453999757766724,1.6412550210952759,0.005289999768137932,0.00583299994468689,0.010262000374495983,0.009083000011742115,0.01107999961823225,1.0971699953079224,1.9299800395965576,1.7082099914550781,2.083820104598999,1.7587800025939941,1.5566600561141968,1.8989200592041016,0.8849999904632568,1.0796300172805786,1.2197799682617188
2024-01-30,1.0834470987319946,159.75599670410156,0.8521000146865845,0.933139979839325,1.6379300355911255,1.4527000188827515,1.7659399509429932,147.46800231933594,0.7865800261497498,0.8613200187683105,1.5118999481201172,1.3411400318145752,1.6300400495529175,0.00531500019133091,0.005840000230818987,0.010231000371277332,0.009091000072658062,0.011044999584555626,1.094920039176941,1.921910047531128,1.7048799991607666,2.07207989692688,1.7551300525665283,1.5569000244140625,1.892199993133545,0.8869799971580505,1.0780600309371948,1.2152999639511108
2024-01-31,1.08433997631073,159.781005859375,0.8540300130844116,0.934499979019165,1.6441700458526611,1.4530999660491943,1.7683299779891968,147.36900329589844,0.7876799702644348,0.8618599772453308,1.5163459777832031,1.3401700258255005,1.6308399438858032,0.005324999801814556,0.0058479998260736465,0.010267999954521656,0.009092000313103199,0.011055000126361847,1.0939799547195435,1.9247699975967407,1.70114004611969,2.0692999362945557,1.7591700553894043,1.5547399520874023,1.8918499946594238,0.8837299942970276,1.075456976890564,1.216729998588562
2024-02-01,1.0803920030593872,158.7830047607422,0.8521000146865845,0.9316200017929077,1.6464200019836426,1.451449990272522,1.7675199508666992,146.99600219726562,0.7887399792671204,0.862339973449707,1.5240399837493896,1.3435499668121338,1.6361500024795532,0.0053460001945495605,0.005865999963134527,0.010344999842345715,0.00913500040769577,0.011122000403702259,1.0931799411773682,1.931980013847351,1.7031999826431274,2.0736000537872314,1.7669600248336792,1.5577000379562378,1.896880030632019,0.8812000155448914,1.0735100507736206,1.2176599502563477
2024-02-02,1.0874648094177246,159.24899291992188,0.8530700206756592,0.9326000213623047,1.6539000272750854,1.4553300142288208,1.7694100141525269,146.4510040283203,0.7844799757003784,0.8576200008392334,1.5209360122680664,1.3382999897003174,1.627150058746338,0.0053369998931884766,0.0058559998869895935,0.010364999994635582,0.009134000167250633,0.011101000010967255,1.093019962310791,1.9384000301361084,1.7056000232696533,2.0739500522613525,1.7721070051193237,1.560349941253662,1.8970199823379517,0.8792999982833862,1.0701760053634644,1.2156800031661987
2024-02-05,1.0780043601989746,160.08099365234375,0.8540499806404114,0.9345800280570984,1.6570199728012085,1.4520200490951538,1.7777999639511108,148.50100708007812,0.7922700047492981,0.8669800162315369,1.5372600555419922,1.3470100164413452,1.6489399671554565,0.00531500019133091,0.00583800021559,0.010351000353693962,0.009069999679923058,0.011105000041425228,1.094249963760376,1.9401799440383911,1.7001099586486816,2.081549882888794,1.772819995880127,1.553439974784851,1.9019999504089355,0.8761749863624573,1.0726029872894287,1.2242499589920044
2024-02-06,1.0741831064224243,159.65199279785156,0.856939971446991,0.9352399706840515,1.657520055770874,1.4543999433517456,1.7745100259780884,148.63999938964844,0.7978000044822693,0.8707000017166138,1.5431400537490845,1.3543000221252441,1.6520500183105469,0.00534699996933341,0.0058570001274347305,0.010363000445067883,0.009109999984502792,0.011113000102341175,1.0912799835205078,1.9340900182724,1.6972600221633911,2.0705699920654297,1.7720999717712402,1.5552300214767456,1.8971199989318848,0.8775299787521362,1.070512056350708,1.2197400331497192
2024-02-07,1.075719952583313,158.99099731445312,0.8533300161361694,0.9352800250053406,1.6476099491119385,1.450950026512146,1.7635300159454346,147.8179931640625,0.7932400107383728,0.8694999814033508,1.5314699411392212,1.34893000125885,1.6394000053405762,0.0053460001945495605,0.005874000024050474,0.010339999571442604,0.009122000075876713,0.011090000160038471,1.0956000089645386,1.9301999807357788,1.7000800371170044,2.066309928894043,1.7593239545822144,1.551110029220581,1.88510000705719,0.880299985408783,1.070289969444275,1.2152299880981445
2024-02-08,1.077574610710144,159.5724334716797,0.8530200123786926,0.9419699907302856,1.6523200273513794,1.4503999948501587,1.7636100053787231,148.08599853515625,0.7919300198554993,0.8739100098609924,1.5333000421524048,1.3464000225067139,1.6367700099945068,0.00532800005748868,0.005903000012040138,0.010336999781429768,0.009088000282645226,0.011044000275433064,1.1038000583648682,1.9362200498580933,1.6995999813079834,2.0665900707244873,1.753924012184143,1.5399399995803833,1.871999979019165,0.8777539730072021,1.067168951034546,1.2155499458312988
2024-02-09,1.0777255296707153,160.8459930419922,0.8538900017738342,0.9412999749183655,1.6582000255584717,1.450469970703125,1.7645000219345093,149.25900268554688,0.7923600077629089,0.873449981212616,1.5390299558639526,1.3459999561309814,1.637220025062561,0.005288999993354082,0.00585199985653162,0.01030999980866909,0.00901699997484684,0.01095999963581562,1.1022499799728394,1.9420599937438965,1.6985199451446533,2.0660300254821777,1.7616499662399292,1.5407899618148804,1.8741099834442139,0.8745399713516235,1.0638500452041626,1.2162599563598633
2024-02-12,1.0798202753067017,161.0679931640625,0.8544399738311768,0.9439100027084351,1.654829978942871,1.4531199932098389,1.756410002708435,149.16700744628906,0.7913100123405457,0.8741599917411804,1.5324300527572632,1.3457800149917603,1.6266200542449951,0.005282999947667122,0.005859999917447567,0.010273000225424767,0.009021000005304813,0.01090299990028143,1.1046099662780762,1.936579942703247,1.7005399465560913,2.055419921875,1.7529900074005127,1.5393099784851074,1.860509991645813,0.8779659867286682,1.0613199472427368,1.208590030670166
2024-02-13,1.0772264003753662,160.91000366210938,0.8529599905014038,0.9433000087738037,1.6491999626159668,1.4492000341415405,1.7575600147247314,149.40499877929688,0.791920006275177,0.8758000135421753,1.5316519737243652,1.3455300331115723,1.6318800449371338,0.005280999932438135,0.005861999932676554,0.010231000371277332,0.00900499988347292,0.010912000201642513,1.105739951133728,1.9336199760437012,1.6985599994659424,2.059969902038574,1.7473349571228027,1.5359699726104736,1.8626799583435059,0.8779000043869019,1.0653400421142578,1.2126100063323975
2024-02-14,1.0708931684494019,161.38999938964844,0.850409984588623,0.9502800107002258,1.659250020980835,1.4525699615478516,1.7677799463272095,150.7239990234375,0.7942399978637695,0.8874099850654602,1.5495710372924805,1.3565800189971924,1.6507600545883179,0.005249000154435635,0.005888000130653381,0.010281000286340714,0.008999999612569809,0.010943000204861164,1.1171000003814697,1.9507700204849243,1.707919955253601,2.078310012817383,1.7458100318908691,1.5284199714660645,1.8598500490188599,0.8754249811172485,1.0652999877929688,1.2167600393295288
2024-02-15,1.0732147693634033,161.55996704101562,0.8538600206375122,0.9498999714851379,1.6512800455093384,1.4529000520706177,1.761989951133728,150.54400634765625,0.7956500053405762,0.8851000070571899,1.5387459993362427,1.3538700342178345,1.6418700218200684,0.005266000051051378,0.005880000069737434,0.010200999677181244,0.008988999761641026,0.010897000320255756,1.1124800443649292,1.933769941329956,1.7014700174331665,2.063390016555786,1.738070011138916,1.5292600393295288,1.8545299768447876,0.8797900080680847,1.0669399499893188,1.2126100063323975
2024-02-16,1.0773887634277344,161.53399658203125,0.8550999760627747,0.9478499889373779,1.6509599685668945,1.450659990310669,1.7627999782562256,149.9459991455078,0.7936999797821045,0.879800021648407,1.5324499607086182,1.3465299606323242,1.6363400220870972,0.005272999871522188,0.005867000203579664,0.010201999917626381,0.008976000361144543,0.01090299990028143,1.1083699464797974,1.9305700063705444,1.6963499784469604,2.0608999729156494,1.7414799928665161,1.5302599668502808,1.8595999479293823,0.8786200284957886,1.0669000148773193,1.2151299715042114
2024-02-19,1.0784927606582642,161.86700439453125,0.8551599979400635,0.9497500061988831,1.649530053138733,1.453510046005249,1.7574700117111206,150.09100341796875,0.7929499745368958,0.880649983882904,1.529539942741394,1.3477799892425537,1.6296199560165405,0.005262000020593405,0.005867000203579664,0.01018999982625246,0.00897900015115738,0.010858000256121159,1.1105300188064575,1.9287899732589722,1.6995999813079834,2.0549800395965576,1.7366399765014648,1.5302599668502808,1.850219964981079,0.8810999989509583,1.065382957458496,1.2089999914169312
2024-02-20,1.0775396823883057,161.89300537109375,0.8560000061988831,0.9512500166893005,1.649839997291565,1.4545700550079346,1.7541199922561646,150.27000427246094,0.7944300174713135,0.8827469944953918,1.531209945678711,1.3497999906539917,1.6279799938201904,0.005266999825835228,0.005874000024050474,0.01017099991440773,0.00897900015115738,0.01082600001245737,1.1110999584197998,1.9272199869155884,1.699139952659607,2.0490000247955322,1.7343300580978394,1.5290600061416626,1.8438999652862549,0.8815699815750122,1.0631300210952759,1.2058099508285522
2024-02-21,1.0813149213790894,162.11099243164062,0.8561699986457825,0.9532999992370605,1.6496100425720215,1.4618099927902222,1.7527600526809692,149.93899536132812,0.7919300198554993,0.8818100094795227,1.5259020328521729,1.3521900177001953,1.6212199926376343,0.005262000020593405,0.005878999829292297,0.0101539995521307,0.00901500042527914,0.010800999589264393,1.1132899522781372,1.9264600276947021,1.7071800231933594,2.0468599796295166,1.7292300462722778,1.5332900285720825,1.8382999897003174,0.8861100077629089,1.062540054321289,1.1988400220870972
2024-02-22,1.0820403099060059,162.6840057373047,0.8561300039291382,0.9513499736785889,1.6511000394821167,1.4603300094604492,1.7507400512695312,150.35499572753906,0.7912600040435791,0.8792499899864197,1.5259720087051392,1.3496999740600586,1.6180399656295776,0.005243000108748674,0.005847000051289797,0.010130999609827995,0.008972999639809132,0.010751999914646149,1.111109972000122,1.928320050239563,1.7056299448013306,2.044719934463501,1.735267996788025,1.5348800420761108,1.840000033378601,0.8844500184059143,1.0603200197219849,1.198699951171875
2024-02-23,1.0825674533843994,162.8979949951172,0.8548200130462646,0.9526799917221069,1.6503000259399414,1.4593499898910522,1.7473100423812866,150.48300170898438,0.7896599769592285,0.8799499869346619,1.5245989561080933,1.348140001296997,1.6141300201416016,0.0052269999869167805,0.0058479998260736465,0.010111000388860703,0.008957999758422375,0.010716999880969524,1.1144100427627563,1.9304900169372559,1.7071199417114258,2.0439300537109375,1.7321120500564575,1.5316799879074097,1.8338600397109985,0.8842099905014038,1.0587029457092285,1.1971800327301025
2024-02-26,1.0820051431655884,162.83099365234375,0.8537700176239014,0.95346999168396,1.6479400396347046,1.461400032043457,1.748769998550415,150.4980010986328,0.7890999913215637,0.8812500238418579,1.5231399536132812,1.3507200479507446,1.616320013999939,0.00522099994122982,0.005855000112205744,0.01011900044977665,0.008973999880254269,0.010738000273704529,1.1166900396347046,1.9300700426101685,1.7115999460220337,2.0481300354003906,1.7281899452209473,1.5325599908828735,1.8338700532913208,0.8867300152778625,1.0611079931259155,1.1965199708938599
2024-02-27,1.0850930213928223,163.3509979248047,0.8553400039672852,0.9548199772834778,1.6592700481414795,1.4651399850845337,1.7596299648284912,150.5659942626953,0.7883599996566772,0.8798999786376953,1.5291459560394287,1.3501299619674683,1.6215100288391113,0.005216999910771847,0.00584500003606081,0.010135999880731106,0.008965999819338322,0.010765999555587769,1.1161099672317505,1.939560055732727,1.7125999927520752,2.056999921798706,1.7375290393829346,1.5343199968338013,1.8426799774169922,0.8829699754714966,1.059499979019165,1.2008899450302124
2024-02-28,1.084481120109558,163.14700317382812,0.8548099994659424,0.953000009059906,1.656749963760376,1.4670000076293945,1.757099986076355,150.4949951171875,0.7885400056838989,0.8787999749183655,1.5281410217285156,1.3531700372695923,1.620669960975647,0.0052189999260008335,0.005840000230818987,0.010134000331163406,0.008987000212073326,0.01075700018554926,1.1144499778747559,1.937690019607544,1.71589994430542,2.055079936981201,1.7373180389404297,1.539389967918396,1.8436599969863892,0.8851000070571899,1.060539960861206,1.1975699663162231
2024-02-29,1.0838816165924072,163.24600219726562,0.8560199737548828,0.9523100256919861,1.6687500476837158,1.4714800119400024,1.7776800394058228,150.656005859375,0.7896999716758728,0.8787099719047546,1.5397169589996338,1.3577500581741333,1.640123963356018,0.005224000196903944,0.00583299994468689,0.010201999917626381,0.009007999673485756,0.010881000198423862,1.1124600172042847,1.9492700099945068,1.718850016593933,2.0766899585723877,1.7520500421524048,1.544909954071045,1.866510033607483,0.8817200064659119,1.0652400255203247,1.2080800533294678
2024-03-01,1.0804970264434814,162.16700744628906,0.8557500243186951,0.9557099938392639,1.6626700162887573,1.4665100574493408,1.7753100395202637,150.09500122070312,0.7920500040054321,0.8844000101089478,1.5388400554656982,1.3573700189590454,1.6431699991226196,0.005257000215351582,0.0058929999358952045,0.010231999680399895,0.009039999917149544,0.01093900017440319,1.1166599988937378,1.9427000284194946,1.713629961013794,2.074429988861084,1.7394399642944336,1.5343300104141235,1.8573600053787231,0.8820199966430664,1.0677599906921387,1.2104500532150269
2024-03-04,1.084269404411316,162.7469940185547,0.8563799858093262,0.9577100276947021,1.6608699560165405,1.469349980354309,1.7762800455093384,150.10499572753906,0.789870023727417,0.8833400011062622,1.5318900346755981,1.355239987373352,1.638319969177246,0.005243999883532524,0.005884000100195408,0.010204999707639217,0.009027999825775623,0.01091499999165535,1.1182500123977661,1.9393099546432495,1.7157000303268433,2.074049949645996,1.7340199947357178,1.5340800285339355,1.8544800281524658,0.8846349716186523,1.069424033164978,1.2087600231170654
2024-03-05,1.0855170488357544,163.31900024414062,0.8552899956703186,0.9607999920845032,1.6679699420928955,1.4733400344848633,1.780500054359436,150.46600341796875,0.7878999710083008,0.885200023651123,1.5366599559783936,1.357200026512146,1.6402599811553955,0.005218000151216984,0.005882999859750271,0.010195000097155571,0.009015999734401703,0.01090100035071373,1.1232399940490723,1.949970006942749,1.7224500179290771,2.0814199447631836,1.7357800006866455,1.5332399606704712,1.8527499437332153,0.8832730054855347,1.0674099922180176,1.208299994468689
2024-03-06,1.0855995416641235,162.8719940185547,0.8544399738311768,0.9591599702835083,1.6691099405288696,1.4752299785614014,1.7832499742507935,150.0489959716797,0.7871000170707703,0.8835800290107727,1.537539005279541,1.3589999675750732,1.6426299810409546,0.005226000212132931,0.005888999905437231,0.010227000340819359,0.009053000248968601,0.01093900017440319,1.122439980506897,1.9532500505447388,1.7263000011444092,2.086790084838867,1.7398200035095215,1.5378700494766235,1.8588099479675293,0.8839370012283325,1.0683599710464478,1.2086100578308105
2024-03-07,1.089953899383545,162.6840057373047,0.8557800054550171,0.9614400267601013,1.6592999696731567,1.4726300239562988,1.778540015220642,149.2689971923828,0.7852100133895874,0.882099986076355,1.52292799949646,1.3512699604034424,1.6318800449371338,0.005241000093519688,0.005909999832510948,0.010201999917626381,0.009050999768078327,0.010924000293016434,1.123420000076294,1.9393099546432495,1.7208000421524048,2.078160047531128,1.7260719537734985,1.531559944152832,1.8495500087738037,0.8872299790382385,1.0715099573135376,1.2075400352478027
2024-03-08,1.0950144529342651,161.9080047607422,0.854449987411499,0.9606999754905701,1.653730034828186,1.4731099605560303,1.772189974784851,147.8679962158203,0.7803000211715698,0.8770999908447266,1.5102770328521729,1.3451999425888062,1.61844003200531,0.005257999990135431,0.005932999774813652,0.010195000097155571,0.009097999893128872,0.010936000384390354,1.124060034751892,1.9350899457931519,1.7237399816513062,2.073699951171875,1.7211699485778809,1.5332800149917603,1.8444600105285645,0.890608012676239,1.0715700387954712,1.2028599977493286
2024-03-11,1.0942955017089844,160.60899353027344,0.8512300252914429,0.9602299928665161,1.6518800258636475,1.4755500555038452,1.7708300352096558,146.7740020751953,0.777899980545044,0.8775100111961365,1.5095900297164917,1.348449945449829,1.618280053138733,0.005268000066280365,0.005979000125080347,0.010285000316798687,0.009188000112771988,0.011025999672710896,1.1279900074005127,1.940500020980835,1.7333699464797974,2.080199956893921,1.7201340198516846,1.5364999771118164,1.8439199924468994,0.8931800127029419,1.0719410181045532,1.1999900341033936
2024-03-12,1.093135118484497,160.38900756835938,0.8526099920272827,0.9589999914169312,1.6522300243377686,1.4731700420379639,1.7714799642562866,146.73199462890625,0.7800430059432983,0.8772500157356262,1.5116000175476074,1.347749948501587,1.6205400228500366,0.005295999813824892,0.00597799988463521,0.01028400007635355,0.009180000051856041,0.011043000034987926,1.1245399713516235,1.937790036201477,1.7276500463485718,2.077359914779663,1.7229399681091309,1.536180019378662,1.847059965133667,0.8915650248527527,1.0720100402832031,1.202280044555664
2024-03-13,1.0927767753601074,161.29100036621094,0.8539199829101562,0.9587000012397766,1.653749942779541,1.4743200540542603,1.7768299579620361,147.61900329589844,0.781499981880188,0.8773900270462036,1.5134780406951904,1.349310040473938,1.6261199712753296,0.005272999871522188,0.005942999850958586,0.010231999680399895,0.00913500040769577,0.011006000451743603,1.1225899457931519,1.9364399909973145,1.7263799905776978,2.0805699825286865,1.7246999740600586,1.5376800298690796,1.8531299829483032,0.8914899826049805,1.0744500160217285,1.2050600051879883
2024-03-14,1.0955302715301514,161.68699645996094,0.8555499911308289,0.9620800018310547,1.6526000499725342,1.4749300479888916,1.7766200304031372,147.62100219726562,0.7811200022697449,0.8783800005912781,1.5088419914245605,1.3466299772262573,1.622059941291809,0.0052709998562932014,0.005950000137090683,0.010220999829471111,0.009122000075876713,0.010979999788105488,1.1244200468063354,1.931399941444397,1.7238600254058838,2.0761001110076904,1.7174899578094482,1.5329099893569946,1.8464000225067139,0.8924540281295776,1.0750199556350708,1.2044199705123901
2024-03-15,1.0883406400680542,161.3769989013672,0.8538500070571899,0.9623399972915649,1.6541199684143066,1.473289966583252,1.776900053024292,148.29600524902344,0.7845699787139893,0.8842700123786926,1.5199190378189087,1.3537700176239014,1.6327099800109863,0.005270000081509352,0.005962000228464603,0.010227999649941921,0.009127999655902386,0.01100900024175644,1.126979947090149,1.9371299743652344,1.725350022315979,2.0808300971984863,1.7178499698638916,1.530769944190979,1.8461500406265259,0.8902000188827515,1.0742199420928955,1.2059600353240967
2024-03-18,1.0882576704025269,162.0970001220703,0.8547599911689758,0.9615600109100342,1.6593899726867676,1.474120020866394,1.7877999544143677,148.9550018310547,0.7854599952697754,0.8835899829864502,1.5248600244522095,1.3546099662780762,1.6428500413894653,0.005249999929219484,0.005932000000029802,0.010236999951303005,0.009093999862670898,0.011029000394046307,1.1248699426651,1.941230058670044,1.724519968032837,2.091439962387085,1.7255500555038452,1.5328999757766724,1.85903000831604,0.8883110284805298,1.0773199796676636,1.2126599550247192
2024-03-19,1.087393879890442,162.17300415039062,0.8542199730873108,0.9650300145149231,1.6579999923706055,1.4716999530792236,1.7875900268554688,149.1439971923828,0.7857199907302856,0.8875100016593933,1.5249700546264648,1.3534799814224243,1.6440099477767944,0.005247999913990498,0.005950000137090683,0.010204000398516655,0.009073999710381031,0.011013000272214413,1.1294699907302856,1.9406299591064453,1.7224199771881104,2.0915000438690186,1.7180949449539185,1.5248700380325317,1.8521100282669067,0.8875010013580322,1.078070044517517,1.21451997756958
2024-03-20,1.0863306522369385,164.05499267578125,0.8540099859237671,0.9652199745178223,1.664389967918396,1.474429965019226,1.7950999736785889,151.03500366210938,0.7861999869346619,0.8885400295257568,1.5322380065917969,1.3573100566864014,1.6531699895858765,0.005185999907553196,0.005882999859750271,0.01012600027024746,0.008981999941170216,0.01093900017440319,1.1300599575042725,1.948830008506775,1.7263200283050537,2.10263991355896,1.7242000102996826,1.527400016784668,1.8602700233459473,0.8857799768447876,1.0788899660110474,1.2178599834442139
2024-03-21,1.0937210321426392,164.87899780273438,0.8544099926948547,0.9685800075531006,1.6576900482177734,1.4733099937438965,1.7960599660873413,150.75999450683594,0.7813500165939331,0.8855500221252441,1.5156569480895996,1.347190022468567,1.6421400308609009,0.005162000190466642,0.005874000024050474,0.010030999779701233,0.008932000026106834,0.010879999957978725,1.1333099603652954,1.9396799802780151,1.723960041999817,2.1015400886535645,1.7112599611282349,1.5210200548171997,1.8539999723434448,0.8885120153427124,1.0834399461746216,1.2188299894332886
2024-03-22,1.0862362384796143,164.7030029296875,0.8578000068664551,0.9750000238418579,1.6527899503707886,1.4692800045013428,1.7964600324630737,151.63299560546875,0.7897700071334839,0.8976799845695496,1.5211000442504883,1.3526999950408936,1.653880000114441,0.00518900016322732,0.005919999908655882,0.01001800037920475,0.00891599990427494,0.01090299990028143,1.1365000009536743,1.9264800548553467,1.712589979171753,2.0938498973846436,1.6937669515609741,1.5066299438476562,1.8415520191192627,0.8889099955558777,1.0859999656677246,1.2225199937820435
2024-03-25,1.0807539224624634,163.52099609375,0.8578500151634216,0.9700899720191956,1.6664999723434448,1.4710400104522705,1.8041499853134155,151.30499267578125,0.7937800288200378,0.8976200222969055,1.5347299575805664,1.3611500263214111,1.6693899631500244,0.00522099994122982,0.005932000000029802,0.010142000392079353,0.008995000272989273,0.011032000184059143,1.131100058555603,1.933500051498413,1.7041000127792358,2.102979898452759,1.7096099853515625,1.5162500143051147,1.859529972076416,0.8868489861488342,1.0876699686050415,1.2263400554656982
2024-03-26,1.0838228464126587,164.04800415039062,0.8575699925422668,0.9748499989509583,1.6574499607086182,1.4722599983215332,1.805840015411377,151.3730010986328,0.7912700176239014,0.8994699716567993,1.5293099880218506,1.3584599494934082,1.66621994972229,0.00520800007507205,0.005942000076174736,0.010083000175654888,0.008969999849796295,0.011006999760866165,1.1366599798202515,1.9323999881744385,1.7166399955749512,2.1055800914764404,1.7000199556350708,1.5100500583648682,1.852239966392517,0.888159990310669,1.0894490480422974,1.2264879941940308
2024-03-27,1.0832358598709106,164.0399932861328,0.8578000068664551,0.9788399934768677,1.6565200090408325,1.470960021018982,1.8031200170516968,151.52999877929688,0.7918599843978882,0.9036499857902527,1.529289960861206,1.3581000566482544,1.6645599603652954,0.005206000059843063,0.00596599979326129,0.010073999874293804,0.008957999758422375,0.010991999879479408,1.1411199569702148,1.9311699867248535,1.7149800062179565,2.1019599437713623,1.692162036895752,1.5027300119400024,1.8417600393295288,0.8879799842834473,1.0883699655532837,1.2255200147628784
2024-03-28,1.0813382863998413,163.5290069580078,0.85698002576828,0.979200005531311,1.657770037651062,1.4689600467681885,1.8035999536514282,151.28700256347656,0.7925999760627747,0.9054999947547913,1.5332720279693604,1.3586000204086304,1.6687500476837158,0.0052189999260008335,0.005987000185996294,0.010115000419318676,0.008976000361144543,0.01102100033313036,1.142300009727478,1.934340000152588,1.714020013809204,2.105340003967285,1.692849040031433,1.5000699758529663,1.8424999713897705,0.8860399723052979,1.0883599519729614,1.2281899452209473
2024-03-29,1.0794472694396973,163.41000366210938,0.8547899723052979,0.9724000096321106,1.6555299758911133,1.4606499671936035,1.806399941444397,151.44000244140625,0.7919999957084656,0.9010699987411499,1.534500002861023,1.353600025177002,1.6737240552902222,0.0052109998650848866,0.00595200015231967,0.010114000178873539,0.008933999575674534,0.011043000034987926,1.1375099420547485,1.9368200302124023,1.7086600065231323,2.113219976425171,1.6988799571990967,1.5018140077590942,1.857164978981018,0.8816159963607788,1.0901700258255005,1.2365360260009766
2024-04-01,1.0792726278305054,163.3939971923828,0.8540099859237671,0.9734600186347961,1.6519700288772583,1.45933997631073,1.802780032157898,151.3979949951172,0.7913100123405457,0.9020000100135803,1.5306899547576904,1.3521900177001953,1.6704000234603882,0.005206999834626913,0.00595800019800663,0.010088000446557999,0.008926000446081161,0.011024000123143196,1.139799952507019,1.934000015258789,1.7087199687957764,2.1108100414276123,1.6968499422073364,1.4989700317382812,1.851680040359497,0.8833199739456177,1.0912230014801025,1.2352099418640137
2024-04-02,1.0737217664718628,162.75100708007812,0.8557400107383728,0.9717400074005127,1.6548999547958374,1.4573899507522583,1.8032000064849854,151.58099365234375,0.7971000075340271,0.9050700068473816,1.5413299798965454,1.3573700189590454,1.6799900531768799,0.005237999837845564,0.005969999823719263,0.010168000124394894,0.008950999937951565,0.011074000038206577,1.1354800462722778,1.9337689876556396,1.7029600143432617,2.107719898223877,1.7018380165100098,1.4996299743652344,1.8560199737548828,0.880611002445221,1.0899300575256348,1.23757004737854
2024-04-03,1.076855182647705,163.1790008544922,0.8561800122261047,0.9775500297546387,1.6529500484466553,1.4606000185012817,1.803820013999939,151.5399932861328,0.7951099872589111,0.9078199863433838,1.535061001777649,1.3564300537109375,1.6752099990844727,0.0052269999869167805,0.0059899999760091305,0.010107999667525291,0.008950999937951565,0.01105399988591671,1.1416300535202026,1.9305200576782227,1.7058299779891968,2.106790065765381,1.690750002861023,1.49399995803833,1.8450599908828735,0.8835700154304504,1.0912100076675415,1.2348500490188599
2024-04-04,1.0838346481323242,164.27699279785156,0.8566399812698364,0.9785900115966797,1.6499600410461426,1.465649962425232,1.8019299507141113,151.58099365234375,0.7904000282287598,0.9028900265693665,1.5223020315170288,1.3523800373077393,1.6625900268554688,0.005193999968469143,0.005956000182777643,0.010021000169217587,0.008917000144720078,0.010958000086247921,1.142300009727478,1.9259999990463257,1.7107599973678589,2.1033599376678467,1.685886025428772,1.4976199865341187,1.8411099910736084,0.888260006904602,1.092039942741394,1.2292699813842773
2024-04-05,1.0837054252624512,163.94500732421875,0.857200026512146,0.9769399762153625,1.6449400186538696,1.4676799774169922,1.797819972038269,151.29200744628906,0.7911270260810852,0.9015100002288818,1.5179799795150757,1.354449987411499,1.6589800119400024,0.0052089998498559,0.00595899997279048,0.010010999627411366,0.008949000388383865,0.010956999845802784,1.1394699811935425,1.9186899662017822,1.7119300365447998,2.09689998626709,1.6835869550704956,1.5022000074386597,1.8400100469589233,0.8919000029563904,1.0929100513458252,1.2247799634933472
2024-04-08,1.0830481052398682,164.2830047607422,0.8578199744224548,0.9779999852180481,1.6483700275421143,1.4733400344848633,1.803689956665039,151.69000244140625,0.7920600175857544,0.9031699895858765,1.5220199823379517,1.3604099750518799,1.6654200553894043,0.005200999788939953,0.0059540001675486565,0.010014000348746777,0.008964000269770622,0.010967999696731567,1.1402000188827515,1.9214500188827515,1.717460036277771,2.1024699211120605,1.6850199699401855,1.5061099529266357,1.8437199592590332,0.8937600255012512,1.0941669940948486,1.224079966545105
2024-04-09,1.0863661766052246,164.9219970703125,0.8580600023269653,0.9830300211906433,1.6444900035858154,1.4739700555801392,1.80007004737854,151.84300231933594,0.7899699807167053,0.9050099849700928,1.5140049457550049,1.3570799827575684,1.657170057296753,0.0051830001175403595,0.005960000213235617,0.009951000101864338,0.008933000266551971,0.010901999659836292,1.1454700231552124,1.9163000583648682,1.7176200151443481,2.0964999198913574,1.6726800203323364,1.49931001663208,1.8308600187301636,0.8963410258293152,1.094580054283142,1.2210400104522705
2024-04-10,1.0859296321868896,164.802001953125,0.856440007686615,0.9805899858474731,1.6382100582122803,1.473829984664917,1.7901999950408936,151.77699279785156,0.7887899875640869,0.9029800295829773,1.5086369514465332,1.3572900295257568,1.648010015487671,0.005177000071853399,0.005948999896645546,0.009920000098645687,0.008937000297009945,0.010852999985218048,1.1447700262069702,1.9124599695205688,1.7206300497055054,2.0899300575256348,1.6704299449920654,1.5028599500656128,1.8253799676895142,0.899619996547699,1.0923340320587158,1.2145299911499023
2024-04-11,1.074171543121338,164.29200744628906,0.8568000197410583,0.9807199835777283,1.6506400108337402,1.4703400135040283,1.7978099584579468,152.96400451660156,0.7975999712944031,0.9130399823188782,1.5367590188980103,1.3687000274658203,1.6737500429153442,0.00519500020891428,0.005969000048935413,0.010026000440120697,0.008945999667048454,0.010941999964416027,1.1446199417114258,1.9265400171279907,1.7160999774932861,2.098259925842285,1.6829400062561035,1.4990999698638916,1.832919955253601,0.8906999826431274,1.0891170501708984,1.2225899696350098
2024-04-12,1.0726851224899292,164.31700134277344,0.8543400168418884,0.9759200215339661,1.6399600505828857,1.4680999517440796,1.7874699831008911,153.19200134277344,0.7965099811553955,0.9098299741744995,1.5289100408554077,1.368690013885498,1.6663299798965454,0.005179000087082386,0.005938999820500612,0.009960000403225422,0.00892999954521656,0.010867999866604805,1.1422200202941895,1.919409990310669,1.7182799577713013,2.0919198989868164,1.6802799701690674,1.5041799545288086,1.8313299417495728,0.8951550126075745,1.0898900032043457,1.2173999547958374
2024-04-15,1.0649627447128296,163.2100067138672,0.8543999791145325,0.9729599952697754,1.6438000202178955,1.465000033378601,1.7899999618530273,153.2830047607422,0.8024500012397766,0.9137700200080872,1.5442099571228027,1.3758000135421753,1.681920051574707,0.00521400012075901,0.005960999988019466,0.010071000084280968,0.008976000361144543,0.010960999876260757,1.138700008392334,1.9241000413894653,1.7145229578018188,2.095860004425049,1.6897200345993042,1.5055299997329712,1.8403300046920776,0.8909400105476379,1.0891289710998535,1.2223000526428223
2024-04-16,1.0625749826431274,163.8300018310547,0.8536199927330017,0.9688100218772888,1.6492899656295776,1.4648100137710571,1.8000500202178955,154.20599365234375,0.803380012512207,0.9115999937057495,1.552191972732544,1.3786300420761108,1.6941100358963013,0.0051910001784563065,0.005913000088185072,0.010048000141978264,0.008936000056564808,0.010979999788105488,1.1348400115966797,1.9319100379943848,1.715809941291809,2.1082000732421875,1.7020699977874756,1.5117499828338623,1.8576799631118774,0.8881199955940247,1.0912699699401855,1.2287399768829346
2024-04-17,1.0621461868286133,164.29600524902344,0.8543999791145325,0.9692400097846985,1.6562299728393555,1.4676599502563477,1.8026399612426758,154.697998046875,0.8044400215148926,0.912559986114502,1.5593810081481934,1.3818800449371338,1.6971900463104248,0.005181000102311373,0.005898999981582165,0.01006300002336502,0.008927999995648861,0.010963000357151031,1.1343799829483032,1.9383900165557861,1.7176799774169922,2.109649896621704,1.7085299491882324,1.5140399932861328,1.8594599962234497,0.8862320184707642,1.0883500576019287,1.2280499935150146
2024-04-18,1.0669398307800293,164.66200256347656,0.856689989566803,0.9715499877929688,1.6568299531936646,1.4693200588226318,1.8043299913406372,154.3419952392578,0.8029699921607971,0.9103999733924866,1.552839994430542,1.3771799802780151,1.6911900043487549,0.0051830001175403595,0.005900000222027302,0.01004400011152029,0.008918999694287777,0.010947000235319138,1.1339399814605713,1.9337600469589233,1.7148900032043457,2.106029987335205,1.7050800323486328,1.5121999979019165,1.8569200038909912,0.8867999911308289,1.089020013809204,1.2278800010681152
2024-04-19,1.0644185543060303,164.5590057373047,0.8558200001716614,0.9711300134658813,1.6566400527954102,1.4655400514602661,1.802940011024475,154.61000061035156,0.8040099740028381,0.9121000170707703,1.5564930438995361,1.3769299983978271,1.693910002708435,0.005181000102311373,0.0059009999968111515,0.010046999901533127,0.00890200026333332,0.010944999754428864,1.1344000101089478,1.935629963874817,1.7122999429702759,2.1065399646759033,1.705739974975586,1.5089399814605713,1.8563200235366821,0.8845599889755249,1.0882610082626343,1.2301299571990967
2024-04-22,1.065825343132019,164.80999755859375,0.8611999750137329,0.9709600210189819,1.6582000255584717,1.4643000364303589,1.8063600063323975,154.63999938964844,0.8080300092697144,0.9109830260276794,1.5561800003051758,1.373900055885315,1.6948299407958984,0.005206000059843063,0.005890999920666218,0.010042999871075153,0.00887999963015318,0.010959000326693058,1.1273599863052368,1.9257400035858154,1.7001999616622925,2.0973100662231445,1.7067760229110718,1.5079400539398193,1.8601399660110474,0.8827999830245972,1.0890439748764038,1.2334699630737305
2024-04-23,1.065405249595642,164.9250030517578,0.8626000285148621,0.9714999794960022,1.6511000394821167,1.4595500230789185,1.799430012702942,154.81300354003906,0.8097000122070312,0.9118899703025818,1.5497000217437744,1.3700499534606934,1.6888469457626343,0.005210000090301037,0.005890000145882368,0.009995000436902046,0.008844999596476555,0.01090100035071373,1.1261199712753296,1.914199948310852,1.6918799877166748,2.085710048675537,1.6983699798583984,1.5022499561309814,1.8518500328063965,0.8835769891738892,1.0894999504089355,1.2326699495315552
2024-04-24,1.0704345703125,165.61300659179688,0.8594200015068054,0.9757800102233887,1.6493300199508667,1.4615999460220337,1.8020000457763672,154.74400329589844,0.8029999732971191,0.9114000201225281,1.5410929918289185,1.3660600185394287,1.684380054473877,0.005169000010937452,0.005890999920666218,0.009937000460922718,0.008824000135064125,0.010882999747991562,1.1352100372314453,1.9191099405288696,1.70114004611969,2.0968000888824463,1.6901700496673584,1.4982600212097168,1.8473299741744995,0.8863800168037415,1.092960000038147,1.2329000234603882
2024-04-25,1.0699878931045532,166.11599731445312,0.858709990978241,0.9783899784088135,1.6468199491500854,1.4662400484085083,1.8024699687957764,155.25900268554688,0.8026000261306763,0.9144399762153625,1.5391720533370972,1.370419979095459,1.6846599578857422,0.005148999858647585,0.005890000145882368,0.00989300012588501,0.008825999684631824,0.010842000134289265,1.139299988746643,1.917580008506775,1.7074099779129028,2.098900079727173,1.682919979095459,1.4984400272369385,1.8420100212097168,0.8903949856758118,1.0944980382919312,1.229200005531311
2024-04-26,1.072961449623108,166.9080047607422,0.8575999736785889,0.9789299964904785,1.6444900035858154,1.465190052986145,1.7996000051498413,155.5970001220703,0.7994199991226196,0.9125199913978577,1.5329899787902832,1.3658000230789185,1.6783000230789185,0.005117999855428934,0.0058650001883506775,0.009831000119447708,0.008775000460445881,0.010774999856948853,1.1413899660110474,1.9174200296401978,1.7083499431610107,2.099220037460327,1.6797200441360474,1.496559977531433,1.8389699459075928,0.8908699750900269,1.0947400331497192,1.228700041770935
2024-04-29,1.0706866979599,169.39999389648438,0.85589998960495,0.9782999753952026,1.63673996925354,1.4620800018310547,1.800130009651184,158.2239990234375,0.7993299961090088,0.9136880040168762,1.528725028038025,1.36558997631073,1.6813199520111084,0.005032999906688929,0.0057749999687075615,0.009643999859690666,0.0086260000243783,0.010617000050842762,1.142799973487854,1.9122099876403809,1.7081600427627563,2.1030800342559814,1.6729120016098022,1.4944100379943848,1.8398799896240234,0.8932200074195862,1.099768042564392,1.2310999631881714
2024-04-30,1.0715701580047607,167.39599609375,0.8531399965286255,0.9760000109672546,1.632949948310852,1.4643900394439697,1.794100046157837,156.31399536132812,0.7961900234222412,0.9107199907302856,1.5239490270614624,1.36667001247406,1.674589991569519,0.005073999986052513,0.0058280001394450665,0.009728999808430672,0.00873900018632412,0.010703999549150467,1.1437900066375732,1.9139200448989868,1.7164100408554077,2.103100061416626,1.673140048980713,1.5004600286483765,1.838479995727539,0.8967419862747192,1.0987999439239502,1.2251900434494019
2024-05-01,1.0666552782058716,168.21499633789062,0.8539699912071228,0.9807800054550171,1.646880030632019,1.469480037689209,1.81413996219635,157.7220001220703,0.8006299734115601,0.9194899797439575,1.543686032295227,1.3776999711990356,1.700819969177246,0.0050559998489916325,0.005826999898999929,0.009770000353455544,0.008729999884963036,0.010773999616503716,1.148419976234436,1.9284499883651733,1.7206900119781494,2.1242198944091797,1.6789599657058716,1.498110055923462,1.849429965019226,0.8922100067138672,1.1015000343322754,1.2344199419021606
2024-05-02,1.0721560716629028,166.8800048828125,0.8547400236129761,0.9821699857711792,1.6407999992370605,1.470710039138794,1.8073999881744385,155.70399475097656,0.7974900007247925,0.9163600206375122,1.5309480428695679,1.3723000288009644,1.686310052871704,0.0051020001992583275,0.005884999874979258,0.009813000448048115,0.008808000013232231,0.01082099974155426,1.1488100290298462,1.919469952583313,1.7205100059509277,2.113800048828125,1.670259952545166,1.4972399473190308,1.8398100137710571,0.8960270285606384,1.1015160083770752,1.2287100553512573
2024-05-03,1.073306918144226,164.21600341796875,0.8555099964141846,0.976170003414154,1.6328400373458862,1.4662799835205078,1.7989599704742432,153.0449981689453,0.7974100112915039,0.9097700119018555,1.521746039390564,1.3666199445724487,1.676759958267212,0.0051910001784563065,0.005944000091403723,0.00992599967867136,0.008923999965190887,0.010944999754428864,1.1406199932098389,1.908120036125183,1.7135800123214722,2.1025400161743164,1.6724400520324707,1.5019999742507935,1.842810034751892,0.8980200290679932,1.101699948310852,1.2268199920654297
2024-05-06,1.0758124589920044,165.2010040283203,0.8578000068664551,0.974590003490448,1.627709984779358,1.472890019416809,1.7898999452590942,153.5659942626953,0.7973799705505371,0.9059399962425232,1.513069987297058,1.3691500425338745,1.6645599603652954,0.005171999800950289,0.005900000222027302,0.009832000359892845,0.008911999873816967,0.010827000252902508,1.136080026626587,1.8974299430847168,1.7169699668884277,2.087399959564209,1.6699800491333008,1.511139988899231,1.8371100425720215,0.9048410058021545,1.1002739667892456,1.215649962425232
2024-05-07,1.0767507553100586,166.0780029296875,0.8572700023651123,0.9762300252914429,1.625480055809021,1.4718999862670898,1.7916899919509888,154.23699951171875,0.7961900234222412,0.9067000150680542,1.5096800327301025,1.3670899868011475,1.6640299558639526,0.005142999812960625,0.005878999829292297,0.009770000353455544,0.00885900016874075,0.010789000429213047,1.1387100219726562,1.8961000442504883,1.7169100046157837,2.08978009223938,1.6649199724197388,1.5075900554656982,1.8350800275802612,0.9054819941520691,1.1021900177001953,1.2171399593353271
2024-05-08,1.0750491619110107,166.35699462890625,0.8599200248718262,0.9767699837684631,1.63100004196167,1.4758000373840332,1.7925900220870972,154.7480010986328,0.7999100089073181,0.9084799885749817,1.5176349878311157,1.3733199834823608,1.6674449443817139,0.005150000099092722,0.00587099976837635,0.00978699978441,0.008868999779224396,0.010766999796032906,1.1356699466705322,1.8971199989318848,1.7167400121688843,2.0844199657440186,1.670259952545166,1.5114799737930298,1.8351800441741943,0.9048699736595154,1.0987299680709839,1.2140699625015259
2024-05-09,1.0746910572052002,166.99899291992188,0.8601599931716919,0.9757800102233887,1.6339800357818604,1.4751800298690796,1.7898600101470947,155.41900634765625,0.8004299998283386,0.9079899787902832,1.5204960107803345,1.3727200031280518,1.6655000448226929,0.0051310001872479916,0.005841999780386686,0.009762000292539597,0.008833000436425209,0.010707000270485878,1.134310007095337,1.8994699716567993,1.714900016784668,2.080620050430298,1.6743299961090088,1.511680006980896,1.8340500593185425,0.9027799963951111,1.0953700542449951,1.2131600379943848
2024-05-10,1.078515887260437,167.53399658203125,0.8607800006866455,0.9766899943351746,1.6290899515151978,1.4746500253677368,1.786180019378662,155.38900756835938,0.7983599901199341,0.9058499932289124,1.5103460550308228,1.3677799701690674,1.6566699743270874,0.005117999855428934,0.005828999914228916,0.009701999835669994,0.008798000402748585,0.010649999603629112,1.1345499753952026,1.892449975013733,1.7130600214004517,2.0749099254608154,1.6678340435028076,1.5097299814224243,1.8286199569702148,0.9051300287246704,1.0952999591827393,1.2111300230026245
2024-05-13,1.077040672302246,167.81700134277344,0.8600299954414368,0.9762600064277649,1.6315900087356567,1.4730199575424194,1.7895100116729736,155.8179931640625,0.7985399961471558,0.9064499735832214,1.5149199962615967,1.3676999807357788,1.6615400314331055,0.005104999989271164,0.005816999822854996,0.009701999835669994,0.008772999979555607,0.01065600011497736,1.1350799798965454,1.8970199823379517,1.7126799821853638,2.0806100368499756,1.671090006828308,1.5086899995803833,1.8327800035476685,0.9028599858283997,1.096690058708191,1.2147300243377686
2024-05-14,1.079354166984558,168.58999633789062,0.8592000007629395,0.9797999858856201,1.6325600147247314,1.4749499559402466,1.7908999919891357,156.23300170898438,0.7960600256919861,0.9078999757766724,1.5121999979019165,1.366569995880127,1.6601899862289429,0.0050760000012815,0.0058109997771680355,0.009658999741077423,0.008741999976336956,0.010618999600410461,1.1404399871826172,1.8999600410461426,1.7165600061416626,2.085330009460449,1.6658060550689697,1.5049799680709839,1.8282999992370605,0.9033899903297424,1.0975099802017212,1.2147400379180908
2024-05-15,1.0814552307128906,169.24099731445312,0.859279990196228,0.9806200265884399,1.6325000524520874,1.476449966430664,1.7894799709320068,156.4980010986328,0.7945799827575684,0.9067000150680542,1.5091999769210815,1.365280032157898,1.654729962348938,0.005057999864220619,0.005793999880552292,0.009626000188291073,0.008724000304937363,0.010564000345766544,1.1411399841308594,1.8997100591659546,1.7181700468063354,2.08240008354187,1.6645859479904175,1.5054899454116821,1.8246099948883057,0.9043499827384949,1.0960999727249146,1.2118899822235107
2024-05-16,1.0889805555343628,168.0019989013672,0.857990026473999,0.9806200265884399,1.6251599788665771,1.480430006980896,1.7762199640274048,154.28199768066406,0.7880200147628784,0.9005299806594849,1.492300033569336,1.3596999645233154,1.631160020828247,0.00508800009265542,0.005836999975144863,0.00965499971061945,0.008808000013232231,0.010572000406682491,1.1426299810409546,1.8937300443649292,1.7253700494766235,2.069809913635254,1.6570199728012085,1.509719967842102,1.8111660480499268,0.9106349945068359,1.0929499864578247,1.1995600461959839
2024-05-17,1.0867793560028076,168.85400390625,0.8576099872589111,0.9846500158309937,1.6264699697494507,1.4795900583267212,1.7745800018310547,155.37899780273438,0.7891409993171692,0.9059900045394897,1.4962999820709229,1.3614599704742432,1.6328660249710083,0.005059000104665756,0.00583200016990304,0.009611000306904316,0.008756999857723713,0.010506000369787216,1.1480599641799927,1.8961999416351318,1.7251399755477905,2.068700075149536,1.6516640186309814,1.5024800300598145,1.8020199537277222,0.9093809723854065,1.090980052947998,1.1992700099945068
2024-05-20,1.0875475406646729,169.34500122070312,0.8556699752807617,0.9882100224494934,1.6225999593734741,1.4795299768447876,1.770900011062622,155.75399780273438,0.7870000004768372,0.9086999893188477,1.4923800230026245,1.3607900142669678,1.629539966583252,0.005032999906688929,0.005826999898999929,0.009564000181853771,0.00873200036585331,0.010452999733388424,1.1548199653625488,1.8961900472640991,1.7290199995040894,2.070349931716919,1.641800045967102,1.4970500469207764,1.7925699949264526,0.9117699861526489,1.091858983039856,1.197309970855713
2024-05-21,1.086082935333252,169.82200622558594,0.8544399738311768,0.9883999824523926,1.6276999711990356,1.4795000553131104,1.7771999835968018,156.3699951171875,0.7867299914360046,0.9101200103759766,1.4987800121307373,1.3621000051498413,1.6371699571609497,0.005011000204831362,0.0058200000785291195,0.009584000334143639,0.008708000183105469,0.010460999794304371,1.1567100286483765,1.9047000408172607,1.7314499616622925,2.0808401107788086,1.6466330289840698,1.4967299699783325,1.7986500263214111,0.9088900089263916,1.0922880172729492,1.201640009880066
2024-05-22,1.0855170488357544,169.60699462890625,0.8539400100708008,0.9890999794006348,1.6281399726867676,1.48062002658844,1.7812999486923218,156.25100708007812,0.7867000102996826,0.9111599922180176,1.4999029636383057,1.3640300035476685,1.641010046005249,0.005013999994844198,0.005822000093758106,0.009579000063240528,0.008725999854505062,0.010491999797523022,1.1581499576568604,1.9064699411392212,1.733739972114563,2.085829973220825,1.6458899974822998,1.4967999458312988,1.800719976425171,0.9093499779701233,1.0940300226211548,1.2029500007629395
2024-05-23,1.0825204849243164,169.6320037841797,0.8509600162506104,0.9907000064849854,1.635390043258667,1.4818799495697021,1.7745699882507324,156.70399475097656,0.7860999703407288,0.9150000214576721,1.510759949684143,1.368899941444397,1.6393200159072876,0.0049959998577833176,0.005840000230818987,0.009619000367820263,0.00873200036585331,0.010452999733388424,1.1641499996185303,1.9217000007629395,1.7413400411605835,2.0852200984954834,1.6505600214004517,1.4956300258636475,1.7909799814224243,0.9061819911003113,1.0850600004196167,1.1973899602890015
2024-05-24,1.0812681913375854,169.71400451660156,0.8517199754714966,0.9886500239372253,1.637910008430481,1.4847999811172485,1.7733500003814697,156.97300720214844,0.7877699732780457,0.914330005645752,1.5148099660873413,1.3732099533081055,1.6400699615478516,0.004997999873012304,0.005824999883770943,0.009633000008761883,0.00874400045722723,0.010437999852001667,1.1604700088500977,1.9227800369262695,1.743090033531189,2.081670045852661,1.6565070152282715,1.5016499757766724,1.7934399843215942,0.9064819812774658,1.082669973373413,1.194200038909912
2024-05-27,1.0847634077072144,170.16099548339844,0.8517000079154968,0.991890013217926,1.6375700235366821,1.4826699495315552,1.7719500064849854,156.8699951171875,0.7851700186729431,0.9143999814987183,1.509660005569458,1.3666000366210938,1.6335300207138062,0.004985000006854534,0.0058200000785291195,0.009603000245988369,0.008708000183105469,0.010413000360131264,1.164199948310852,1.9225000143051147,1.7404999732971191,2.080359935760498,1.6496210098266602,1.4946500062942505,1.7862199544906616,0.9053400158882141,1.082000970840454,1.1949900388717651
2024-05-28,1.0861891508102417,170.3470001220703,0.8502900004386902,0.9919000267982483,1.6319400072097778,1.4802800416946411,1.7654099464416504,156.84500122070312,0.7829399704933167,0.9132000207901001,1.5024900436401367,1.3628900051116943,1.6254099607467651,0.004972000140696764,0.005822000093758106,0.009579000063240528,0.008685999549925327,0.010352999903261662,1.1663000583648682,1.9188799858093262,1.7405799627304077,2.0758299827575684,1.6450400352478027,1.4921900033950806,1.7795499563217163,0.9070199728012085,1.0817500352859497,1.1924899816513062
2024-05-29,1.0851871967315674,170.6540069580078,0.8505399823188782,0.9900400042533875,1.6323299407958984,1.4809199571609497,1.7671899795532227,157.26199340820312,0.7838000059127808,0.9122899770736694,1.5042120218276978,1.3645999431610107,1.6284799575805664,0.004964999854564667,0.005801000166684389,0.009548000060021877,0.008673000149428844,0.010347999632358551,1.1639399528503418,1.9190000295639038,1.741070032119751,2.0775599479675293,1.6485600471496582,1.495669960975647,1.7847100496292114,0.9072020053863525,1.0825999975204468,1.193160057067871
2024-05-30,1.0801819562911987,170.21600341796875,0.8506500124931335,0.9862800240516663,1.6332000494003296,1.481660008430481,1.766800045967102,157.60800170898438,0.78752601146698,0.9128000140190125,1.5120129585266113,1.3717000484466553,1.635699987411499,0.004976999945938587,0.005793000105768442,0.009576000273227692,0.008700000122189522,0.010367999784648418,1.1593400239944458,1.9198600053787231,1.7416000366210938,2.0768699645996094,1.655711054801941,1.5020699501037598,1.791059970855713,0.9071400165557861,1.0817099809646606,1.192330002784729
2024-05-31,1.0835410356521606,169.99600219726562,0.8508800268173218,0.9784799814224243,1.6336300373077393,1.4820899963378906,1.7709499597549438,156.9530029296875,0.7855200171470642,0.9033100008964539,1.508226990699768,1.3683300018310547,1.6349200010299683,0.004985000006854534,0.005754999816417694,0.009588999673724174,0.00871300045400858,0.010406999848783016,1.1498099565505981,1.9197700023651123,1.7417500019073486,2.0810699462890625,1.6693300008773804,1.5145299434661865,1.8095300197601318,0.9067000150680542,1.0840100049972534,1.1947200298309326
2024-06-03,1.0853049755096436,170.5800018310547,0.8515300154685974,0.9781799912452698,1.630519986152649,1.4780000448226929,1.7650599479675293,157.17999267578125,0.7846999764442444,0.9013199806213379,1.5022000074386597,1.3618899583816528,1.626389980316162,0.004972000140696764,0.005733999889343977,0.009538000449538231,0.008659999817609787,0.010338000021874905,1.1486599445343018,1.9147100448608398,1.735640048980713,2.072690010070801,1.6667300462722778,1.510830044746399,1.8042099475860596,0.9060969948768616,1.0824780464172363,1.194100022315979
2024-06-04,1.0907385349273682,170.22799682617188,0.8514000177383423,0.9762300252914429,1.6303000450134277,1.48649001121521,1.7610299587249756,156.0760040283203,0.7806299924850464,0.8950200080871582,1.4947500228881836,1.3628699779510498,1.6145700216293335,0.004980999976396561,0.005733999889343977,0.009576000273227692,0.008728000335395336,0.010333999991416931,1.1464899778366089,1.914680004119873,1.74576997756958,2.067500114440918,1.6698390245437622,1.5225399732589722,1.803689956665039,0.9117349982261658,1.079200029373169,1.1845699548721313
2024-06-05,1.0881866216659546,168.79600524902344,0.8519499897956848,0.968500018119812,1.6372499465942383,1.4881700277328491,1.7622599601745605,155.12399291992188,0.7828999757766724,0.8899499773979187,1.5046190023422241,1.3676199913024902,1.6195100545883179,0.005026999861001968,0.005737000145018101,0.009680000133812428,0.008810999803245068,0.010428999550640583,1.1366000175476074,1.9216599464416504,1.7466399669647217,2.0685200691223145,1.6886190176010132,1.53643000125885,1.819350004196167,0.9088799953460693,1.0763399600982666,1.1840699911117554
2024-06-06,1.087453007698059,169.55599975585938,0.8498899936676025,0.9706400036811829,1.633970022201538,1.4885499477386475,1.7549899816513062,155.9290008544922,0.7815700173377991,0.8924999833106995,1.5019999742507935,1.36899995803833,1.6138700246810913,0.004993000067770481,0.005723999813199043,0.00961500033736229,0.008775999769568443,0.010339999571442604,1.141950011253357,1.9222300052642822,1.7512600421905518,2.063800096511841,1.6831049919128418,1.5334899425506592,1.807770013809204,0.9107000231742859,1.0740400552749634,1.1787699460983276
2024-06-07,1.0894432067871094,169.5749969482422,0.85139000415802,0.968999981880188,1.6330699920654297,1.4886399507522583,1.7575600147247314,155.69700622558594,0.7816600203514099,0.8897200226783752,1.4993400573730469,1.366819977760315,1.6136800050735474,0.005001000128686428,0.005714000202715397,0.009608999826014042,0.008774000220000744,0.010363000445067883,1.1378999948501587,1.9179099798202515,1.7483400106430054,2.0642099380493164,1.6850500106811523,1.536120057106018,1.8135199546813965,0.9115599989891052,1.0762100219726562,1.1804900169372559
2024-06-10,1.0778882503509521,169.0399932861328,0.8467299938201904,0.9659600257873535,1.637369990348816,1.4829800128936768,1.7651499509811401,156.83299255371094,0.7855799794197083,0.8960999846458435,1.519129991531372,1.3759000301361084,1.6376800537109375,0.004989999812096357,0.005714000202715397,0.00966699980199337,0.008767999708652496,0.010432000271975994,1.1404000520706177,1.9336600303649902,1.7513600587844849,2.084549903869629,1.6949150562286377,1.5350899696350098,1.8271199464797974,0.9056400060653687,1.0779809951782227,1.1901500225067139
2024-06-11,1.0764262676239014,169.02000427246094,0.845740020275116,0.9650200009346008,1.6289600133895874,1.4811400175094604,1.7554999589920044,157.0399932861328,0.7857699990272522,0.8965799808502197,1.513100028038025,1.3761199712753296,1.6317700147628784,0.004984000232070684,0.005708000157028437,0.009618000127375126,0.00875800009816885,0.010381000116467476,1.1409599781036377,1.9258500337600708,1.7512099742889404,2.076509952545166,1.6866250038146973,1.5346800088882446,1.8197499513626099,0.908972978591919,1.078220009803772,1.1856800317764282
2024-06-12,1.0740330219268799,168.7209930419922,0.8428999781608582,0.9642199873924255,1.625349998474121,1.477220058441162,1.747499942779541,157.10499572753906,0.7849000096321106,0.8977800011634827,1.5133860111236572,1.3754899501800537,1.6270699501037598,0.0049760001711547375,0.005714000202715397,0.009611999616026878,0.00875100027769804,0.010347999632358551,1.143720030784607,1.9279899597167969,1.7522799968719482,2.0725998878479004,1.6855000257492065,1.5319299697875977,1.8121299743652344,0.9088199734687805,1.0751299858093262,1.1828199625015259
2024-06-13,1.0813149213790894,169.52000427246094,0.8450000286102295,0.966949999332428,1.6228100061416626,1.4831000566482544,1.747730016708374,156.8000030517578,0.7814800143241882,0.8942599892616272,1.5008480548858643,1.372189998626709,1.6163400411605835,0.004964000079780817,0.005702999886125326,0.009550999850034714,0.00874600000679493,0.010298999957740307,1.1440000534057617,1.9203499555587769,1.755660057067871,2.068190097808838,1.6780699491500854,1.5342199802398682,1.8072199821472168,0.9142100214958191,1.076930046081543,1.1778600215911865
2024-06-14,1.0738831758499146,168.7259979248047,0.8418200016021729,0.9599300026893616,1.6188900470733643,1.4757299423217773,1.7429499626159668,157.1280059814453,0.7839999794960022,0.8939300179481506,1.5075900554656982,1.3740999698638916,1.623110055923462,0.00496899988502264,0.005688999779522419,0.009575000032782555,0.008741999976336956,0.010320999659597874,1.140239953994751,1.9229799509048462,1.752940058708191,2.070319890975952,1.686310052871704,1.537179946899414,1.8154799938201904,0.9114999771118164,1.0765759944915771,1.1809600591659546
2024-06-17,1.0702168941497803,168.60400390625,0.8438000082969666,0.953249990940094,1.6183300018310547,1.4698699712753296,1.7430000305175781,157.54600524902344,0.7884500026702881,0.8907300233840942,1.5121999979019165,1.3732999563217163,1.629349946975708,0.004985000006854534,0.005654000211507082,0.009580999612808228,0.00871300045400858,0.010333999991416931,1.1296299695968628,1.9177600145339966,1.7418700456619263,2.0663399696350098,1.6960649490356445,1.5418000221252441,1.8289899826049805,0.9082000255584717,1.0774199962615967,1.1861799955368042
2024-06-18,1.0740677118301392,169.36900329589844,0.8447999954223633,0.9541100263595581,1.6225899457931519,1.47284996509552,1.750309944152832,157.6999969482422,0.7864109873771667,0.8883000016212463,1.51010000705719,1.3713300228118896,1.629194974899292,0.0049680001102387905,0.0056329998187720776,0.00955899991095066,0.008693000301718712,0.010325999930500984,1.1294200420379639,1.9207500219345093,1.74344003200531,2.0718600749969482,1.7004599571228027,1.5435199737548828,1.8342399597167969,0.9075980186462402,1.078544020652771,1.1882699728012085
2024-06-19,1.0742292404174805,169.49400329589844,0.8450000286102295,0.9495999813079834,1.6122000217437744,1.4730099439620972,1.7487200498580933,157.87100219726562,0.7869399785995483,0.8841800093650818,1.5012309551239014,1.3716200590133667,1.6285099983215332,0.004964999854564667,0.005601000040769577,0.009488999843597412,0.008684000000357628,0.010307000018656254,1.1236000061035156,1.907670021057129,1.7429800033569336,2.0692999362945557,1.6976300477981567,1.551069974899292,1.8413300514221191,0.913707971572876,1.0846240520477295,1.1870499849319458
2024-06-20,1.0751532316207886,169.76300048828125,0.8449000120162964,0.9505100250244141,1.6100599765777588,1.472499966621399,1.7506200075149536,157.95799255371094,0.7860400080680847,0.8842999935150146,1.4980599880218506,1.3705799579620361,1.6288199424743652,0.00495699979364872,0.00559900002554059,0.009483999572694302,0.00867099966853857,0.010304000228643417,1.1249799728393555,1.9056099653244019,1.7433099746704102,2.071500062942505,1.6937199831008911,1.549530029296875,1.8415199518203735,0.9148439764976501,1.0872390270233154,1.1883399486541748
2024-06-21,1.0706409215927124,170.1510009765625,0.8456100225448608,0.9543700218200684,1.6072399616241455,1.4650499820709229,1.7487200498580933,158.93099975585938,0.7898600101470947,0.8914899826049805,1.5013439655303955,1.3684699535369873,1.633239984512329,0.00494999997317791,0.005609000101685524,0.009425999596714973,0.008605999872088432,0.010276000015437603,1.128559947013855,1.9006400108337402,1.7323600053787231,2.067620038986206,1.6837799549102783,1.5348299741744995,1.8318300247192383,0.9114199876785278,1.0878900289535522,1.1934000253677368
2024-06-24,1.0687757730484009,170.85000610351562,0.8456699848175049,0.9559000134468079,1.6108800172805786,1.4643100500106812,1.748829960823059,159.86099243164062,0.7911999821662903,0.89410001039505,1.5071589946746826,1.370129942893982,1.6363400220870972,0.0049299998208880424,0.005584000144153833,0.009409000165760517,0.008565000258386135,0.010224999859929085,1.1301000118255615,1.9047600030899048,1.7314599752426147,2.067850112915039,1.685130000114441,1.5317800045013428,1.829360008239746,0.9089609980583191,1.0855599641799927,1.194159984588623
2024-06-25,1.0732723474502563,171.375,0.8461899757385254,0.9585999846458435,1.6127699613571167,1.4657700061798096,1.7532700300216675,159.68600463867188,0.7884299755096436,0.8931900262832642,1.5027199983596802,1.3657900094985962,1.6338499784469604,0.004918000195175409,0.005594000220298767,0.00939400028437376,0.008547999896109104,0.010223000310361385,1.1327400207519531,1.9057999849319458,1.7320499420166016,2.072010040283203,1.6822099685668945,1.5289000272750854,1.8289899826049805,0.908814013004303,1.0872700214385986,1.1962100267410278
2024-06-26,1.0709619522094727,171.00999450683594,0.844290018081665,0.9587799906730652,1.6116700172424316,1.462980031967163,1.7504500150680542,159.68600463867188,0.7883949875831604,0.8952000141143799,1.5049359798431396,1.3661099672317505,1.6342300176620483,0.004916999954730272,0.0056059998460114,0.00940299965441227,0.00855099968612194,0.010223999619483948,1.1355400085449219,1.9088200330734253,1.7327200174331665,2.0728800296783447,1.6807290315628052,1.525730013847351,1.8251399993896484,0.9075700044631958,1.0859800577163696,1.1961599588394165
2024-06-27,1.068010926246643,171.53500366210938,0.8461300134658813,0.9579799771308899,1.607200026512146,1.4634499549865723,1.7566100358963013,160.62100219726562,0.7922800183296204,0.8967000246047974,1.5049400329589844,1.3704500198364258,1.6446599960327148,0.004912999924272299,0.005584999918937683,0.009348000399768353,0.008527999743819237,0.010230000130832195,1.132099986076355,1.8992999792099,1.7294299602508545,2.075730085372925,1.6758840084075928,1.5276600122451782,1.8332799673080444,0.9105929732322693,1.092900037765503,1.1999599933624268
2024-06-28,1.0708472728729248,172.06500244140625,0.846780002117157,0.9621999859809875,1.6101100444793701,1.4669300317764282,1.7598999738693237,160.68699645996094,0.7907800078392029,0.8985199928283691,1.5036239624023438,1.3699300289154053,1.643470048904419,0.004900999832898378,0.00559200020506978,0.009337999857962132,0.00851999968290329,0.010219000279903412,1.1361600160598755,1.9012500047683716,1.7321900129318237,2.077500104904175,1.6731640100479126,1.5244200229644775,1.8288400173187256,0.9110199809074402,1.093000054359436,1.1995999813079834
2024-07-01,1.0735257863998413,172.72999572753906,0.8487100005149841,0.9664499759674072,1.6084699630737305,1.4677499532699585,1.7600699663162231,160.90699768066406,0.7906000018119812,0.9002000093460083,1.4983500242233276,1.3672699928283691,1.6395599842071533,0.004892999771982431,0.005594999995082617,0.009290000423789024,0.00849399995058775,0.010180000215768814,1.138659954071045,1.8950999975204468,1.7293100357055664,2.0736899375915527,1.6641499996185303,1.518246054649353,1.8209400177001953,0.9124500155448914,1.0942000150680542,1.1990400552749634
2024-07-02,1.0737102031707764,173.3990020751953,0.8490200042724609,0.9697399735450745,1.6133999824523926,1.4749499559402466,1.7701599597930908,161.51199340820312,0.7907800078392029,0.9031599760055542,1.5027199983596802,1.3737800121307373,1.648859977722168,0.004875999875366688,0.00559200020506978,0.009283999912440777,0.008502000011503696,0.010200000368058681,1.1420199871063232,1.9001799821853638,1.7369999885559082,2.0849499702453613,1.6635700464248657,1.5208300352096558,1.8253099918365479,0.9141299724578857,1.0972100496292114,1.200119972229004
2024-07-03,1.0748412609100342,173.5850067138672,0.8468999862670898,0.971310019493103,1.6118099689483643,1.4699900150299072,1.7672499418258667,161.50399780273438,0.7879999876022339,0.903689980506897,1.4996329545974731,1.3676799535751343,1.6441400051116943,0.004860000219196081,0.005594999995082617,0.009266000241041183,0.008462999947369099,0.010180000215768814,1.146630048751831,1.902400016784668,1.7353399991989136,2.0861001014709473,1.6591999530792236,1.513260006904602,1.819100022315979,0.9119700193405151,1.0963530540466309,1.2020399570465088
2024-07-04,1.0793308019638062,174.3939971923828,0.8464999794960022,0.972100019454956,1.6074999570846558,1.4711500406265259,1.7661999464035034,161.62100219726562,0.7844499945640564,0.9007599949836731,1.4901130199432373,1.3633300065994263,1.637410044670105,0.0048340000212192535,0.005572999827563763,0.009198999963700771,0.00843099970370531,0.010130000300705433,1.1481900215148926,1.899399995803833,1.7378400564193726,2.087100028991699,1.6526190042495728,1.5132299661636353,1.8174099922180176,0.914870023727417,1.0988099575042725,1.2009199857711792
2024-07-05,1.0810693502426147,174.4290008544922,0.8475000262260437,0.9731699824333191,1.6074600219726562,1.471809983253479,1.7683199644088745,161.35800170898438,0.7839599847793579,0.9002500176429749,1.4869699478149414,1.3615200519561768,1.6357500553131104,0.004838000051677227,0.005578999873250723,0.009194999933242798,0.008438000455498695,0.010127999819815159,1.148210048675537,1.8966000080108643,1.7365200519561768,2.0857999324798584,1.651608943939209,1.5122400522232056,1.816830039024353,0.9155709743499756,1.1000399589538574,1.2013299465179443
2024-07-08,1.082602620124817,173.9029998779297,0.8453099727630615,0.9691699743270874,1.6046199798583984,1.476639986038208,1.7627899646759033,160.63800048828125,0.7808529734611511,0.8952299952507019,1.4822299480438232,1.363800048828125,1.6283700466156006,0.0048409998416900635,0.005563999991863966,0.009207000024616718,0.008488000370562077,0.010126999579370022,1.1461999416351318,1.8980000019073486,1.746749997138977,2.085239887237549,1.6554919481277466,1.5234700441360474,1.8186700344085693,0.9201800227165222,1.0985469818115234,1.1936800479888916
2024-07-09,1.0830950736999512,174.21299743652344,0.8450899720191956,0.9723399877548218,1.606220006942749,1.4761699438095093,1.766469955444336,160.85699462890625,0.7803000211715698,0.8978099822998047,1.4829750061035156,1.3629499673843384,1.63100004196167,0.004831000231206417,0.00558099988847971,0.009201000444591045,0.008473999798297882,0.010130999609827995,1.1505500078201294,1.9005299806594849,1.7466200590133667,2.0901100635528564,1.651710033416748,1.5179799795150757,1.816480040550232,0.918969988822937,1.0997899770736694,1.196560025215149
2024-07-10,1.0814785957336426,174.44000244140625,0.8456299901008606,0.9706199765205383,1.6042200326919556,1.4742100238800049,1.7650699615478516,161.33099365234375,0.7820000052452087,0.8974000215530396,1.4833500385284424,1.3630000352859497,1.6320899724960327,0.004827000200748444,0.005553999915719032,0.00917499978095293,0.008445000275969505,0.010106000117957592,1.1477500200271606,1.8969999551773071,1.743340015411377,2.0871200561523438,1.6525369882583618,1.518826961517334,1.8181999921798706,0.9189540147781372,1.100219964981079,1.1970900297164917
2024-07-11,1.083329677581787,175.0709991455078,0.8428000211715698,0.9741700291633606,1.6044299602508545,1.475100040435791,1.77947998046875,161.60699462890625,0.7780500054359436,0.8992000222206116,1.4810869693756104,1.3617199659347534,1.6425800323486328,0.004794000182300806,0.005563999991863966,0.00914399977773428,0.008422000333666801,0.0101539995521307,1.155769944190979,1.9035500288009644,1.7499799728393555,2.111030101776123,1.6468219757080078,1.5140700340270996,1.8263599872589111,0.9190000295639038,1.1090500354766846,1.2061699628829956
2024-07-12,1.0872756242752075,172.0070037841797,0.8413400053977966,0.9742299914360046,1.6063400506973267,1.4812500476837158,1.783869981765747,158.2010040283203,0.7737699747085571,0.8960300087928772,1.4774320125579834,1.3624399900436401,1.6407999992370605,0.0048699998296797276,0.005663999821990728,0.00931399967521429,0.008604999631643295,0.010355999693274498,1.1578199863433838,1.909119963645935,1.7604600191116333,2.1201798915863037,1.6485600471496582,1.5203200578689575,1.830880045890808,0.9218670129776001,1.1105400323867798,1.2041800022125244
2024-07-15,1.0885539054870605,172.32699584960938,0.8394500017166138,0.9761999845504761,1.6077100038528442,1.485550045967102,1.785770058631897,158.31300354003906,0.7712000012397766,0.8968899846076965,1.4766689538955688,1.3645999431610107,1.6405500173568726,0.004852000158280134,0.005665000062435865,0.009309999644756317,0.008616000413894653,0.010355000384151936,1.1629199981689453,1.915060043334961,1.769569993019104,2.12716007232666,1.6450070142745972,1.5214799642562866,1.828909993171692,0.9239500164985657,1.110651969909668,1.2019799947738647
2024-07-16,1.0901559591293335,172.33599853515625,0.8402799963951111,0.9758999943733215,1.611340045928955,1.4900000095367432,1.793470025062561,158.14100646972656,0.7710099816322327,0.8954700231552124,1.4785679578781128,1.3675999641418457,1.6455999612808228,0.004856000188738108,0.005661999806761742,0.009329999797046185,0.008643999695777893,0.01039700023829937,1.1613199710845947,1.9175299406051636,1.7737200260162354,2.134160041809082,1.650928020477295,1.5271899700164795,1.8374899625778198,0.9249699711799622,1.112969994544983,1.2030999660491943
2024-07-17,1.0902509689331055,172.6179962158203,0.839959979057312,0.9738699793815613,1.619420051574707,1.4902199506759644,1.7963299751281738,158.35000610351562,0.7705529928207397,0.8932200074195862,1.4854429960250854,1.3669500350952148,1.647691011428833,0.004846000112593174,0.0056409998796880245,0.009359999559819698,0.008627999573946,0.010405000299215317,1.1591999530792236,1.927590012550354,1.7738499641418457,2.137500047683716,1.662600040435791,1.5299500226974487,1.844130039215088,0.9197999835014343,1.1091899871826172,1.2052500247955322
2024-07-18,1.094020128250122,170.29600524902344,0.8410300016403198,0.9650700092315674,1.6253299713134766,1.4964599609375,1.7991100549697876,155.68600463867188,0.7687900066375732,0.8823500275611877,1.4857300519943237,1.3678699731826782,1.644569993019104,0.004918000195175409,0.005657999776303768,0.0095229996368289,0.008786000311374664,0.010553999803960323,1.1476199626922607,1.9324300289154053,1.779229998588562,2.1390299797058105,1.6836800575256348,1.5501899719238281,1.8636499643325806,0.9206500053405762,1.1066310405731201,1.2021199464797974
2024-07-19,1.0901559591293335,171.31700134277344,0.8416399955749512,0.9673200249671936,1.6257100105285645,1.493589997291565,1.8035900592803955,157.14999389648438,0.7720999717712402,0.8873000144958496,1.4913129806518555,1.3702000379562378,1.6545900106430054,0.0048940000124275684,0.005646999925374985,0.009471000172197819,0.008716000244021416,0.010518999770283699,1.1490600109100342,1.9312599897384644,1.7742999792099,2.14274001121521,1.6803300380706787,1.5439399480819702,1.8642799854278564,0.9187700152397156,1.1094499826431274,1.2073899507522583
2024-07-22,1.0899182558059692,171.3000030517578,0.842710018157959,0.9678300023078918,1.6275800466537476,1.4939700365066528,1.8091800212860107,157.4219970703125,0.7732099890708923,0.8880100250244141,1.4933600425720215,1.3707000017166138,1.6599700450897217,0.004891999997198582,0.0056409998796880245,0.009467000141739845,0.008704000152647495,0.010534999892115593,1.1484099626541138,1.9312700033187866,1.7727400064468384,2.1467199325561523,1.6815099716186523,1.543470025062561,1.8690799474716187,0.9179199934005737,1.1115000247955322,1.2108700275421143
2024-07-23,1.0889805555343628,170.84300231933594,0.8420400023460388,0.9686999917030334,1.6399500370025635,1.498460054397583,1.8206000328063965,156.89100646972656,0.7732499837875366,0.8895000219345093,1.50600004196167,1.3761199712753296,1.672659993171692,0.004908999893814325,0.005669999867677689,0.009580000303685665,0.00876499991863966,0.010653000324964523,1.15038001537323,1.9474600553512573,1.7794699668884277,2.1629600524902344,1.6927599906921387,1.5467300415039062,1.8800499439239502,0.9136930108070374,1.1106499433517456,1.2154200077056885
2024-07-24,1.0850694179534912,168.98800659179688,0.840910017490387,0.9672499895095825,1.6407999992370605,1.4956400394439697,1.82260000705719,155.76800537109375,0.7750999927520752,0.8915200233459473,1.5123800039291382,1.3785799741744995,1.6798499822616577,0.00495600001886487,0.0057230000384151936,0.009689000435173512,0.008845999836921692,0.010784000158309937,1.1500799655914307,1.9510799646377563,1.7784600257873535,2.1670899391174316,1.6962699890136719,1.5462199449539185,1.8841480016708374,0.9114890098571777,1.1106599569320679,1.2184200286865234
2024-07-25,1.0839520692825317,166.79400634765625,0.8402199745178223,0.9592499732971191,1.648550033569336,1.4967900514602661,1.8284800052642822,153.89100646972656,0.7752000093460083,0.8850200176239014,1.5209590196609497,1.3810299634933472,1.6871099472045898,0.005018000025302172,0.005750000011175871,0.009864999912679195,0.008968999609351158,0.010954000055789948,1.1415799856185913,1.961899995803833,1.7814300060272217,2.176229953765869,1.7183300256729126,1.5603300333023071,1.9061100482940674,0.9079880118370056,1.1091400384902954,1.221500039100647
2024-07-26,1.0851283073425293,166.76100158691406,0.8439099788665771,0.9556599855422974,1.6590700149536133,1.499500036239624,1.8423800468444824,153.69700622558594,0.7778000235557556,0.8806399703025818,1.5283509492874146,1.3819299936294556,1.697849988937378,0.0050409999676048756,0.005729000084102154,0.009928000159561634,0.008987000212073326,0.011037999764084816,1.1321099996566772,1.965499997138977,1.7760000228881836,2.1826701164245605,1.7358100414276123,1.568969964981079,1.9275799989700317,0.9038100242614746,1.1104400157928467,1.228469967842102
2024-07-29,1.0853756666183472,167.28900146484375,0.8434000015258789,0.9598699808120728,1.6560499668121338,1.5008900165557861,1.8421000242233276,154.13900756835938,0.7771000266075134,0.8842999935150146,1.5255529880523682,1.3827999830245972,1.6980810165405273,0.005020999815315008,0.0057379999198019505,0.009879999794065952,0.008971000090241432,0.011006000451743603,1.1380200386047363,1.9631999731063843,1.7794899940490723,2.184999942779541,1.7251100540161133,1.5634900331497192,1.91975998878479,0.9057999849319458,1.1119999885559082,1.2277799844741821
2024-07-30,1.081946611404419,166.41000366210938,0.8412799835205078,0.9586799740791321,1.6514099836349487,1.4990099668502808,1.8408499956130981,153.83299255371094,0.7775800228118896,0.8860999941825867,1.5263899564743042,1.3855799436569214,1.7014600038528442,0.005034000147134066,0.005760000087320805,0.009902999736368656,0.00900300033390522,0.01105900015681982,1.1394799947738647,1.9628299474716187,1.7816799879074097,2.1879899501800537,1.7223800420761108,1.5635000467300415,1.919950008392334,0.9077060222625732,1.1146800518035889,1.227869987487793
2024-07-31,1.0816072225570679,165.11199951171875,0.8424000144004822,0.9539899826049805,1.6534299850463867,1.4979699850082397,1.83256995677948,152.6699981689453,0.7789999842643738,0.8820300102233887,1.5287009477615356,1.3849600553512573,1.6943399906158447,0.00508299982175231,0.005778999999165535,0.00999400019645691,0.009066999889910221,0.011092999950051308,1.1322499513626099,1.9623500108718872,1.777899980545044,2.1749000549316406,1.7329699993133545,1.5700500011444092,1.9206899404525757,0.9059200286865234,1.1082979440689087,1.2232400178909302
2024-08-01,1.082391619682312,162.072998046875,0.8420000076293945,0.9504799842834473,1.6533399820327759,1.4942899942398071,1.8185700178146362,149.74400329589844,0.7780200242996216,0.8781399726867676,1.5274169445037842,1.3808300495147705,1.6801600456237793,0.005175999831408262,0.0058639999479055405,0.010181000456213951,0.009216000325977802,0.011212999932467937,1.1285799741744995,1.9631600379943848,1.7747199535369873,2.159409999847412,1.7392209768295288,1.5722700357437134,1.913059949874878,0.9039400219917297,1.0999200344085693,1.2166600227355957
2024-08-02,1.0787602663040161,160.9459991455078,0.8474400043487549,0.941569983959198,1.6609300374984741,1.4972699880599976,1.8171700239181519,149.2010040283203,0.785610020160675,0.8729000091552734,1.5396699905395508,1.3880599737167358,1.6845799684524536,0.005245000123977661,0.005849999841302633,0.010301000438630581,0.00930000003427267,0.011281000450253487,1.111009955406189,1.9597400426864624,1.7667299509048462,2.144160032272339,1.76364004611969,1.5900100469589233,1.929669976234436,0.9014700055122375,1.0941200256347656,1.2135299444198608
2024-08-05,1.0910836458206177,159.85000610351562,0.8531500101089478,0.9340400099754333,1.6792000532150269,1.5146600008010864,1.8308000564575195,145.58399963378906,0.7819899916648865,0.8561000227928162,1.5391199588775635,1.3883099555969238,1.6815199851989746,0.005350000225007534,0.005880000069737434,0.010549000464379787,0.009530999697744846,0.011537999846041203,1.0947200059890747,1.9656000137329102,1.7752399444580078,2.1501500606536865,1.7976200580596924,1.6214799880981445,1.9638899564743042,0.9019500017166138,1.0924710035324097,1.2110899686813354
2024-08-06,1.0950982570648193,157.88999938964844,0.8562800288200378,0.9360799789428711,1.6807199716567993,1.5117199420928955,1.8402899503707886,145.7899932861328,0.7819399833679199,0.8548300266265869,1.534801959991455,1.3805299997329712,1.6805299520492554,0.005344000179320574,0.00585799990221858,0.010509000159800053,0.009464999660849571,0.011526999995112419,1.0931099653244019,1.9626400470733643,1.7653199434280396,2.149009943008423,1.7952899932861328,1.6147899627685547,1.9657399654388428,0.8993899822235107,1.094939947128296,1.2173099517822266
2024-08-07,1.0926215648651123,158.13299560546875,0.8610000014305115,0.9315000176429749,1.6770800352096558,1.5062400102615356,1.8288899660110474,144.73199462890625,0.788349986076355,0.8525500297546387,1.534919023513794,1.3786499500274658,1.6738899946212769,0.0054270001128315926,0.005890000145882368,0.010584999807178974,0.0095229996368289,0.01155799999833107,1.0814000368118286,1.9470000267028809,1.7485699653625488,2.12280011177063,1.7999210357666016,1.6167099475860596,1.9628000259399414,0.8981099724769592,1.0904200077056885,1.2139899730682373
2024-08-08,1.0928125381469727,159.6959991455078,0.8618800044059753,0.9389299750328064,1.6773099899291992,1.5029499530792236,1.8254499435424805,146.12399291992188,0.7886199951171875,0.8592699766159058,1.534690022468567,1.3754700422286987,1.6705399751663208,0.005379999987781048,0.005876999814063311,0.010490999557077885,0.00941300019621849,0.011428000405430794,1.0893499851226807,1.945930004119873,1.743649959564209,2.1179699897766113,1.7852599620819092,1.600600004196167,1.9439899921417236,0.8960599899291992,1.0883300304412842,1.2144500017166138
2024-08-09,1.0915720462799072,161.1909942626953,0.8561999797821045,0.9462599754333496,1.6558400392532349,1.4992400407791138,1.8164000511169434,147.66900634765625,0.7844700217247009,0.8668500185012817,1.5169899463653564,1.3735400438308716,1.664720058441162,0.005293000023812056,0.005867000203579664,0.010254000313580036,0.009298999793827534,0.011265999637544155,1.1049400568008423,1.9336700439453125,1.7507100105285645,2.1219699382781982,1.749650001525879,1.5842299461364746,1.920050024986267,0.9053850173950195,1.097350001335144,1.2118899822235107
2024-08-12,1.091381311416626,160.4720001220703,0.8559200167655945,0.9440199732780457,1.6606999635696411,1.4986000061035156,1.820430040359497,147.04200744628906,0.7842900156974792,0.8650400042533875,1.5221199989318848,1.3735899925231934,1.6680799722671509,0.005313999950885773,0.005882000084966421,0.010351000353693962,0.009337999857962132,0.011332999914884567,1.1025999784469604,1.941100001335144,1.7508000135421753,2.126620054244995,1.7594480514526367,1.5877699851989746,1.928130030632019,0.9018999934196472,1.0954999923706055,1.2142200469970703
2024-08-13,1.0936251878738403,160.71499633789062,0.8562899827957153,0.9457100033760071,1.6606199741363525,1.5027199983596802,1.8153200149536133,146.98199462890625,0.7830100059509277,0.8647300004959106,1.518530011177063,1.3742300271987915,1.6601899862289429,0.005307000130414963,0.005882999859750271,0.010311000049114227,0.009344999678432941,0.011284999549388885,1.1041799783706665,1.9390699863433838,1.7546900510787964,2.1200199127197266,1.7557100057601929,1.5888500213623047,1.919450044631958,0.9048799872398376,1.0932199954986572,1.207990050315857
2024-08-14,1.0996986627578735,161.61300659179688,0.8546199798583984,0.9514099955558777,1.6564500331878662,1.5074199438095093,1.8087300062179565,146.9709930419922,0.7771999835968018,0.8650500178337097,1.5063420534133911,1.3709100484848022,1.644950032234192,0.005268000066280365,0.005886000115424395,0.010227999649941921,0.009324000217020512,0.011181999929249287,1.1131600141525269,1.9380199909210205,1.7638100385665894,2.1163299083709717,1.7408900260925293,1.5843100547790527,1.9009499549865723,0.9100459814071655,1.0918699502944946,1.199720025062561
2024-08-15,1.1013215780258179,162.14199829101562,0.8585000038146973,0.9524800181388855,1.6684600114822388,1.5097999572753906,1.8351099491119385,147.2530059814453,0.7795000076293945,0.8648059964179993,1.5151499509811401,1.3715699911117554,1.6664700508117676,0.005274000111967325,0.005874000024050474,0.010266999714076519,0.009309999644756317,0.011309999972581863,1.1092000007629395,1.9432899951934814,1.7587000131607056,2.137360095977783,1.751520037651062,1.5855200290679932,1.9263999462127686,0.9051929712295532,1.0998200178146362,1.214900016784668
2024-08-16,1.0972732305526733,163.7259979248047,0.8531200289726257,0.9574099779129028,1.659409999847412,1.506890058517456,1.834630012512207,149.2220001220703,0.7776399850845337,0.8724899888038635,1.5122900009155273,1.37336003780365,1.6719900369644165,0.0051910001784563065,0.00584500003606081,0.010115999728441238,0.009200000204145908,0.011194000020623207,1.1219300031661987,1.9446200132369995,1.765910029411316,2.1498799324035645,1.7329699993133545,1.5737700462341309,1.9159200191497803,0.9080380201339722,1.1055699586868286,1.2173099517822266
2024-08-19,1.1024993658065796,163.11700439453125,0.8514900207519531,0.9564800262451172,1.6521199941635132,1.5079699754714966,1.8193000555038452,147.95599365234375,0.7723699808120728,0.867579996585846,1.498579978942871,1.3678300380706787,1.6508500576019287,0.005200999788939953,0.005863000173121691,0.010110000148415565,0.009242000058293343,0.011153999716043472,1.123170018196106,1.9400500059127808,1.7708100080490112,2.1371700763702393,1.7271100282669067,1.5764199495315552,1.9025499820709229,0.9126799702644348,1.1015599966049194,1.2067899703979492
2024-08-20,1.1086474657058716,162.6199951171875,0.8530200123786926,0.956250011920929,1.6455999612808228,1.5111600160598755,1.8120900392532349,146.69900512695312,0.7698000073432922,0.8623700141906738,1.4847099781036377,1.3630000352859497,1.634600043296814,0.0052269999869167805,0.005878999829292297,0.010102000087499619,0.009286999702453613,0.011133000254631042,1.1204299926757812,1.9285999536514282,1.770400047302246,2.1233999729156494,1.7211110591888428,1.5801399946212769,1.8948800563812256,0.9180690050125122,1.1008820533752441,1.1990400552749634
2024-08-21,1.112792730331421,161.73300170898438,0.8536800146102905,0.9498900175094604,1.6492999792099,1.515220046043396,1.8073300123214722,145.3470001220703,0.7671399712562561,0.8535599708557129,1.4820799827575684,1.3617299795150757,1.624060034751892,0.005257999990135431,0.005872999783605337,0.010177000425755978,0.009366000071167946,0.011172999627888203,1.1126099824905396,1.9316999912261963,1.7748099565505981,2.1168599128723145,1.735260009765625,1.594980001449585,1.902269959449768,0.9186069965362549,1.0956799983978271,1.1925300359725952
2024-08-22,1.115536093711853,161.8800048828125,0.8519700169563293,0.9494199752807617,1.652609944343567,1.5152299404144287,1.81017005443573,145.1179962158203,0.7637400031089783,0.8511000275611877,1.4815469980239868,1.3583300113677979,1.6227200031280518,0.005243000108748674,0.0058639999479055405,0.010185999795794487,0.009355000220239162,0.01117200031876564,1.114259958267212,1.9395999908447266,1.7783499956130981,2.1244499683380127,1.740470051765442,1.595810055732727,1.9063400030136108,0.9167900085449219,1.0952399969100952,1.1944899559020996
2024-08-23,1.111716389656067,162.5240020751953,0.8486800193786621,0.9468500018119812,1.6572200059890747,1.512220025062561,1.8094300031661987,146.20199584960938,0.7634900212287903,0.8517000079154968,1.4907130002975464,1.3603399991989136,1.627709984779358,0.00520299980416894,0.00582600012421608,0.010177000425755978,0.009301000274717808,0.011125000193715096,1.1154799461364746,1.952299952507019,1.7814300060272217,2.1316699981689453,1.7499500513076782,1.5969300270080566,1.9107799530029297,0.9124749898910522,1.091860055923462,1.1964000463485718
2024-08-26,1.1187934875488281,161.09800720214844,0.8467199802398682,0.9479399919509888,1.6481499671936035,1.5113199949264526,1.7965999841690063,144.0,0.756850004196167,0.847320020198822,1.473230004310608,1.3508000373840332,1.606660008430481,0.005237000063061714,0.005884000100195408,0.010212999768555164,0.009378000162541866,0.0111480001360178,1.119439959526062,1.9462000131607056,1.7848000526428223,2.122620105743408,1.7384999990463257,1.5941699743270874,1.895900011062622,0.9169859886169434,1.0904959440231323,1.1891800165176392
2024-08-27,1.1164700984954834,161.32000732421875,0.8462499976158142,0.9457399845123291,1.6484700441360474,1.505079984664917,1.7991299629211426,144.51600646972656,0.7580500245094299,0.847100019454956,1.4764699935913086,1.3482099771499634,1.6114699840545654,0.005226000212132931,0.005861000157892704,0.010196000337600708,0.009324000217020512,0.011141999624669552,1.1173900365829468,1.9476200342178345,1.778309941291809,2.12568998336792,1.7427979707717896,1.5913100242614746,1.9021719694137573,0.9129700064659119,1.091380000114441,1.195199966430664
2024-08-28,1.117793083190918,160.9290008544922,0.8431299924850464,0.9407399892807007,1.646690011024475,1.503000020980835,1.78997004032135,143.97500610351562,0.754289984703064,0.8417199850082397,1.4732099771499634,1.3447699546813965,1.6015100479125977,0.0052200001664459705,0.00584500003606081,0.010212000459432602,0.009340000338852406,0.011114000342786312,1.1156699657440186,1.9529099464416504,1.782539963722229,2.1229500770568848,1.7500499486923218,1.5975600481033325,1.9026000499725342,0.9127200245857239,1.087030053138733,1.1908299922943115
2024-08-29,1.1124955415725708,160.66099548339844,0.8431599736213684,0.936489999294281,1.6400099992752075,1.4990700483322144,1.7806899547576904,144.43299865722656,0.7579399943351746,0.8418200016021729,1.4742519855499268,1.3476999998092651,1.600640058517456,0.0052280002273619175,0.0058280001394450665,0.010187000036239624,0.009328999556601048,0.01107299979776144,1.1105600595474243,1.9449199438095093,1.777750015258789,2.111639976501465,1.7494750022888184,1.6007200479507446,1.9011800289154053,0.914089024066925,1.0857499837875366,1.1875900030136108
2024-08-30,1.1080454587936401,160.53700256347656,0.8415200114250183,0.9384099841117859,1.6304399967193604,1.4946099519729614,1.7690600156784058,144.88999938964844,0.7595199942588806,0.8469399809837341,1.4714970588684082,1.3489099740982056,1.59660005569458,0.005222000181674957,0.005836999975144863,0.01013300009071827,0.009305000305175781,0.01100900024175644,1.1146999597549438,1.937119960784912,1.7757200002670288,2.1018800735473633,1.7371799945831299,1.5924099683761597,1.8848999738693237,0.9165599942207336,1.083899974822998,1.183519959449768
2024-09-02,1.1044842004776,161.6719970703125,0.841189980506897,0.939520001411438,1.6319299936294556,1.49003005027771,1.7679599523544312,146.38099670410156,0.7616999745368958,0.8504999876022339,1.4775409698486328,1.3488999605178833,1.600000023841858,0.0051830001175403595,0.0058109997771680355,0.010073999874293804,0.009211000055074692,0.010935000143945217,1.115399956703186,1.9398000240325928,1.771239995956421,2.100800037384033,1.7368049621582031,1.5857800245285034,1.8815200328826904,0.9129499793052673,1.0827709436416626,1.1863900423049927
2024-09-03,1.1067456007003784,162.37399291992188,0.8420900106430054,0.9422199726104736,1.6306400299072266,1.4937900304794312,1.776170015335083,146.7220001220703,0.760919988155365,0.8513699769973755,1.4733400344848633,1.3497300148010254,1.6050100326538086,0.005166000220924616,0.005801999941468239,0.01001999992877245,0.009194999933242798,0.010929999873042107,1.1187599897384644,1.936110019683838,1.7736599445343018,2.1091198921203613,1.7303500175476074,1.5851999521255493,1.8849400281906128,0.9160299897193909,1.0893000364303589,1.1889699697494507
2024-09-04,1.1048868894577026,160.572998046875,0.842490017414093,0.9390699863433838,1.6457799673080444,1.4963699579238892,1.7856600284576416,145.35299682617188,0.7625399827957153,0.8499299883842468,1.4894249439239502,1.3543399572372437,1.616189956665039,0.0052269999869167805,0.005847000051289797,0.010227999649941921,0.009317999705672264,0.011110000312328339,1.1145000457763672,1.953179955482483,1.77593994140625,2.1184000968933105,1.7522900104522705,1.593269944190979,1.9012600183486938,0.9091699719429016,1.0847870111465454,1.1931899785995483
2024-09-05,1.1080454587936401,158.7830047607422,0.8424999713897705,0.9374300241470337,1.6497900485992432,1.496690034866333,1.7908600568771362,143.32400512695312,0.7607600092887878,0.8460400104522705,1.4889400005340576,1.3508100509643555,1.6163699626922607,0.005288000218570232,0.005901999771595001,0.010370000265538692,0.009421000257134438,0.011269000358879566,1.1119999885559082,1.9569799900054932,1.775149941444397,2.124429941177368,1.759660005569458,1.5964399576187134,1.9102400541305542,0.9071699976921082,1.0855369567871094,1.1964499950408936
2024-09-06,1.1111111640930176,159.32000732421875,0.8431000113487244,0.9375399947166443,1.6483500003814697,1.4999300241470337,1.7850600481033325,143.39300537109375,0.758870005607605,0.8438100218772888,1.4835690259933472,1.3500100374221802,1.6065800189971924,0.005272999871522188,0.005882999859750271,0.010327000170946121,0.009410000406205654,0.011195000261068344,1.1118500232696533,1.9548300504684448,1.7787400484085083,2.1169400215148926,1.757930040359497,1.5996899604797363,1.9037200212478638,0.9099199771881104,1.0829099416732788,1.1899299621582031
2024-09-09,1.1087212562561035,157.97300720214844,0.8441799879074097,0.935670018196106,1.6619900465011597,1.503600001335144,1.7965199947357178,142.48599243164062,0.7614200115203857,0.843940019607544,1.4990700483322144,1.3562099933624268,1.6203999519348145,0.005324999801814556,0.005921999923884869,0.010502999648451805,0.00951599981635809,0.011366000398993492,1.1082500219345093,1.968559980392456,1.7809799909591675,2.1278700828552246,1.7760729789733887,1.6068099737167358,1.9197700023651123,0.9046000242233276,1.079800009727478,1.1946699619293213
2024-09-10,1.1037527322769165,157.9810028076172,0.8442999720573425,0.9373000264167786,1.6576000452041626,1.4967700242996216,1.7966300249099731,143.177001953125,0.765030026435852,0.8494499921798706,1.501979947090149,1.3564000129699707,1.6280499696731567,0.005322999786585569,0.005932000000029802,0.010471999645233154,0.009468999691307545,0.011361000128090382,1.1101000308990479,1.9632099866867065,1.7724000215530396,2.12719988822937,1.7682299613952637,1.5966999530792236,1.9165300130844116,0.9029200077056885,1.0838299989700317,1.2001299858093262
2024-09-11,1.1020983457565308,156.73300170898438,0.8424299955368042,0.9330400228500366,1.6563800573349,1.4998199939727783,1.7918800115585327,142.23399353027344,0.7645099759101868,0.8466200232505798,1.5030139684677124,1.3609600067138672,1.6259900331497192,0.005355000030249357,0.00595200015231967,0.01054800022393465,0.009565000422298908,0.011421999894082546,1.1073499917984009,1.9658299684524536,1.7801100015640259,2.1266798973083496,1.775089979171753,1.6073999404907227,1.920259952545166,0.9054399728775024,1.0817999839782715,1.1946099996566772
2024-09-12,1.1010911464691162,157.01300048828125,0.8444300293922424,0.9387999773025513,1.649749994277954,1.4950000047683716,1.795549988746643,142.58999633789062,0.7669000029563904,0.8525999784469604,1.4976789951324463,1.3578399419784546,1.6307400465011597,0.005408000200986862,0.00597799988463521,0.010503999888896942,0.009519999846816063,0.011429999954998493,1.1116100549697876,1.9534900188446045,1.7701300382614136,2.1261401176452637,1.7570799589157104,1.5923399925231934,1.9123899936676025,0.9061800241470337,1.088371992111206,1.200909972190857
2024-09-13,1.1077877283096313,156.75,0.843500018119812,0.9414600133895874,1.6468100547790527,1.5038700103759766,1.7906299829483032,141.49899291992188,0.7614799737930298,0.8498799800872803,1.4865690469741821,1.3575799465179443,1.6162899732589722,0.0053610000759363174,0.006006000097841024,0.010483999736607075,0.009588999673724174,0.0114120002835989,1.1160000562667847,1.9519000053405762,1.782670021057129,2.122349977493286,1.748960018157959,1.597190022468567,1.9015699625015259,0.9131699800491333,1.0872600078582764,1.1904699802398682
2024-09-16,1.1088441610336304,156.11500549316406,0.8440700173377991,0.9402400255203247,1.6515100002288818,1.5054700374603271,1.798799991607666,140.7899932861328,0.7611510157585144,0.8476999998092651,1.4894700050354004,1.3577699661254883,1.6223000288009644,0.005386999808251858,0.006022000219672918,0.01056000031530857,0.009638999588787556,0.011521999724209309,1.1134999990463257,1.9565000534057617,1.7831000089645386,2.130959987640381,1.7562899589538574,1.6009800434112549,1.9128600358963013,0.9114800095558167,1.0891000032424927,1.1947489976882935
2024-09-17,1.1129536628723145,156.68699645996094,0.8424400091171265,0.9400100111961365,1.6483099460601807,1.5120400190353394,1.7961699962615967,140.7899932861328,0.7569599747657776,0.8445799946784973,1.481065034866333,1.3586299419403076,1.613919973373413,0.005355999805033207,0.0059980000369250774,0.010498999617993832,0.00964600034058094,0.011452999897301197,1.1157100200653076,1.9565000534057617,1.7947700023651123,2.1319499015808105,1.753309965133667,1.608389973640442,1.9106099605560303,0.9172800183296204,1.0896300077438354,1.1877700090408325
2024-09-18,1.1123099327087402,157.96200561523438,0.8446000218391418,0.94132000207901,1.644700050354004,1.5118000507354736,1.7957199811935425,142.01499938964844,0.7594500184059143,0.8463299870491028,1.478700041770935,1.3592100143432617,1.6144700050354004,0.005326999817043543,0.005950999911874533,0.010393000207841396,0.009568000212311745,0.011359999887645245,1.1143100261688232,1.946969985961914,1.7892999649047852,2.1257100105285645,1.7458100318908691,1.6058800220489502,1.9074000120162964,0.9191100001335144,1.091729998588562,1.1876499652862549
2024-09-19,1.1114816665649414,158.58399963378906,0.8417900204658508,0.9416599869728088,1.6430100202560425,1.5125000476837158,1.7898199558258057,142.7100067138672,0.7575100064277649,0.8472999930381775,1.4784810543060303,1.3610700368881226,1.6105899810791016,0.005286999978125095,0.005927000194787979,0.01033599954098463,0.009531999938189983,0.011273999698460102,1.1185799837112427,1.9516899585723877,1.7967100143432617,2.1259899139404297,1.7445499897003174,1.6060600280761719,1.9004000425338745,0.9205399751663208,1.0892800092697144,1.1831300258636475
2024-09-20,1.1161960363388062,159.41400146484375,0.8401600122451782,0.9460999965667725,1.6387699842453003,1.51350998878479,1.7892299890518188,142.85800170898438,0.7529100179672241,0.8477799892425537,1.4685200452804565,1.3562699556350708,1.6033300161361694,0.005249999929219484,0.005934000015258789,0.010259999893605709,0.009488999843597412,0.0112119996920228,1.1259299516677856,1.9503200054168701,1.801259994506836,2.1293399333953857,1.731950044631958,1.599560022354126,1.8909000158309937,0.9234799742698669,1.0917370319366455,1.1820499897003174
2024-09-23,1.1160838603973389,160.71099853515625,0.8382200002670288,0.9495400190353394,1.6387699842453003,1.5137699842453003,1.7895699739456177,144.00399780273438,0.7510899901390076,0.8508999943733215,1.4684300422668457,1.3564200401306152,1.6035399436950684,0.00519500020891428,0.0059079998172819614,0.010174999944865704,0.009417000226676464,0.011122999712824821,1.1327199935913086,1.9549299478530884,1.8058300018310547,2.1347899436950684,1.7256799936294556,1.594040036201477,1.88441002368927,0.9236299991607666,1.0919300317764282,1.182070016860962
2024-09-24,1.1111727952957153,159.58900451660156,0.8323100209236145,0.9414899945259094,1.6258900165557861,1.503290057182312,1.7729899883270264,143.63800048828125,0.7490699887275696,0.847320020198822,1.4632500410079956,1.3529499769210815,1.5956100225448608,0.00519599998369813,0.005898999981582165,0.010166999883949757,0.009415999986231327,0.011099000461399555,1.131100058555603,1.9532300233840942,1.8060699701309204,2.129930019378662,1.7266390323638916,1.5966099500656128,1.8829200267791748,0.9241999983787537,1.0904500484466553,1.1792500019073486
2024-09-25,1.1191190481185913,159.98699951171875,0.8334400057792664,0.9417600035667419,1.6205300092697144,1.5019299983978271,1.7617900371551514,142.96299743652344,0.7447500228881836,0.841509997844696,1.4481420516967773,1.3421000242233276,1.5742599964141846,0.005189999938011169,0.005886000115424395,0.010111000388860703,0.009383000433444977,0.01100900024175644,1.129870057106018,1.944350004196167,1.8019299507141113,2.1129000186920166,1.719689965248108,1.5946400165557861,1.8704400062561035,0.9267299771308899,1.0870660543441772,1.1728700399398804
2024-09-26,1.1131023168563843,161.0399932861328,0.8358399868011475,0.9467700123786926,1.63155996799469,1.5006300210952759,1.7788399457931519,144.68299865722656,0.7509880065917969,0.850570023059845,1.465932011604309,1.3482199907302856,1.5981600284576416,0.005169999785721302,0.005878000054508448,0.010110000148415565,0.009316000156104565,0.011036000214517117,1.132599949836731,1.951889991760254,1.7952100038528442,2.127969980239868,1.7231279611587524,1.5848400592803955,1.878600001335144,0.9196400046348572,1.0893000364303589,1.1852600574493408
2024-09-27,1.117717981338501,162.12600708007812,0.8335000276565552,0.945900022983551,1.6215200424194336,1.506160020828247,1.7644000053405762,145.0760040283203,0.7455000281333923,0.8462399840354919,1.450788974761963,1.3475699424743652,1.5794800519943237,0.005119000095874071,0.00583200016990304,0.009979000315070152,0.009286000393331051,0.010877000167965889,1.1349200010299683,1.9455699920654297,1.807170033454895,2.117500066757202,1.7140899896621704,1.5921499729156494,1.8660600185394287,0.9288240075111389,1.0886900424957275,1.1719499826431274
2024-09-30,1.1169815063476562,159.47999572753906,0.834559977054596,0.9395700097084045,1.6143100261688232,1.5088200569152832,1.7589800357818604,142.7830047607422,0.7472000122070312,0.840499997138977,1.4453400373458862,1.3508800268173218,1.5748499631881714,0.005212999880313873,0.005890999920666218,0.010099999606609344,0.009457999840378761,0.011018999852240086,1.125730037689209,1.9335999488830566,1.8078299760818481,2.106800079345703,1.7179100513458252,1.6056499481201172,1.8717900514602661,0.9345899820327759,1.0895600318908691,1.1656299829483032
2024-10-01,1.113660216331482,160.03199768066406,0.832539975643158,0.9413400292396545,1.6102700233459473,1.5063600540161133,1.7550400495529175,143.7100067138672,0.7476000189781189,0.8453099727630615,1.445963978767395,1.352720022201538,1.5759700536727905,0.0051819998770952225,0.005880999844521284,0.010040000081062317,0.009411999955773354,0.010955999605357647,1.1306099891662598,1.9339599609375,1.8092000484466553,2.1078898906707764,1.710360050201416,1.600059986114502,1.864150047302246,0.9354400038719177,1.0899200439453125,1.1649600267410278
2024-10-02,1.1063904762268066,159.0240020751953,0.8335400223731995,0.9363200068473816,1.6081700325012207,1.4929900169372559,1.7608200311660767,143.73599243164062,0.753350019454956,0.846340000629425,1.4534900188446045,1.3494600057601929,1.591599941253662,0.005222000181674957,0.005886999890208244,0.010091999545693398,0.009384999983012676,0.011064999736845493,1.1232800483703613,1.9292099475860596,1.7909300327301025,2.112489938735962,1.7164000272750854,1.5943100452423096,1.8803199529647827,0.9283149838447571,1.0948599576950073,1.1792999505996704
2024-10-03,1.1048502922058105,161.91799926757812,0.8327199816703796,0.9388599991798401,1.603950023651123,1.491819977760315,1.7642899751663208,146.58200073242188,0.7537999749183655,0.8499100208282471,1.451990008354187,1.3504899740219116,1.5971399545669556,0.005123000126332045,0.005797999911010265,0.009886999614536762,0.009208999574184418,0.010885999538004398,1.1273800134658813,1.9259999990463257,1.7913199663162231,2.117799997329712,1.7081899642944336,1.5887800455093384,1.8789000511169434,0.9300230145454407,1.099910020828247,1.1824500560760498
2024-10-04,1.103557825088501,162.04100036621094,0.840470016002655,0.9400100111961365,1.6109600067138672,1.494860053062439,1.7749099731445312,146.83999633789062,0.7616000175476074,0.8518099784851074,1.4597899913787842,1.3548200130462646,1.6084200143814087,0.005166999995708466,0.005801000166684389,0.009922999888658524,0.009221999906003475,0.010945999994874,1.118280053138733,1.9164700508117676,1.7784600257873535,2.111599922180176,1.7134900093078613,1.5903700590133667,1.888010025024414,0.92808598279953,1.101789951324463,1.1870700120925903
2024-10-07,1.0974539518356323,163.281005859375,0.8359100222587585,0.942110002040863,1.6133099794387817,1.4898300170898438,1.7808500528335571,148.82000732421875,0.7618899941444397,0.8586900234222412,1.470460057258606,1.3579200506210327,1.623170018196106,0.005098999943584204,0.005770000163465738,0.009859999641776085,0.009122000075876713,0.010894999839365482,1.1269099712371826,1.929800033569336,1.7821199893951416,2.1301798820495605,1.7122600078582764,1.5812400579452515,1.8900200128555298,0.9233199954032898,1.10371994972229,1.1951899528503418
2024-10-08,1.0975743532180786,162.57400512695312,0.838699996471405,0.9378399848937988,1.623900055885315,1.4947500228881836,1.7907600402832031,148.14599609375,0.7642499804496765,0.8545799851417542,1.480165958404541,1.361799955368042,1.631719946861267,0.005138999782502651,0.0057680001482367516,0.009971999563276768,0.00919399969279766,0.011006000451743603,1.1180599927902222,1.9363000392913818,1.7820299863815308,2.134809970855713,1.7318300008773804,1.5936599969863892,1.9091399908065796,0.919700026512146,1.1024099588394165,1.1978700160980225
2024-10-09,1.0975743532180786,162.60699462890625,0.8381400108337402,0.9409000277519226,1.6284600496292114,1.4984699487686157,1.7901099920272827,148.15899658203125,0.7636600136756897,0.8574000000953674,1.4837679862976074,1.3652000427246094,1.6309499740600586,0.005135000217705965,0.005787000060081482,0.009995999746024609,0.009212000295519829,0.010998999699950218,1.1224000453948975,1.942870020866394,1.787719964981079,2.1355199813842773,1.7289069890975952,1.592210054397583,1.901960015296936,0.9200500249862671,1.0991300344467163,1.1943700313568115
2024-10-10,1.0943313837051392,163.2010040283203,0.8372399806976318,0.9415000081062317,1.628749966621399,1.499940037727356,1.8022600412368774,149.16000366210938,0.765209972858429,0.8604699969291687,1.4886709451675415,1.3709299564361572,1.6471999883651733,0.005109999794512987,0.005768999923020601,0.009960000403225422,0.009186999872326851,0.01103300042450428,1.1243900060653687,1.9452099800109863,1.7913800477981567,2.152400016784668,1.7298049926757812,1.5929800271987915,1.9139900207519531,0.920799970626831,1.1064239740371704,1.2014100551605225
2024-10-11,1.0933860540390015,162.58200073242188,0.8370100259780884,0.9365599751472473,1.6219500303268433,1.5028899908065796,1.7936099767684937,148.70399475097656,0.7655699849128723,0.8565499782562256,1.4834599494934082,1.3745700120925903,1.6404199600219727,0.005129000172019005,0.005760000087320805,0.00995699968189001,0.009239000268280506,0.011032000184059143,1.1187700033187866,1.937540054321289,1.7953399419784546,2.142519950866699,1.7319200038909912,1.6045700311660767,1.915179967880249,0.9264209866523743,1.1057599782943726,1.1934599876403809
2024-10-14,1.0925379991531372,163.1199951171875,0.8370800018310547,0.9374899864196777,1.6227699518203735,1.5053499937057495,1.79312002658844,149.33399963378906,0.7663400173187256,0.858299970626831,1.485640048980713,1.378119945526123,1.6415799856185913,0.005111999809741974,0.0057470002211630344,0.009928000159561634,0.009224999696016312,0.010982999578118324,1.119860053062439,1.9384599924087524,1.7982200384140015,2.1412999629974365,1.7307900190353394,1.6055500507354736,1.912410020828247,0.9275599718093872,1.1039999723434448,1.1910200119018555
2024-10-15,1.0909169912338257,163.2729949951172,0.8348699808120728,0.9406599998474121,1.6222000122070312,1.5057200193405151,1.7907999753952026,149.6699981689453,0.7652599811553955,0.8621000051498413,1.4867680072784424,1.3802900314331055,1.6421400308609009,0.0050940001383423805,0.005760999862104654,0.009917999617755413,0.009217999875545502,0.010962000116705894,1.1266000270843506,1.943269968032837,1.8032399415969849,2.1456100940704346,1.7246429920196533,1.600540041923523,1.9041600227355957,0.9279599785804749,1.1041749715805054,1.1896100044250488
2024-10-16,1.0884116888046265,162.28500366210938,0.8328999876976013,0.9387400150299072,1.6287800073623657,1.499899983406067,1.7971099615097046,149.0989990234375,0.7653499841690063,0.8625400066375732,1.4965399503707886,1.3781100511550903,1.651170015335083,0.005113000050187111,0.005785000044852495,0.010014000348746777,0.009242000058293343,0.011064000427722931,1.1269099712371826,1.9552799463272095,1.8005000352859497,2.157219886779785,1.7348899841308594,1.597540020942688,1.9140299558639526,0.9207900166511536,1.103309988975525,1.1979999542236328
2024-10-17,1.0862481594085693,162.42100524902344,0.8358299732208252,0.939740002155304,1.6292099952697754,1.493690013885498,1.7921899557113647,149.5760040283203,0.7698100209236145,0.8652999997138977,1.5003999471664429,1.375499963760376,1.6505199670791626,0.005127000156790018,0.005785000044852495,0.010010999627411366,0.009193000383675098,0.011024000123143196,1.124060034751892,1.9488699436187744,1.7867900133132935,2.1438400745391846,1.7335100173950195,1.5893199443817139,1.9068700075149536,0.916782021522522,1.0999690294265747,1.1997100114822388
2024-10-18,1.0829542875289917,162.5449981689453,0.832040011882782,0.9377700090408325,1.6163400411605835,1.4939500093460083,1.7867799997329712,150.10000610351562,0.7682999968528748,0.8659300208091736,1.4925999641418457,1.3795700073242188,1.6499700546264648,0.005098999943584204,0.005768999923020601,0.00992400012910366,0.009185999631881714,0.010979999788105488,1.1271100044250488,1.9425499439239502,1.7950999736785889,2.1473500728607178,1.7232400178909302,1.5927799940109253,1.9049299955368042,0.924235999584198,1.1053849458694458,1.195889949798584
2024-10-21,1.0868619680404663,162.5850067138672,0.8326399922370911,0.9400299787521362,1.618690013885498,1.499750018119812,1.7885299921035767,149.60000610351562,0.7661299705505371,0.8649299740791321,1.488800048828125,1.3799599409103394,1.6456300020217896,0.0051020001992583275,0.005781000014394522,0.009937000460922718,0.009220000356435776,0.010999999940395355,1.128890037536621,1.9436999559402466,1.8011000156402588,2.147860050201416,1.7217930555343628,1.5952800512313843,1.9023499488830566,0.9264429807662964,1.1048460006713867,1.192389965057373
2024-10-22,1.0817828178405762,162.86000061035156,0.8330600261688232,0.9360600113868713,1.6256099939346313,1.4955999851226807,1.7956000566482544,150.60499572753906,0.7702400088310242,0.8654099702835083,1.503059983253479,1.3833500146865845,1.6602200269699097,0.00509499991312623,0.005745000205934048,0.009960000403225422,0.009184000082314014,0.011013999581336975,1.1235599517822266,1.9512200355529785,1.7958500385284424,2.1552300453186035,1.7364599704742432,1.5981700420379639,1.9179799556732178,0.9203299880027771,1.104509949684143,1.1999900341033936
2024-10-23,1.079727053642273,163.17999267578125,0.8316199779510498,0.934469997882843,1.6151000261306763,1.4917399883270264,1.7858400344848633,151.13800048828125,0.7702500224113464,0.8655300140380859,1.495663046836853,1.3816200494766235,1.654039978981018,0.0050760000012815,0.00572599982842803,0.009879999794065952,0.009138000197708607,0.010932999663054943,1.123610019683838,1.942389965057373,1.793660044670105,2.147289991378784,1.7285189628601074,1.5961500406265259,1.9108200073242188,0.9233300089836121,1.1055599451065063,1.1970000267028809
2024-10-24,1.0780508518218994,164.68600463867188,0.8347700238227844,0.9341999888420105,1.624709963798523,1.4916000366210938,1.794819951057434,152.7689971923828,0.774370014667511,0.8667399883270264,1.506932020187378,1.3836699724197388,1.6649500131607056,0.0050490000285208225,0.005673000123351812,0.009847999550402164,0.009053000248968601,0.010888000018894672,1.1192400455474854,1.9462699890136719,1.7867599725723267,2.149940013885498,1.7387069463729858,1.596269965171814,1.9207099676132202,0.9180099964141846,1.104699969291687,1.2031199932098389
2024-10-25,1.0824151039123535,164.28900146484375,0.8342300057411194,0.9372100234031677,1.631309986114502,1.498900055885315,1.8014700412750244,151.7830047607422,0.7708100080490112,0.8658699989318848,1.506700038909912,1.3853299617767334,1.6643400192260742,0.005059000104665756,0.0057020001113414764,0.00991200003772974,0.009122000075876713,0.010955000296235085,1.1232099533081055,1.9551399946212769,1.7969199419021606,2.1589300632476807,1.7403700351715088,1.599679946899414,1.921839952468872,0.9185000061988831,1.1042499542236328,1.201300024986267
2024-10-28,1.0796570777893066,165.12399291992188,0.8331500291824341,0.9375900030136108,1.6349300146102905,1.5001800060272217,1.8056800365447998,152.95199584960938,0.7717099785804749,0.8684599995613098,1.5143699645996094,1.3895599842071533,1.6725200414657593,0.005047000013291836,0.0056779999285936356,0.00989999994635582,0.009084000252187252,0.01093200035393238,1.125290036201477,1.9622100591659546,1.8004499673843384,2.167099952697754,1.7435699701309204,1.599810004234314,1.9255499839782715,0.9174699783325195,1.1043670177459717,1.2034599781036377
2024-10-29,1.0816774368286133,165.6840057373047,0.8337100148200989,0.9354699850082397,1.6432199478149414,1.50232994556427,1.806730031967163,153.1790008544922,0.7707300186157227,0.8648599982261658,1.5191400051116943,1.3889800310134888,1.6704809665679932,0.0050119999796152115,0.005646000150591135,0.009897000156342983,0.009064000099897385,0.010904000140726566,1.121940016746521,1.970829963684082,1.8018300533294678,2.1668701171875,1.7564500570297241,1.605780005455017,1.931089997291565,0.9140939712524414,1.0993499755859375,1.2024699449539185
2024-10-30,1.0820636749267578,165.84800720214844,0.8314599990844727,0.9383500218391418,1.649399995803833,1.5053499937057495,1.8120700120925903,153.2740020751953,0.7684000134468079,0.8672199845314026,1.5236929655075073,1.3912800550460815,1.6747100353240967,0.004993000067770481,0.005648000165820122,0.009925000369548798,0.009072000160813332,0.010916000232100487,1.1282999515533447,1.983199954032898,1.8100999593734741,2.179219961166382,1.757593035697937,1.6040899753570557,1.930899977684021,0.9122999906539917,1.0978000164031982,1.2036399841308594
2024-10-31,1.0859178304672241,166.3730010986328,0.8378999829292297,0.9408100247383118,1.6519900560379028,1.510200023651123,1.8185700178146362,153.20399475097656,0.7716299891471863,0.8662999868392944,1.521422028541565,1.3907999992370605,1.6747299432754517,0.005016000010073185,0.005654000211507082,0.009909999556839466,0.009073000401258469,0.010920999571681023,1.122689962387085,1.9713799953460693,1.8022099733352661,2.1701200008392334,1.7557599544525146,1.6050900220870972,1.93271005153656,0.9140459895133972,1.100767970085144,1.2040599584579468
2024-11-01,1.0886130332946777,165.41099548339844,0.8438599705696106,0.9398699998855591,1.6547199487686157,1.5166599750518799,1.8226399421691895,151.97999572753906,0.7753300070762634,0.86353999376297,1.5204960107803345,1.3935199975967407,1.6746200323104858,0.00508299982175231,0.005681999959051609,0.0099870003759861,0.009166999720036983,0.011009999550879002,1.1136800050735474,1.9609400033950806,1.7971899509429932,2.1595399379730225,1.7605500221252441,1.613510012626648,1.9390499591827393,0.9163519740104675,1.1013619899749756,1.201640009880066
2024-11-04,1.087453007698059,165.593994140625,0.839460015296936,0.9434199929237366,1.6495699882507324,1.5134899616241455,1.8161200284957886,152.28700256347656,0.7719979882240295,0.8676000237464905,1.517009973526001,1.3918800354003906,1.6701699495315552,0.005034999921917915,0.005696999840438366,0.009959000162780285,0.009138000197708607,0.010967000387609005,1.1237599849700928,1.9649200439453125,1.802839994430542,2.1632699966430664,1.748329997062683,1.604099988937378,1.924780011177063,0.9173799753189087,1.1008399724960327,1.1998300552368164
2024-11-05,1.0874056816101074,165.5749969482422,0.8393300175666809,0.9397000074386597,1.651520013809204,1.5115000009536743,1.8202500343322754,152.2760009765625,0.7719299793243408,0.8641700148582458,1.5188100337982178,1.3900699615478516,1.6740000247955322,0.0050490000285208225,0.005675000138580799,0.009952999651432037,0.00912300031632185,0.010982000268995762,1.1194499731063843,1.9673000574111938,1.8006600141525269,2.168519973754883,1.7573299407958984,1.608389973640442,1.9369100332260132,0.9151800274848938,1.1021599769592285,1.2041599750518799
2024-11-06,1.093445897102356,165.5780029296875,0.8382599949836731,0.9429600238800049,1.646299958229065,1.5125800371170044,1.81728994846344,151.43499755859375,0.7666599750518799,0.8624100089073181,1.5056840181350708,1.3832999467849731,1.6620700359344482,0.005042000208050013,0.005692000035196543,0.009921999648213387,0.009128999896347523,0.010974000208079815,1.124750018119812,1.963860034942627,1.8042399883270264,2.167639970779419,1.7458100318908691,1.6038899421691895,1.9269200563430786,0.9186000227928162,1.1037219762802124,1.2013200521469116
2024-11-07,1.073306918144226,165.60899353027344,0.8329899907112122,0.9397299885749817,1.634179949760437,1.4967999458312988,1.8070800304412842,154.32000732421875,0.776199996471405,0.8756999969482422,1.522765040397644,1.394819974899292,1.683840036392212,0.005009999964386225,0.005673999898135662,0.009847999550402164,0.009033000096678734,0.010910999961197376,1.128000020980835,1.9616600275039673,1.796820044517517,2.1691999435424805,1.7387369871139526,1.5926300287246704,1.9226800203323364,0.9158999919891357,1.1057610511779785,1.2071800231933594
2024-11-08,1.0795172452926636,165.3520050048828,0.8314899802207947,0.9421300292015076,1.6167399883270264,1.496880054473877,1.7925399541854858,153.17999267578125,0.7702800035476685,0.8727800250053406,1.4977200031280518,1.3867299556732178,1.6605000495910645,0.005009000189602375,0.005696999840438366,0.009758000262081623,0.009049000218510628,0.010830000042915344,1.132930040359497,1.944100022315979,1.8000400066375732,2.1555399894714355,1.715880036354065,1.5886600017547607,1.9023200273513794,0.925790011882782,1.1086299419403076,1.1973400115966797
2024-11-11,1.0714898109436035,163.8280029296875,0.8294900059700012,0.9385899901390076,1.6271899938583374,1.4901299476623535,1.7958300113677979,152.9040069580078,0.7741699814796448,0.8759999871253967,1.5187000036239624,1.390779972076416,1.6760799884796143,0.005049999803304672,0.005729000084102154,0.00993099994957447,0.009093999862670898,0.01095999963581562,1.1314400434494019,1.9615399837493896,1.796339988708496,2.1648099422454834,1.7334630489349365,1.5874700546264648,1.9130699634552002,0.9157099723815918,1.1035799980163574,1.2050199508666992
2024-11-12,1.066439151763916,163.61599731445312,0.8282099962234497,0.9385300278663635,1.6208900213241577,1.4842699766159058,1.7861299514770508,153.47999572753906,0.7767000198364258,0.8802700042724609,1.5203100442886353,1.3921500444412231,1.6752899885177612,0.0050409999676048756,0.005733999889343977,0.0098860003054142,0.009065999649465084,0.010905000381171703,1.1331299543380737,1.9566999673843384,1.7920199632644653,2.1564700603485107,1.7268699407577515,1.5812900066375732,1.9028600454330444,0.9155799746513367,1.1008000373840332,1.2032699584960938
2024-11-13,1.061672568321228,164.1929931640625,0.8335000276565552,0.9366000294685364,1.625499963760376,1.4804500341415405,1.7923200130462646,154.65499877929688,0.7849799990653992,0.8821600079536438,1.53153395652771,1.3945499658584595,1.688249945640564,0.0050559998489916325,0.005704000126570463,0.009882000274956226,0.009015999734401703,0.01090800017118454,1.1236200332641602,1.950700044631958,1.7762500047683716,2.1503798961639404,1.735859990119934,1.5809129476547241,1.9135500192642212,0.9104599952697754,1.1022700071334839,1.2105300426483154
2024-11-14,1.0564124584197998,164.1909942626953,0.8313400149345398,0.93572998046875,1.627020001411438,1.4780999422073364,1.7957600355148315,155.4290008544922,0.7869799733161926,0.8857700228691101,1.5401899814605713,1.3992700576782227,1.6998399496078491,0.005042999982833862,0.005698999855667353,0.009890999644994736,0.008996999822556973,0.01092700008302927,1.1254500150680542,1.95701003074646,1.7778500318527222,2.159869909286499,1.738669991493225,1.579509973526001,1.9188499450683594,0.9084349870681763,1.1035959720611572,1.2147599458694458
2024-11-15,1.0530084371566772,164.75999450683594,0.8312100172042847,0.9376000165939331,1.6311099529266357,1.4805400371551514,1.800089955329895,156.46800231933594,0.7893999814987183,0.8904399871826172,1.5490670204162598,1.406149983406067,1.7094600200653076,0.005024999845772982,0.005688000004738569,0.009879999794065952,0.008980999700725079,0.010917999781668186,1.1276999711990356,1.9621700048446655,1.7811100482940674,2.1653499603271484,1.7385259866714478,1.578969955444336,1.9195799827575684,0.907558023929596,1.1035000085830688,1.2156200408935547
2024-11-18,1.0533745288848877,162.91400146484375,0.8348199725151062,0.9360799789428711,1.6297099590301514,1.483739972114563,1.7965500354766846,154.66400146484375,0.7925400137901306,0.888670027256012,1.5471700429916382,1.4085899591445923,1.705549955368042,0.005115000065416098,0.005745999980717897,0.010003999806940556,0.009107000194489956,0.011025999672710896,1.1212400197982788,1.9520699977874756,1.7772400379180908,2.1518900394439697,1.7408000230789185,1.584879994392395,1.9189599752426147,0.9103599786758423,1.1023099422454834,1.210669994354248
2024-11-19,1.059490442276001,163.80799865722656,0.8355799913406372,0.9357100129127502,1.6284500360488892,1.4855400323867798,1.798509955406189,154.61700439453125,0.7886899709701538,0.8831999897956848,1.5370659828186035,1.4022400379180908,1.6975899934768677,0.005080999806523323,0.00571200018748641,0.009917999617755413,0.009069000370800495,0.010971000418066978,1.1197799444198608,1.9484000205993652,1.777400016784668,2.152250051498413,1.740159034729004,1.5874899625778198,1.9218499660491943,0.9122099876403809,1.1044000387191772,1.2105400562286377
2024-11-20,1.0607603788375854,164.10800170898438,0.8355500102043152,0.9355999827384949,1.6214699745178223,1.4802099466323853,1.7918599843978882,154.71800231933594,0.7877399921417236,0.882070004940033,1.5287009477615356,1.3954999446868896,1.6892999410629272,0.005071999970823526,0.005700999870896339,0.009863000363111496,0.009019000455737114,0.010910999961197376,1.119670033454895,1.940500020980835,1.7714600563049316,2.1443800926208496,1.7329000234603882,1.581969976425171,1.9149800539016724,0.9128199815750122,1.1050200462341309,1.2103899717330933
2024-11-21,1.0546187162399292,163.75999450683594,0.8333600163459778,0.9319000244140625,1.6194100379943848,1.472599983215332,1.7933900356292725,155.2949981689453,0.7901800274848938,0.883650004863739,1.5351550579071045,1.3968000411987305,1.6995240449905396,0.00506900018081069,0.005690000019967556,0.00986700039356947,0.0089910002425313,0.01094099972397089,1.117900013923645,1.9428000450134277,1.7669999599456787,2.1517601013183594,1.7367140054702759,1.5807199478149414,1.9242600202560425,0.909600019454956,1.1073499917984009,1.2172399759292603
2024-11-22,1.0469341278076172,161.44200134277344,0.831849992275238,0.9284399747848511,1.6080100536346436,1.4634499549865723,1.787369966506958,154.21800231933594,0.7946100234985352,0.886900007724762,1.5360300540924072,1.3980000019073486,1.7072399854660034,0.005133000202476978,0.005750999785959721,0.009940999560058117,0.009061000309884548,0.011061999946832657,1.1160600185394287,1.9328800439834595,1.7591500282287598,2.148390054702759,1.731760025024414,1.576069951057434,1.924739956855774,0.910027027130127,1.1114599704742432,1.2211500406265259
2024-11-25,1.0479873418807983,161.5330047607422,0.8320900201797485,0.9331499934196472,1.6023399829864502,1.4600399732589722,1.787619948387146,154.14599609375,0.7940400242805481,0.890470027923584,1.5290800333023071,1.393280029296875,1.7058700323104858,0.0051369997672736645,0.0057760002091526985,0.009917999617755413,0.009038999676704407,0.011064999736845493,1.121340036392212,1.9255499839782715,1.7510000467300415,2.148169994354248,1.7169699668884277,1.5644899606704712,1.9154399633407593,0.9111369848251343,1.1155489683151245,1.2242200374603271
2024-11-26,1.0444300174713135,161.22000122070312,0.8333100080490112,0.9282900094985962,1.6157599687576294,1.4722800254821777,1.7971500158309937,154.3780059814453,0.7978900074958801,0.8888000249862671,1.547078013420105,1.4098399877548218,1.7207900285720825,0.005148000083863735,0.005756999831646681,0.009996999986469746,0.009127000346779823,0.011133999563753605,1.1138399839401245,1.9387799501419067,1.7667200565338135,2.156450033187866,1.7403700351715088,1.585919976234436,1.935789942741394,0.9112280011177063,1.1122900247573853,1.22038996219635
2024-11-27,1.0491198301315308,160.50599670410156,0.83433997631073,0.9297599792480469,1.62021005153656,1.4742399454116821,1.797320008277893,153.00900268554688,0.7953000068664551,0.8862699866294861,1.5443600416183472,1.405310034751892,1.7131799459457397,0.005177999846637249,0.005791000090539455,0.010075000114738941,0.009184000082314014,0.011187000200152397,1.1142699718475342,1.941789984703064,1.7668499946594238,2.154330015182495,1.7423330545425415,1.5854400396347046,1.9327600002288818,0.9098349809646606,1.1092100143432617,1.2188999652862549
2024-11-28,1.0562450885772705,159.85299682617188,0.8331300020217896,0.931879997253418,1.6254899501800537,1.4814300537109375,1.7919000387191772,151.33599853515625,0.7887899875640869,0.8820000290870667,1.5391199588775635,1.4026299715042114,1.696810007095337,0.005191999953240156,0.005828999914228916,0.0101500004529953,0.009266999550163746,0.011202000081539154,1.1184200048446655,1.9508999586105347,1.7780300378799438,2.1504900455474854,1.7441500425338745,1.5895999670028687,1.9225300550460815,0.9113199710845947,1.1022599935531616,1.20933997631073
2024-11-29,1.0563008785247803,159.6540069580078,0.8318300247192383,0.931850016117096,1.6229699850082397,1.4792699813842773,1.7911399602890015,151.1739959716797,0.7875999808311462,0.8823400139808655,1.5367120504379272,1.4007200002670288,1.6959500312805176,0.0051910001784563065,0.005836000200361013,0.01014500018209219,0.009259999729692936,0.011219000443816185,1.1200900077819824,1.9508399963378906,1.778149962425232,2.152100086212158,1.7413699626922607,1.587249994277954,1.921779990196228,0.9114300012588501,1.103559970855713,1.2105900049209595
2024-12-02,1.0545074939727783,158.05099487304688,0.8301200270652771,0.9300500154495239,1.6215300559997559,1.4774600267410278,1.7851099967956543,149.8979949951172,0.7872999906539917,0.8820269703865051,1.5378899574279785,1.4012600183486938,1.6930500268936157,0.005224000196903944,0.005884000100195408,0.010261000134050846,0.009348999708890915,0.011296999640762806,1.1202399730682373,1.9531500339508057,1.7796399593353271,2.1501801013946533,1.7433199882507324,1.5884300470352173,1.9191399812698364,0.911050021648407,1.100790023803711,1.2080999612808228
2024-12-03,1.0501223802566528,156.98699951171875,0.829509973526001,0.9306600093841553,1.6217000484466553,1.474769949913025,1.7836999893188477,149.50799560546875,0.7899799942970276,0.8862800002098083,1.5443300008773804,1.4042999744415283,1.6993499994277954,0.0052629997953772545,0.005927999969571829,0.010307000018656254,0.009387999773025513,0.011354999616742134,1.1217999458312988,1.954740047454834,1.7777700424194336,2.150969982147217,1.742311954498291,1.5845500230789185,1.9171600341796875,0.9093800187110901,1.10030996799469,1.209820032119751
2024-12-04,1.0510826110839844,157.27499389648438,0.8292400240898132,0.9315900206565857,1.6202000379562378,1.4782999753952026,1.7867900133132935,149.64700317382812,0.7889999747276306,0.8863999843597412,1.5419000387191772,1.4065899848937988,1.7000700235366821,0.005253000184893608,0.005923000164330006,0.01030299998819828,0.009398999623954296,0.01135099958628416,1.1233700513839722,1.954200029373169,1.7826299667358398,2.154550075531006,1.7393419742584229,1.5866999626159668,1.9177099466323853,0.9122040271759033,1.102512001991272,1.2085599899291992
2024-12-05,1.051414132118225,158.2779998779297,0.8276299834251404,0.9289900064468384,1.634619951248169,1.479259967803955,1.7948299646377563,150.56700134277344,0.7873299717903137,0.8837500214576721,1.5544999837875366,1.4073100090026855,1.7072999477386475,0.0052089998498559,0.005869000218808651,0.01030800025910139,0.009340999647974968,0.011327999643981457,1.1223900318145752,1.9748400449752808,1.7873200178146362,2.1673998832702637,1.7580870389938354,1.5922199487686157,1.9316200017929077,0.9047510027885437,1.097100019454956,1.2130800485610962
2024-12-06,1.058559536933899,158.9884796142578,0.8295999765396118,0.9297900199890137,1.6406999826431274,1.484179973602295,1.7995400428771973,150.20700073242188,0.7837399840354919,0.8784199953079224,1.5504120588302612,1.40215003490448,1.7000399827957153,0.005197999998927116,0.0058479998260736465,0.010301999747753143,0.009331000037491322,0.011308000423014164,1.1207000017166138,1.978060007095337,1.7889800071716309,2.169029951095581,1.7648299932479858,1.5961099863052368,1.93517005443573,0.9043300151824951,1.0964900255203247,1.2123299837112427
2024-12-09,1.0565463304519653,158.5500030517578,0.8286899924278259,0.9283000230789185,1.650820016860962,1.494729995727539,1.8094700574874878,150.02999877929688,0.7843570113182068,0.8786699771881104,1.5625200271606445,1.4147800207138062,1.7126799821853638,0.005212000105530024,0.005859999917447567,0.01042100042104721,0.009436000138521194,0.011421999894082546,1.1201200485229492,1.9918899536132812,1.8035800457000732,2.1832900047302246,1.7780799865722656,1.609969973564148,1.9489099979400635,0.9053699970245361,1.0960299968719482,1.2104400396347046
2024-12-10,1.0555204153060913,159.8000030517578,0.8278099894523621,0.927299976348877,1.6395599842071533,1.496019959449768,1.8014099597930908,151.4080047607422,0.7843700051307678,0.8785899877548218,1.5533000230789185,1.417199969291687,1.706779956817627,0.005160000175237656,0.005801999941468239,0.01023900043219328,0.009356999769806862,0.011261999607086182,1.1200599670410156,1.980329990386963,1.8069599866867065,2.175839900970459,1.7678780555725098,1.613070011138916,1.942370057106018,0.9123799800872803,1.098680019378662,1.2040599584579468
2024-12-11,1.0532968044281006,159.8719940185547,0.8240299820899963,0.9295899868011475,1.651729941368103,1.492400050163269,1.815060019493103,151.8070068359375,0.7824699878692627,0.8824999928474426,1.5683809518814087,1.4174400568008423,1.723479986190796,0.005133999977260828,0.005814000032842159,0.010308999568223953,0.009331000037491322,0.011342000216245651,1.127959966659546,2.0037999153137207,1.8113900423049927,2.2024500370025635,1.7766300439834595,1.605679988861084,1.9523199796676636,0.9032999873161316,1.0979000329971313,1.2157800197601318
2024-12-12,1.0506850481033325,159.9199981689453,0.822950005531311,0.9279099702835083,1.6457200050354004,1.4864699840545654,1.8131999969482422,152.2449951171875,0.7833099961280823,0.8832100033760071,1.5664399862289429,1.4148900508880615,1.7258599996566772,0.005125000141561031,0.005801000166684389,0.01027000043541193,0.009289000183343887,0.011326000094413757,1.1274000406265259,1.9995499849319458,1.8058899641036987,2.2030301094055176,1.7733800411224365,1.601830005645752,1.953819990158081,0.9031699895858765,1.101699948310852,1.2196600437164307
2024-12-13,1.0474056005477905,159.81399536132812,0.8257799744606018,0.9340100288391113,1.6436899900436401,1.4889600276947021,1.8145899772644043,152.58700561523438,0.7888100147247314,0.892009973526001,1.5686269998550415,1.421720027923584,1.7330100536346436,0.005150000099092722,0.00583899999037385,0.010267999954521656,0.009314999915659428,0.011349000036716461,1.1307200193405151,1.989490032196045,1.8023300170898438,2.19677996635437,1.759310007095337,1.5937800407409668,1.942579984664917,0.9057899713516235,1.1044470071792603,1.2187700271606445
2024-12-16,1.051005244255066,161.27000427246094,0.8322799801826477,0.9372000098228455,1.6505199670791626,1.4950400590896606,1.8211699724197388,153.4530029296875,0.7919300198554993,0.8917440176010132,1.5705699920654297,1.4225900173187256,1.732890009880066,0.005133999977260828,0.0058109997771680355,0.010232999920845032,0.00926900003105402,0.011289999820291996,1.1259700059890747,1.9829800128936768,1.7962100505828857,2.187969923019409,1.7610000371932983,1.5950700044631958,1.9429399967193604,0.9057000279426575,1.1032500267028809,1.218000054359436
2024-12-17,1.0517348051071167,162.04800415039062,0.8286299705505371,0.9401800036430359,1.6492500305175781,1.4969799518585205,1.8157299757003784,154.08599853515625,0.7879999876022339,0.8940399885177612,1.568282961845398,1.4234700202941895,1.7265199422836304,0.0050929998978972435,0.005801000166684389,0.01015899982303381,0.009232999756932259,0.011195999570190907,1.1344900131225586,1.9901000261306763,1.805999994277954,2.190500020980835,1.7540199756622314,1.592079997062683,1.9310100078582764,0.9076099991798401,1.1008800268173218,1.2128000259399414
2024-12-18,1.0495051145553589,161.16600036621094,0.8256300091743469,0.9366199970245361,1.6555099487304688,1.5017199516296387,1.8224999904632568,153.57200622558594,0.7867299914360046,0.8924800157546997,1.5770000219345093,1.4309699535369873,1.736680030822754,0.005102999974042177,0.0058109997771680355,0.010270999744534492,0.009317000396549702,0.011308000423014164,1.1343599557876587,2.0048000812530518,1.8187999725341797,2.2073299884796143,1.7673779726028442,1.6031999588012695,1.9456700086593628,0.9069799780845642,1.1008599996566772,1.2135100364685059
2024-12-19,1.0350252389907837,160.0749969482422,0.8235399723052979,0.9332500100135803,1.6676100492477417,1.4966700077056885,1.842479944229126,154.67300415039062,0.7956900000572205,0.9017000198364258,1.6112920045852661,1.4460999965667725,1.780210018157959,0.005123000126332045,0.005828999914228916,0.01039700023829937,0.009343000128865242,0.011497999541461468,1.1331499814987183,2.0248401165008545,1.81728994846344,2.237139940261841,1.7866899967193604,1.6035399436950684,1.9739799499511719,0.8974310159683228,1.1047799587249756,1.230929970741272
2024-12-20,1.0364949703216553,163.39199829101562,0.8292700052261353,0.9317200183868408,1.6629999876022339,1.492709994316101,1.8417099714279175,157.6439971923828,0.8001300096511841,0.8989899754524231,1.6041070222854614,1.440310001373291,1.7769880294799805,0.0050559998489916325,0.0057020001113414764,0.010157999582588673,0.00913199968636036,0.011261999607086182,1.1231000423431396,2.005229949951172,1.7994999885559082,2.219899892807007,1.784690022468567,1.6019599437713623,1.976430058479309,0.8974599838256836,1.1073100566864014,1.2336599826812744
2024-12-23,1.0433076620101929,163.3040008544922,0.8299700021743774,0.931689977645874,1.668429970741272,1.4982399940490723,1.8459500074386597,156.5330047607422,0.7955499887466431,0.8930500149726868,1.5992599725723267,1.4361300468444824,1.7694100141525269,0.005063999909907579,0.005704999901354313,0.010215999558568,0.009173999540507793,0.011303000152111053,1.1224499940872192,2.0100600719451904,1.8050400018692017,2.223900079727173,1.7905900478363037,1.6079399585723877,1.9810500144958496,0.8979200124740601,1.1063200235366821,1.2319600582122803
2024-12-24,1.0405826568603516,163.43600463867188,0.8300899863243103,0.9348599910736084,1.6660000085830688,1.4953999519348145,1.8427599668502808,157.1649932861328,0.7978000044822693,0.8984699845314026,1.6013000011444092,1.4374200105667114,1.7709800004959106,0.0050559998489916325,0.005717999767512083,0.01016900036484003,0.009145000018179417,0.011258999817073345,1.126039981842041,2.0071299076080322,1.8014299869537354,2.2194700241088867,1.7823090553283691,1.5995999574661255,1.9708199501037598,0.8974000215530396,1.1057300567626953,1.231969952583313
2024-12-25,1.0402579307556152,163.3699951171875,0.8289999961853027,0.9387000203132629,1.6672999858856201,1.4930000305175781,1.864799976348877,157.10699462890625,0.7976999878883362,0.9003000259399414,1.6028000116348267,1.4362000226974487,1.7705379724502563,0.005057999864220619,0.0057379999198019505,0.010204000398516655,0.00913699995726347,0.011265000328421593,1.128499984741211,2.0099000930786133,1.7998000383377075,2.2190001010894775,1.7790429592132568,1.5902869701385498,1.9657219648361206,0.8953999876976013,1.1180000305175781,1.2325719594955444
2024-12-26,1.0399551391601562,163.4080047607422,0.8289999961853027,0.9352499842643738,1.6655199527740479,1.4923700094223022,1.8400399684906006,157.13299560546875,0.7972099781036377,0.8994200229644775,1.60139000415802,1.4353599548339844,1.769629955291748,0.005053000058978796,0.0057219997979700565,0.010172000154852867,0.009128999896347523,0.011249000206589699,1.1279300451278687,2.0088601112365723,1.7997599840164185,2.2195000648498535,1.779099941253662,1.595639944076538,1.9672399759292603,0.8960719704627991,1.1047300100326538,1.2327100038528442
2024-12-27,1.0423181056976318,164.4550018310547,0.8317999839782715,0.9368299841880798,1.6746599674224854,1.5018099546432495,1.8526699542999268,157.7480010986328,0.7980999946594238,0.8988999724388123,1.6069400310516357,1.4410400390625,1.777590036392212,0.005038999952375889,0.005692000035196543,0.010168000124394894,0.00913000013679266,0.011258999817073345,1.1261199712753296,2.0131399631500244,1.8052500486373901,2.22691011428833,1.7874799966812134,1.6028399467468262,1.977220058441162,0.8966400027275085,1.1061099767684937,1.233430027961731
2024-12-30,1.0429377555847168,164.6739959716797,0.8290799856185913,0.9405199885368347,1.675279974937439,1.5020999908447266,1.8492900133132935,157.8730010986328,0.7949879765510559,0.9018399715423584,1.6064000129699707,1.4403400421142578,1.7732399702072144,0.005018999800086021,0.005708999931812286,0.010173000395298004,0.009120999835431576,0.01123099960386753,1.1343200206756592,2.020509958267212,1.8116600513458252,2.230340003967285,1.7810389995574951,1.596940040588379,1.965980052947998,0.8965499997138977,1.103808045387268,1.2309800386428833
2024-12-31,1.040615200996399,163.38600158691406,0.8291900157928467,0.9398999810218811,1.673200011253357,1.4931399822235107,1.8453500270843506,156.9949951171875,0.7968699932098389,0.9032400250434875,1.6077170372009277,1.434980034828186,1.7731399536132812,0.005055000074207783,0.005752999801188707,0.010220999829471111,0.00913500040769577,0.011284999549388885,1.1333500146865845,2.0176799297332764,1.8006399869918823,2.224869966506958,1.7799559831619263,1.588479995727539,1.9628100395202637,0.892300009727478,1.1026949882507324,1.2354799509048462
2025-01-02,1.0351860523223877,163.25599670410156,0.8268300294876099,0.9396399855613708,1.6711399555206299,1.4876999855041504,1.8490500450134277,157.718994140625,0.798770010471344,0.9077500104904175,1.6144130229949951,1.437459945678711,1.7862199544906616,0.005044999998062849,0.005752999801188707,0.010215000249445438,0.00911100022494793,0.011316999793052673,1.1363099813461304,2.0207700729370117,1.7991299629211426,2.235960006713867,1.778188943862915,1.5833699703216553,1.9674899578094482,0.8903200030326843,1.1064399480819702,1.2424800395965576
2025-01-03,1.0268205404281616,161.55999755859375,0.8293399810791016,0.9364100098609924,1.6558300256729126,1.4788899421691895,1.8357499837875366,157.36199951171875,0.8077399730682373,0.9120100140571594,1.6126949787139893,1.4402999877929688,1.787950038909912,0.005113000050187111,0.005795000120997429,0.010226000100374222,0.009153000079095364,0.011351999826729298,1.1289600133895874,1.996340036392212,1.7830599546432495,2.213249921798706,1.7680399417877197,1.5791900157928467,1.9601900577545166,0.8931099772453308,1.1087199449539185,1.2411099672317505
2025-01-06,1.0305347442626953,162.28199768066406,0.829230010509491,0.937030017375946,1.6566799879074097,1.4880000352859497,1.8348599672317505,157.4810028076172,0.8047099709510803,0.909309983253479,1.6076899766921997,1.444000005722046,1.7805999517440796,0.0051009999588131905,0.005772999953478575,0.010205999948084354,0.009166999720036983,0.011303000152111053,1.129889965057373,1.9976600408554077,1.7943099737167358,2.2125298976898193,1.767840027809143,1.5878499746322632,1.957919955253601,0.8981480002403259,1.1074860095977783,1.2329200506210327
2025-01-07,1.0386372804641724,163.79200744628906,0.8299000263214111,0.9398199915885925,1.6642500162124634,1.4888299703598022,1.8413399457931519,157.7429962158203,0.7993000149726868,0.9050400257110596,1.6027950048446655,1.433859944343567,1.7733299732208252,0.005047000013291836,0.005737000145018101,0.010141000151634216,0.009084000252187252,0.011241000145673752,1.1322200298309326,2.005079984664917,1.7936899662017822,2.218440055847168,1.7706400156021118,1.5840799808502197,1.959138035774231,0.8945299983024597,1.1055999994277954,1.236726999282837
2025-01-08,1.034554123878479,163.66900634765625,0.8289600014686584,0.9406800270080566,1.658959984779358,1.4857499599456787,1.8354300260543823,158.23599243164062,0.8014199733734131,0.9094499945640564,1.6038700342178345,1.4364099502563477,1.7744699716567993,0.005044999998062849,0.0057470002211630344,0.010115999728441238,0.009077999740839005,0.011206000111997128,1.1346900463104248,2.0011301040649414,1.7922099828720093,2.2139599323272705,1.7634199857711792,1.5792900323867798,1.9509299993515015,0.8955199718475342,1.1062999963760376,1.235200047492981
2025-01-09,1.0314701795578003,163.16200256347656,0.8344799876213074,0.9395700097084045,1.6605099439620972,1.48294997215271,1.8399800062179565,158.19200134277344,0.8090699911117554,0.9109500050544739,1.6098899841308594,1.4377000331878662,1.7839939594268799,0.0050940001383423805,0.005758000072091818,0.010173999704420567,0.009087000042200089,0.011265999637544155,1.1258599758148193,1.9896800518035889,1.7770099639892578,2.2047300338745117,1.767096996307373,1.578179955482483,1.9580299854278564,0.893097996711731,1.1080600023269653,1.2405600547790527
2025-01-10,1.0297601222991943,162.7480010986328,0.8371599912643433,0.9391499757766724,1.6634000539779663,1.4827699661254883,1.8401000499725342,158.04800415039062,0.8130499720573425,0.9120699763298035,1.6155869960784912,1.4401600360870361,1.787788987159729,0.005123999901115894,0.005760999862104654,0.010200000368058681,0.009105999954044819,0.011296999640762806,1.1217000484466553,1.986930012702942,1.7710700035095215,2.198669910430908,1.771049976348877,1.5787299871444702,1.9598300457000732,0.8913300037384033,1.1065499782562256,1.24127995967865
2025-01-13,1.0244431495666504,161.73699951171875,0.8393099904060364,0.9391199946403503,1.664289951324463,1.4766299724578857,1.8408199548721313,157.88699340820312,0.8193399906158447,0.9167699813842773,1.6246999502182007,1.4414900541305542,1.7970099449157715,0.005173000041395426,0.005805999971926212,0.010289999656379223,0.00913199968636036,0.011381000280380249,1.1188100576400757,1.982740044593811,1.7591899633407593,2.1930201053619385,1.7720129489898682,1.5721900463104248,1.9598599672317505,0.8871600031852722,1.1059950590133667,1.2464200258255005
2025-01-14,1.0265253782272339,161.5290069580078,0.8390799760818481,0.9399799704551697,1.6576000452041626,1.4742799997329712,1.8317099809646606,157.36399841308594,0.8174399733543396,0.9157800078392029,1.61496102809906,1.4362800121307373,1.7843799591064453,0.005175999831408262,0.0058189998380839825,0.010243999771773815,0.00912300031632185,0.011328999884426594,1.1202399730682373,1.9754999876022339,1.7568600177764893,2.182729959487915,1.7632639408111572,1.568120002746582,1.9483200311660767,0.8893110156059265,1.1048879623413086,1.242300033569336
2025-01-15,1.0306835174560547,162.88299560546875,0.8439099788665771,0.9403899908065796,1.6645100116729736,1.4790600538253784,1.8393700122833252,158.0500030517578,0.8187699913978577,0.9124600291252136,1.615090012550354,1.4351500272750854,1.7847599983215332,0.005162000190466642,0.005772999953478575,0.010201999917626381,0.009077000431716442,0.011281999759376049,1.1141200065612793,1.9720699787139893,1.7522200345993042,2.1791698932647705,1.769819974899292,1.5726399421691895,1.9557100534439087,0.8884919881820679,1.10493004322052,1.2434699535369873
2025-01-16,1.0295268297195435,160.85899353027344,0.8408499956130981,0.9390000104904175,1.6510299444198608,1.47475004196167,1.829110026359558,156.2550048828125,0.8167700171470642,0.91211998462677,1.6037460565567017,1.4326200485229492,1.7767399549484253,0.005206999834626913,0.005836999975144863,0.010243000462651253,0.009165000170469284,0.011362000368535519,1.1166199445724487,1.9633599519729614,1.753600001335144,2.1751201152801514,1.7579699754714966,1.570430040359497,1.9476100206375122,0.8932300209999084,1.1078599691390991,1.2400799989700317
2025-01-17,1.0301949977874756,160.03500366210938,0.8418999910354614,0.9386600255966187,1.658750057220459,1.4830199480056763,1.8368899822235107,155.3560028076172,0.8172000050544739,0.9111700057983398,1.6102279424667358,1.439579963684082,1.783139944076538,0.005241000093519688,0.0058650001883506775,0.010363999754190445,0.009265000000596046,0.011467999778687954,1.1147899627685547,1.970080018043518,1.761299967765808,2.1816999912261963,1.7670400142669678,1.579759955406189,1.9567999839782715,0.8939499855041504,1.1073659658432007,1.238569974899292
2025-01-20,1.0277386903762817,160.63900756835938,0.8443899750709534,0.9399600028991699,1.658810019493103,1.4875500202178955,1.839359998703003,156.30599975585938,0.8216249942779541,0.9146000146865845,1.6140999794006348,1.4474300146102905,1.7897700071334839,0.00523399980738759,0.00585100008174777,0.010324999690055847,0.009259000420570374,0.011448999866843224,1.1130900382995605,1.964400053024292,1.761579990386963,2.178179979324341,1.764633059501648,1.5823999643325806,1.9566099643707275,0.8966500163078308,1.1087499856948853,1.23635995388031
2025-01-21,1.0420682430267334,161.77099609375,0.8449599742889404,0.9441400170326233,1.6589200496673584,1.490280032157898,1.8339600563049316,155.24899291992188,0.8109400272369385,0.906059980392456,1.5921030044555664,1.4302599430084229,1.760010004043579,0.00520299980416894,0.005836000200361013,0.010235000401735306,0.009208999574184418,0.011326000094413757,1.1172000169754028,1.9631099700927734,1.7634899616241455,2.17002010345459,1.7568399906158447,1.5782699584960938,1.9421800374984741,0.8982300162315369,1.1054199934005737,1.230430006980896
2025-01-22,1.0405935049057007,162.08799743652344,0.843529999256134,0.9434400200843811,1.6617399454116821,1.4924099445343018,1.838170051574707,155.7740020751953,0.8106750249862671,0.9067100286483765,1.5969300270080566,1.4342700242996216,1.7664999961853027,0.005183999892324209,0.0058200000785291195,0.010232999920845032,0.009207000024616718,0.011339999735355377,1.118299961090088,1.9697200059890747,1.7690500020980835,2.178839921951294,1.7610700130462646,1.5816400051116943,1.9480199813842773,0.897599995136261,1.1060600280761719,1.2314800024032593
2025-01-23,1.0410159826278687,162.8209991455078,0.8452100157737732,0.9432899951934814,1.6591299772262573,1.4980800151824951,1.8376599550247192,156.44000244140625,0.8120700120925903,0.9063100218772888,1.5936249494552612,1.4393600225448608,1.765660047531128,0.005171000026166439,0.005793000105768442,0.010169999673962593,0.009196000173687935,0.011276000179350376,1.1159800291061401,1.96288001537323,1.7723699808120728,2.174139976501465,1.758705973625183,1.5879600048065186,1.947950005531311,0.9028699994087219,1.1075420379638672,1.2265900373458862
2025-01-24,1.041601538658142,162.6320037841797,0.8431599736213684,0.9451799988746643,1.6576900482177734,1.497499942779541,1.8351800441741943,156.15499877929688,0.8094599843025208,0.9074900150299072,1.5915299654006958,1.4378399848937988,1.7619600296020508,0.005164999980479479,0.0058109997771680355,0.010172000154852867,0.009207000024616718,0.011272000148892403,1.1209299564361572,1.9658700227737427,1.7760100364685059,2.1763501167297363,1.7521300315856934,1.5841799974441528,1.9413000345230103,0.9032629728317261,1.1069600582122803,1.2252800464630127
2025-01-27,1.0467586517333984,163.01800537109375,0.8401299715042114,0.9492200016975403,1.6633100509643555,1.5056899785995483,1.8388099670410156,155.74400329589844,0.8026099801063538,0.9068400263786316,1.5890899896621704,1.4385099411010742,1.7567600011825562,0.005115000065416098,0.005822000093758106,0.010201999917626381,0.009235999546945095,0.011277999728918076,1.129729986190796,1.9796199798583984,1.792099952697754,2.188469886779785,1.7521599531173706,1.5861200094223022,1.9368900060653687,0.9051100015640259,1.1054160594940186,1.221060037612915
2025-01-28,1.0445064306259155,161.78900146484375,0.8381900191307068,0.9442200064659119,1.66743004322052,1.5040600299835205,1.8426300287246704,154.90899658203125,0.8025299906730652,0.904009997844696,1.5964750051498413,1.4400999546051025,1.7642300128936768,0.005160000175237656,0.005836000200361013,0.010285000316798687,0.009289000183343887,0.011374999769032001,1.1263600587844849,1.9891999959945679,1.7941700220108032,2.1981101036071777,1.7657300233840942,1.592810034751892,1.9512799978256226,0.9019659757614136,1.1051299571990967,1.2248899936676025
2025-01-29,1.0429050922393799,162.229248046875,0.8382200002670288,0.9428799748420715,1.6674200296401978,1.5017399787902832,1.8406800031661987,155.5590057373047,0.8037499785423279,0.9041299819946289,1.598829984664917,1.4399900436401367,1.7650400400161743,0.005146999843418598,0.0058120000176131725,0.010259999893605709,0.009252999909222126,0.01133699994534254,1.124690055847168,1.9891599416732788,1.7912499904632568,2.195590019226074,1.7682299613952637,1.5924400091171265,1.9517899751663208,0.9004700183868408,1.1037739515304565,1.225559949874878
2025-01-30,1.0425245761871338,161.75900268554688,0.8369500041007996,0.9447699785232544,1.670639991760254,1.5010199546813965,1.8401199579238892,155.1699981689453,0.8028709888458252,0.9062700271606445,1.602620005607605,1.4399000406265259,1.7651599645614624,0.005154000129550695,0.005840000230818987,0.01030999980866909,0.00927599985152483,0.011366999708116055,1.1287200450897217,1.995959997177124,1.7933299541473389,2.198390007019043,1.7679500579833984,1.5884499549865723,1.947160005569458,0.8983799815177917,1.1013489961624146,1.2257100343704224
2025-01-31,1.0397279262542725,160.20700073242188,0.8368200063705444,0.945609986782074,1.6727999448776245,1.5067600011825562,1.8445500135421753,154.0970001220703,0.8048999905586243,0.9093689918518066,1.6090099811553955,1.4493000507354736,1.7741800546646118,0.00520299980416894,0.005901999771595001,0.010420000180602074,0.009397000074386597,0.011512000113725662,1.1298500299453735,1.9987499713897705,1.800379991531372,2.2039198875427246,1.7687499523162842,1.5931799411773682,1.9503719806671143,0.9006500244140625,1.102579951286316,1.2240159511566162
2025-02-03,1.024779200553894,159.19700622558594,0.8336399793624878,0.9377800226211548,1.6677000522613525,1.5080100297927856,1.839769959449768,155.36300659179688,0.813539981842041,0.9152299761772156,1.6275500059127808,1.4716999530792236,1.7954599857330322,0.005175999831408262,0.005890000145882368,0.010472999885678291,0.009471000172197819,0.011553999967873096,1.1247700452804565,2.000190019607544,1.808769941329956,2.206439971923828,1.777940034866333,1.6079000234603882,1.9612599611282349,0.9041309952735901,1.1030319929122925,1.2196600437164307
2025-02-04,1.0327378511428833,160.3509979248047,0.8306599855422974,0.9413899779319763,1.6608699560165405,1.488919973373413,1.8351399898529053,155.27699279785156,0.804390013217926,0.9116100072860718,1.608389973640442,1.4417999982833862,1.777209997177124,0.005160000175237656,0.005869999993592501,0.01033599954098463,0.009282000362873077,0.011436999775469303,1.1331900358200073,1.9992899894714355,1.7923200130462646,2.2091400623321533,1.7640800476074219,1.5814100503921509,1.9491900205612183,0.8964909911155701,1.1049100160598755,1.2323800325393677
2025-02-05,1.0372798442840576,159.86300659179688,0.8312900066375732,0.9389399886131287,1.659250020980835,1.486739993095398,1.8362900018692017,154.13299560546875,0.8014000058174133,0.905239999294281,1.5997200012207031,1.43340003490448,1.7704099416732788,0.005179000087082386,0.005872999783605337,0.010356999933719635,0.009297000244259834,0.011481000110507011,1.1294200420379639,1.995859980583191,1.7883700132369995,2.2088100910186768,1.7667700052261353,1.5831300020217896,1.955199956893921,0.8959410190582275,1.1066310405731201,1.2349900007247925
2025-02-06,1.0400848388671875,158.71299743652344,0.8317599892616272,0.9374200105667114,1.6547900438308716,1.4888399839401245,1.828029990196228,152.6060028076172,0.7997400164604187,0.9013299942016602,1.5909700393676758,1.4315299987792969,1.7576899528503418,0.00522099994122982,0.005905999802052975,0.010406999848783016,0.009375999681651592,0.011509999632835388,1.1269500255584717,1.9893300533294678,1.7898499965667725,2.197659969329834,1.765030026435852,1.5880099534988403,1.9497599601745605,0.8996000289916992,1.1046110391616821,1.2276699542999268
2025-02-07,1.0385725498199463,157.01699829101562,0.835070013999939,0.9399300217628479,1.6531599760055542,1.4856699705123901,1.829990029335022,151.1929931640625,0.8040199875831604,0.9050999879837036,1.5918999910354614,1.430609941482544,1.7621500492095947,0.005299000069499016,0.005985999945551157,0.010509000159800053,0.009461999870836735,0.011644000187516212,1.125499963760376,1.9795700311660767,1.7787729501724243,2.191459894180298,1.7586129903793335,1.580502986907959,1.9466300010681152,0.8985900282859802,1.1068700551986694,1.2315599918365479
2025-02-10,1.0311616659164429,156.56900024414062,0.832099974155426,0.939079999923706,1.647420048713684,1.4777599573135376,1.8258299827575684,151.8459930419922,0.8069999814033508,0.9107400178909302,1.5977250337600708,1.4331799745559692,1.7707300186157227,0.005305000115185976,0.0059980000369250774,0.010521000251173973,0.009437999688088894,0.011660000309348106,1.1284600496292114,1.9796799421310425,1.775820016860962,2.1940300464630127,1.754040002822876,1.5734100341796875,1.943910002708435,0.8969299793243408,1.1082099676132202,1.2353099584579468
2025-02-11,1.0301525592803955,156.32699584960938,0.8334299921989441,0.938730001449585,1.6427700519561768,1.4767600297927856,1.8280999660491943,151.75900268554688,0.8090199828147888,0.911329984664917,1.5945700407028198,1.4336600303649902,1.7746200561523438,0.005311000160872936,0.006004000082612038,0.010487999767065048,0.009441999718546867,0.01169199962168932,1.1262400150299072,1.970900058746338,1.771720051765442,2.1933400630950928,1.748270034790039,1.5729899406433105,1.947029948234558,0.8987879753112793,1.1126799583435059,1.2376500368118286
2025-02-12,1.0364949703216553,158.29800415039062,0.8323400020599365,0.9462299942970276,1.645509958267212,1.48048996925354,1.8313000202178955,152.73899841308594,0.8031100034713745,0.9129899740219116,1.587730050086975,1.4285099506378174,1.7669999599456787,0.005239000078290701,0.00597700010985136,0.010394999757409096,0.009352000430226326,0.011567999608814716,1.1367700099945068,1.9769400358200073,1.7786500453948975,2.200079917907715,1.7387800216674805,1.5644099712371826,1.93503999710083,0.8996430039405823,1.1128100156784058,1.2367700338363647
2025-02-13,1.039198637008667,160.28799438476562,0.8346099853515625,0.9491199851036072,1.6542099714279175,1.4859600067138672,1.8419300317764282,154.2550048828125,0.8031700253486633,0.9133999943733215,1.591599941253662,1.4300700426101685,1.7726099491119385,0.005187999922782183,0.005921000149101019,0.01030299998819828,0.009266000241041183,0.011482000350952148,1.1370899677276611,1.981760025024414,1.7802200317382812,2.2066500186920166,1.7426459789276123,1.5654300451278687,1.940310001373291,0.8981900215148926,1.1133999824523926,1.2394100427627563
2025-02-14,1.0461673736572266,160.03799438476562,0.8326299786567688,0.9448999762535095,1.6559799909591675,1.4845900535583496,1.8416999578475952,152.98899841308594,0.795960009098053,0.903249979019165,1.583050012588501,1.4192099571228027,1.7605600357055664,0.0051830001175403595,0.005903999786823988,0.010328000411391258,0.009271999821066856,0.011497999541461468,1.1347299814224243,1.9887499809265137,1.7829400300979614,2.211750030517578,1.752357006072998,1.5710099935531616,1.9488500356674194,0.8964099884033203,1.111956000328064,1.240339994430542
2025-02-17,1.0489217042922974,159.45399475097656,0.8335000276565552,0.9438300132751465,1.650089979171753,1.4877300262451172,1.8295799493789673,152.0229949951172,0.7946500182151794,0.8998299837112427,1.5731899738311768,1.4184000492095947,1.7442899942398071,0.005193000193685293,0.005919000133872032,0.010347000323235989,0.009329999797046185,0.01147099956870079,1.132290005683899,1.9796099662780762,1.7848399877548218,2.1949000358581543,1.7480900287628174,1.5760799646377563,1.9381400346755981,0.9014899730682373,1.1086599826812744,1.2296299934387207
2025-02-18,1.048536777496338,158.7790069580078,0.8306900262832642,0.9443699717521667,1.6495000123977661,1.4872100353240967,1.8289300203323364,151.44400024414062,0.7922999858856201,0.9007200002670288,1.5732899904251099,1.4184999465942383,1.7445000410079956,0.005212000105530024,0.005946999881416559,0.010367999784648418,0.009362000040709972,0.011509000323712826,1.1366000175476074,1.9854999780654907,1.790220022201538,2.2014999389648438,1.7464699745178223,1.5746400356292725,1.9364399909973145,0.9015100002288818,1.1087180376052856,1.229640007019043
2025-02-19,1.044833779335022,158.73599243164062,0.8275200128555298,0.9440600275993347,1.6445200443267822,1.482300043106079,1.8313499689102173,151.93099975585938,0.7920299768447876,0.9035999774932861,1.5740300416946411,1.4189200401306152,1.7527899742126465,0.005193999968469143,0.0059460001066327095,0.010342000052332878,0.009333999827504158,0.011526999995112419,1.140779972076416,1.9871799945831299,1.7913199663162231,2.212860107421875,1.7416900396347046,1.570039987564087,1.9394400119781494,0.9010000228881836,1.1134560108184814,1.2351900339126587
2025-02-20,1.0421009063720703,157.58099365234375,0.8281499743461609,0.9425299763679504,1.643380045890808,1.4836699962615967,1.827720046043396,151.22000122070312,0.7946500182151794,0.9045600295066833,1.5769699811935425,1.4240399599075317,1.7540199756622314,0.005235999822616577,0.005979999899864197,0.010408000089228153,0.00941300019621849,0.011598999612033367,1.1380900144577026,1.984279990196228,1.7914299964904785,2.207159996032715,1.742550015449524,1.5740599632263184,1.9387799501419067,0.9027330279350281,1.112089991569519,1.2315599918365479
2025-02-21,1.0500562191009521,156.87899780273438,0.8287000060081482,0.9429900050163269,1.640030026435852,1.488319993019104,1.8215899467468262,149.4080047607422,0.7892410159111023,0.8980600237846375,1.5614999532699585,1.4176000356674194,1.734820008277893,0.0052629997953772545,0.006010999903082848,0.010433999821543694,0.009482000023126602,0.011610999703407288,1.1378200054168701,1.978600025177002,1.7958699464797974,2.197000026702881,1.7388900518417358,1.578029990196228,1.9312900304794312,0.9071000218391418,1.110640048980713,1.2237880229949951
2025-02-24,1.0474823713302612,156.468994140625,0.828000009059906,0.9410600066184998,1.6442099809646606,1.488510012626648,1.8212300539016724,149.38699340820312,0.7905200123786926,0.8984500169754028,1.5697799921035767,1.4211599826812744,1.7387700080871582,0.005284999962896109,0.006014000158756971,0.010513000190258026,0.009518999606370926,0.011641999706625938,1.1364799737930298,1.9856699705123901,1.7976800203323364,2.199389934539795,1.746940016746521,1.5815399885177612,1.9349299669265747,0.9052000045776367,1.107550024986267,1.2233400344848633
2025-02-25,1.0461344718933105,156.76400756835938,0.8290200233459473,0.9386900067329407,1.6504499912261963,1.493399977684021,1.8266299962997437,149.86399841308594,0.7925300002098083,0.8973000049591064,1.5777599811553955,1.4276000261306763,1.7462400197982788,0.005270000081509352,0.005987999960780144,0.010507999919354916,0.0095229996368289,0.011642999947071075,1.1321799755096436,1.9906799793243408,1.8012700080871582,2.202500104904175,1.7580000162124634,1.5907200574874878,1.9455699920654297,0.9047880172729492,1.1066969633102417,1.2229499816894531
2025-02-26,1.0524100065231323,156.83999633789062,0.8301200270652771,0.9388499855995178,1.6561700105667114,1.504480004310608,1.8356800079345703,149.0780029296875,0.7889900207519531,0.8924000263214111,1.5740900039672852,1.4300700426101685,1.7448699474334717,0.005272999871522188,0.005985000170767307,0.01054299995303154,0.009588999673724174,0.011694000102579594,1.1308799982070923,1.9950000047683716,1.8122400045394897,2.2112998962402344,1.7638299465179443,1.6022700071334839,1.9549200534820557,0.9082900285720825,1.1082700490951538,1.2200000286102295
2025-02-27,1.0488777160644531,156.10400390625,0.8270099759101868,0.9380099773406982,1.6619499921798706,1.5037100315093994,1.8401299715042114,148.83799743652344,0.7885000109672546,0.8942999839782715,1.584589958190918,1.4335999488830566,1.7544200420379639,0.005278000142425299,0.006008999887853861,0.010626999661326408,0.00962899997830391,0.011777999810874462,1.1340999603271484,2.0092999935150146,1.8181099891662598,2.224790096282959,1.7715699672698975,1.6028900146484375,1.9613800048828125,0.9047290086746216,1.1070799827575684,1.2234899997711182
2025-02-28,1.039511799812317,155.92799377441406,0.8250200152397156,0.9354199767112732,1.6678500175476074,1.5012799501419067,1.8471800088882446,150.01199340820312,0.793720006942749,0.8999199867248535,1.6045700311660767,1.444350004196167,1.7770800590515137,0.0052709998562932014,0.0059980000369250774,0.010676000267267227,0.009623999707400799,0.011838000267744064,1.13372004032135,2.021440029144287,1.819599986076355,2.238759994506836,1.7827600240707397,1.6047099828720093,1.974370002746582,0.9000419974327087,1.1074219942092896,1.2302700281143188
2025-03-03,1.0413846969604492,156.9969940185547,0.826170027256012,0.9398599863052368,1.6739200353622437,1.5037399530410767,1.857759952545166,150.77099609375,0.79339998960495,0.9025700092315674,1.6075400114059448,1.444100022315979,1.784060001373291,0.005260999780148268,0.005985999945551157,0.01066100038588047,0.009576000273227692,0.011831999756395817,1.1375199556350708,2.0259900093078613,1.8200299739837646,2.2484700679779053,1.7808200120925903,1.599769949913025,1.9763100147247314,0.8982579708099365,1.1097400188446045,1.2352900505065918
2025-03-04,1.0485037565231323,156.53399658203125,0.8254299759864807,0.9402099847793579,1.6866999864578247,1.5193400382995605,1.8677300214767456,149.30499267578125,0.787310004234314,0.8966000080108643,1.6088000535964966,1.4490000009536743,1.7814500331878662,0.005253000184893608,0.006006000097841024,0.010758000425994396,0.009700999595224857,0.01192300021648407,1.138949990272522,2.0429999828338623,1.8405400514602661,2.26200008392334,1.7927570343017578,1.6157599687576294,1.9861700534820557,0.9006500244140625,1.1072100400924683,1.2291200160980225
2025-03-05,1.062699317932129,159.14100646972656,0.8304200172424316,0.9451299905776978,1.694700002670288,1.5294899940490723,1.8764599561691284,149.7989959716797,0.7815999984741211,0.8896399736404419,1.5949000120162964,1.439710021018982,1.7662899494171143,0.005198999773710966,0.005938999820500612,0.010634000413119793,0.009607999585568905,0.01179100014269352,1.1380599737167358,2.040800094604492,1.8417500257492065,2.2594900131225586,1.7929819822311401,1.6180800199508667,1.9850599765777588,0.9023600220680237,1.1071139574050903,1.2266600131988525
2025-03-06,1.0794938802719116,160.7209930419922,0.8372899889945984,0.961430013179779,1.7030999660491943,1.5477099418640137,1.8839399814605713,148.8979949951172,0.7756800055503845,0.89069002866745,1.5777599811553955,1.433859944343567,1.7453199625015259,0.005189999938011169,0.0059819999150931835,0.010576000437140465,0.009630000218749046,0.011714999563992023,1.1480900049209595,2.033780097961426,1.8482799530029297,2.2497200965881348,1.7711340188980103,1.6096099615097046,1.959190011024475,0.9086800217628479,1.1060999631881714,1.2170499563217163
2025-03-07,1.0787951946258545,159.75900268554688,0.837119996547699,0.9528200030326843,1.7034300565719604,1.5415199995040894,1.8803399801254272,148.10800170898438,0.7760779857635498,0.8833199739456177,1.5792100429534912,1.429110050201416,1.743190050125122,0.00522099994122982,0.005963999778032303,0.010638999752700329,0.009645000100135803,0.011764000169932842,1.1381100416183472,2.034709930419922,1.8413499593734741,2.245990037918091,1.787559986114502,1.6176600456237793,1.973099946975708,0.9048399925231934,1.1037490367889404,1.219599962234497
2025-03-10,1.086059331893921,160.30299377441406,0.8397499918937683,0.9528200030326843,1.722749948501587,1.560610055923462,1.9017599821090698,147.60800170898438,0.7732499837875366,0.8773400187492371,1.5863200426101685,1.437019944190979,1.7511299848556519,0.005210000090301037,0.005942999850958586,0.01075000036507845,0.009738000109791756,0.011865000240504742,1.134559988975525,2.051379919052124,1.8583300113677979,2.2644999027252197,1.807770013809204,1.6376299858093262,1.995519995689392,0.9057899713516235,1.1038199663162231,1.2184100151062012
2025-03-11,1.0839403867721558,159.39999389648438,0.8417900204658508,0.9537799954414368,1.7259999513626099,1.5638400316238403,1.9031399488449097,147.06900024414062,0.776669979095459,0.8799800276756287,1.592479944229126,1.4428900480270386,1.7559000253677368,0.005260999780148268,0.0059830001555383205,0.010809999890625477,0.009805000387132168,0.011931000277400017,1.1329200267791748,2.0502700805664062,1.857640027999878,2.2606399059295654,1.809399962425232,1.6394100189208984,1.9950200319290161,0.9059299826622009,1.1016000509262085,1.2167999744415283
2025-03-12,1.0914170742034912,161.56399536132812,0.8430699706077576,0.964139997959137,1.7335699796676636,1.5750600099563599,1.9105700254440308,148.04200744628906,0.7725099921226501,0.8834400177001953,1.5884900093078613,1.4432400465011597,1.7506699562072754,0.005197999998927116,0.005967000033706427,0.010711999610066414,0.009743000380694866,0.01181699987500906,1.1435199975967407,2.0561299324035645,1.8681600093841553,2.2660601139068604,1.7978399991989136,1.6334600448608398,1.9812999963760376,0.9084799885749817,1.1020280122756958,1.212820053100586
2025-03-13,1.0886249542236328,161.40699768066406,0.8396499752998352,0.959850013256073,1.7202999591827393,1.5633200407028198,1.8974299430847168,148.2790069580078,0.7713500261306763,0.8817700147628784,1.5803799629211426,1.436169981956482,1.7430700063705444,0.0051819998770952225,0.005946999881416559,0.010638999752700329,0.009686999954283237,0.011754999868571758,1.1430699825286865,2.0487000942230225,1.8617600202560425,2.259510040283203,1.7920399904251099,1.628499984741211,1.9763799905776978,0.9086549878120422,1.1028499603271484,1.213539958000183
2025-03-14,1.085564136505127,160.59800720214844,0.8377299904823303,0.9580600261688232,1.72639000415802,1.5658899545669556,1.9033499956130981,147.94900512695312,0.7717000246047974,0.8826199769973755,1.5904799699783325,1.442579984664917,1.7534300088882446,0.005197000224143267,0.00596500001847744,0.010734000243246555,0.009751999750733376,0.011843999847769737,1.1435600519180298,2.060699939727783,1.8690799474716187,2.2718100547790527,1.8017499446868896,1.6341999769210815,1.9862799644470215,0.9069100022315979,1.1023839712142944,1.2153600454330444
2025-03-17,1.0881274938583374,161.67999267578125,0.8414499759674072,0.9619500041007996,1.7198799848556519,1.5634299516677856,1.8913500308990479,148.59800720214844,0.773360013961792,0.884090006351471,1.5807299613952637,1.4369200468063354,1.7383699417114258,0.005177999846637249,0.005948999896645546,0.010635999962687492,0.009668000042438507,0.011695999652147293,1.143090009689331,2.043800115585327,1.8578799962997437,2.247620105743408,1.787719964981079,1.6250799894332886,1.9659299850463867,0.9089599847793579,1.0996739864349365,1.2096699476242065
2025-03-18,1.091917634010315,163.09500122070312,0.8408100008964539,0.9621800184249878,1.7107199430465698,1.5607600212097168,1.8744900226593018,149.37899780273438,0.7700999975204468,0.881201982498169,1.5669100284576416,1.4295099973678589,1.7168300151824951,0.005135000217705965,0.005898999981582165,0.010468999855220318,0.00956599973142147,0.011491999961435795,1.1442400217056274,2.0345799922943115,1.8561999797821045,2.2292399406433105,1.7777999639511108,1.6219099760055542,1.9478399753570557,0.9122620224952698,1.0956089496612549,1.200819969177246
2025-03-19,1.093948245048523,163.4759979248047,0.8414199948310852,0.9589800238609314,1.719539999961853,1.564170002937317,1.8799799680709839,149.45199584960938,0.7692000269889832,0.8767449855804443,1.572029948234558,1.4299499988555908,1.7186299562454224,0.005127999931573868,0.005865999963134527,0.010502000339329243,0.009565000422298908,0.011490000411868095,1.1396700143814087,2.0435900688171387,1.8585000038146973,2.2341599464416504,1.792870044708252,1.63086998462677,1.960010051727295,0.9095100164413452,1.0931600332260132,1.20169997215271
2025-03-20,1.0911908149719238,162.0,0.8386099934577942,0.9563999772071838,1.7144999504089355,1.5623799562454224,1.8734999895095825,148.49000549316406,0.7685999870300293,0.8763999938964844,1.571310043334961,1.4319000244140625,1.7177400588989258,0.005156000144779682,0.005903000012040138,0.01056199986487627,0.00964299961924553,0.011567999608814716,1.1401000022888184,2.044290065765381,1.8629300594329834,2.234790086746216,1.7924400568008423,1.6333999633789062,1.9596550464630127,0.9111869931221008,1.0930700302124023,1.1994800567626953
2025-03-21,1.0856702327728271,161.322998046875,0.8371700048446655,0.9569299817085266,1.7221599817276,1.554919958114624,1.884179949760437,148.5959930419922,0.7711300253868103,0.8813769817352295,1.5863200426101685,1.4322700500488281,1.7355400323867798,0.005169000010937452,0.005932000000029802,0.01065799966454506,0.009637000039219856,0.011668999679386616,1.1429500579833984,2.0569698810577393,1.8572399616241455,2.2504498958587646,1.799430012702942,1.624690055847168,1.9686399698257446,0.9028000235557556,1.093999981880188,1.2115600109100342
2025-03-24,1.0835762023925781,162.1750030517578,0.8383299708366394,0.9566699862480164,1.7230499982833862,1.5529099702835083,1.8858799934387207,149.677001953125,0.7737200260162354,0.8829200267791748,1.590250015258789,1.43326997756958,1.7405200004577637,0.005164000205695629,0.005898999981582165,0.010623999871313572,0.009575000032782555,0.011626999825239182,1.1410900354385376,2.0552399158477783,1.852329969406128,2.2494399547576904,1.8007639646530151,1.6230000257492065,1.9708600044250488,0.9011499881744385,1.0943900346755981,1.2142399549484253
2025-03-25,1.0803569555282593,162.88400268554688,0.8358700275421143,0.9535899758338928,1.7186100482940674,1.5465699434280396,1.8864200115203857,150.7740020751953,0.7737399935722351,0.8826900124549866,1.5908600091934204,1.4316099882125854,1.7461800575256348,0.005111999809741974,0.005853999871760607,0.010533000342547894,0.009491999633610249,0.011574000120162964,1.140720009803772,2.055910110473633,1.8500800132751465,2.25570011138916,1.8020399808883667,1.6216399669647217,1.977910041809082,0.8997960090637207,1.0975099802017212,1.2196199893951416
2025-03-26,1.0787487030029297,161.74600219726562,0.8332599997520447,0.9520999789237976,1.7100000381469727,1.5392999649047852,1.881500005722046,149.9499969482422,0.772599995136261,0.8826500177383423,1.5850369930267334,1.427299976348877,1.7442599534988403,0.005131999962031841,0.005886000115424395,0.010553999803960323,0.009518000297248363,0.011621000245213509,1.1425199508666992,2.0524399280548096,1.8475799560546875,2.257780075073242,1.796170949935913,1.6168700456619263,1.9758199453353882,0.9000800251960754,1.0999799966812134,1.2218899726867676
2025-03-27,1.0742061138153076,161.6199951171875,0.8341000080108643,0.949720025062561,1.708490014076233,1.5354599952697754,1.8782000541687012,150.47300720214844,0.7765399813652039,0.8841599822044373,1.5905799865722656,1.4294999837875366,1.7485599517822266,0.005142000038176775,0.005876000039279461,0.010551000013947487,0.009499999694526196,0.011614999733865261,1.1385400295257568,2.0482099056243896,1.840790033340454,2.251620054244995,1.7987550497055054,1.616569995880127,1.9773199558258057,0.8986179828643799,1.0992259979248047,1.2230600118637085
2025-03-28,1.080100178718567,162.91000366210938,0.833899974822998,0.9521099925041199,1.7139500379562378,1.5452899932861328,1.8828500509262085,150.8470001220703,0.7720800042152405,0.8813999891281128,1.586899995803833,1.4307500123977661,1.7432500123977661,0.005098999943584204,0.005843999795615673,0.010518999770283699,0.00948300026357174,0.011555000208318233,1.1416499614715576,2.055219888687134,1.852970004081726,2.2577099800109863,1.7999529838562012,1.622797966003418,1.977220058441162,0.9010000228881836,1.0984100103378296,1.2182899713516235
2025-03-31,1.082391619682312,161.93800354003906,0.8365499973297119,0.9534000158309937,1.7226899862289429,1.5487500429153442,1.8964799642562866,149.61700439453125,0.7728999853134155,0.8808500170707703,1.5916199684143066,1.4309099912643433,1.7522000074386597,0.0051460000686347485,0.005886999890208244,0.010618000291287899,0.009560000151395798,0.01170399971306324,1.1395800113677979,2.0592100620269775,1.8512799739837646,2.266400098800659,1.806689977645874,1.6242599487304688,1.9888399839401245,0.8989740014076233,1.100100040435791,1.224424958229065
2025-04-01,1.0818880796432495,162.177001953125,0.8372600078582764,0.9561100006103516,1.733199954032898,1.5566999912261963,1.9078099727630615,149.91299438476562,0.7739400267601013,0.8838199973106384,1.60207998752594,1.4390699863433838,1.76350998878479,0.005142999812960625,0.005894999951124191,0.01068899966776371,0.009599000215530396,0.011758999899029732,1.1418700218200684,2.0703001022338867,1.8592900037765503,2.2785000801086426,1.8116899728775024,1.6280499696731567,1.9950400590896606,0.8979799747467041,1.1004899740219116,1.2253400087356567
2025-04-02,1.0795987844467163,161.6909942626953,0.8353300094604492,0.9539399743080139,1.7163100242614746,1.5428199768066406,1.8892799615859985,149.7830047607422,0.7738100290298462,0.883400022983551,1.5899300575256348,1.4292099475860596,1.7501200437545776,0.0051460000686347485,0.005898999981582165,0.010594000108540058,0.009541000239551067,0.011676999740302563,1.1419099569320679,2.054569959640503,1.8468799591064453,2.2616000175476074,1.79898202419281,1.6171200275421143,1.9801700115203857,0.8988500237464905,1.1007009744644165,1.2244199514389038
2025-04-03,1.090869426727295,161.24200439453125,0.8357999920845032,0.956089973449707,1.7405099868774414,1.5501699447631836,1.9038100242614746,147.8719940185547,0.7664999961853027,0.8767899870872498,1.5962460041046143,1.4216500520706177,1.7459299564361572,0.005162999965250492,0.005929000210016966,0.01077600009739399,0.009611000306904316,0.01179600041359663,1.1438000202178955,2.0822999477386475,1.854580044746399,2.277630090713501,1.8200680017471313,1.6210399866104126,1.990820050239563,0.8904899954795837,1.0936299562454224,1.2280299663543701
2025-04-04,1.1043744087219238,161.4810028076172,0.8436999917030334,0.9488300085067749,1.7463899850845337,1.5551799535751343,1.9083900451660156,146.2310028076172,0.7640200257301331,0.8592100143432617,1.5814000368118286,1.4081000089645386,1.7281299829483032,0.005204999819397926,0.005865999963134527,0.01081399992108345,0.009630000218749046,0.011808999814093113,1.1245100498199463,2.0697100162506104,1.8431099653244019,2.2617499828338623,1.8402650356292725,1.638841986656189,2.010960102081299,0.8903999924659729,1.0926899909973145,1.226989984512329
2025-04-07,1.098454475402832,159.72999572753906,0.8507500290870667,0.9353500008583069,1.8143999576568604,1.5641100406646729,1.9818899631500244,145.43299865722656,0.7745500206947327,0.851610004901886,1.6700899600982666,1.4241100549697876,1.8046000003814697,0.005307000130414963,0.0058559998869895935,0.011469000019133091,0.009789999574422836,0.012400000356137753,1.0993499755859375,2.1559898853302,1.8383400440216064,2.329590082168579,1.9609299898147583,1.6719199419021606,2.1184499263763428,0.852524995803833,1.0803370475769043,1.2668499946594238
2025-04-08,1.0915361642837524,161.31100463867188,0.8571500182151794,0.9383500218391418,1.8198000192642212,1.554010033607483,1.9712200164794922,147.78900146484375,0.7852399945259094,0.8597099781036377,1.667330026626587,1.4237799644470215,1.805999994277954,0.005293999798595905,0.005816999822854996,0.011262999847531319,0.009631999768316746,0.01221300009638071,1.0946500301361084,2.1229898929595947,1.8129199743270874,2.2996199131011963,1.9391100406646729,1.6559300422668457,2.100339889526367,0.8538399934768677,1.0830570459365845,1.2682299613952637
2025-04-09,1.0980443954467773,160.13999938964844,0.8585000038146973,0.9285500049591064,1.8436800241470337,1.5649499893188477,1.9896700382232666,145.84500122070312,0.7817999720573425,0.8456599712371826,1.6791800260543823,1.4253000020980835,1.8120900392532349,0.005342000164091587,0.005797999911010265,0.011497000232338905,0.009770000353455544,0.012415999546647072,1.0814599990844727,2.14736008644104,1.8227200508117676,2.3173201084136963,1.9852689504623413,1.6850700378417969,2.1422998905181885,0.8486800193786621,1.0790300369262695,1.2711999416351318
2025-04-10,1.0952062606811523,161.41299438476562,0.8538100123405457,0.9367899894714355,1.7852699756622314,1.5441499948501587,1.9423500299453735,147.3990020751953,0.779699981212616,0.8554499745368958,1.6303600072860718,1.4101300239562988,1.7739299535751343,0.005270000081509352,0.005803000181913376,0.01104000024497509,0.009564000181853771,0.012023000046610832,1.0971100330352783,2.0908799171447754,1.808500051498413,2.2748498916625977,1.905269980430603,1.647879958152771,2.0727601051330566,0.8648759722709656,1.087939977645874,1.2576099634170532
2025-04-11,1.1257838010787964,161.822998046875,0.8664299845695496,0.92399001121521,1.8088099956512451,1.570520043373108,1.9585299491882324,143.7469940185547,0.7696999907493591,0.8207600116729736,1.6068400144577026,1.3950999975204468,1.7397700548171997,0.005332999862730503,0.005708999931812286,0.011153999716043472,0.009700999595224857,0.012091999873518944,1.0661900043487549,2.0872700214385986,1.8121000528335571,2.260040044784546,1.9557989835739136,1.6992299556732178,2.118880033493042,0.868224024772644,1.082656979560852,1.2467299699783325
2025-04-14,1.1343141794204712,162.97799682617188,0.8668000102043152,0.9279000163078308,1.7998499870300293,1.5734800100326538,1.9434499740600586,143.6959991455078,0.7642199993133545,0.8180599808692932,1.5869699716567993,1.3873900175094604,1.7134100198745728,0.005299000069499016,0.0056929998099803925,0.011022999882698059,0.009650999680161476,0.01192300021648407,1.0703400373458862,2.0764200687408447,1.8152799606323242,2.241849899291992,1.9393199682235718,1.6954100131988525,2.0939300060272217,0.8741499781608582,1.0796300172805786,1.2348699569702148
2025-04-15,1.1339668035507202,162.40199279785156,0.8607000112533569,0.9252499938011169,1.7942299842834473,1.5760899782180786,1.9325499534606934,143.2209930419922,0.7590399980545044,0.8159599900245667,1.5822999477386475,1.3899999856948853,1.704450011253357,0.005280000157654285,0.005696999840438366,0.011048000305891037,0.009700999595224857,0.011895000003278255,1.074910044670105,2.0844600200653076,1.831089973449707,2.245229959487915,1.9386500120162964,1.7031400203704834,2.0881199836730957,0.878350019454956,1.0770299434661865,1.2259800434112549
2025-04-16,1.1292672157287598,161.6300048828125,0.8534700274467468,0.9268500208854675,1.7817399501800537,1.5760899782180786,1.9155100584030151,143.18099975585938,0.7558000087738037,0.8207700252532959,1.5778100490570068,1.3956999778747559,1.6962100267410278,0.005259000230580568,0.005733999889343977,0.01100200042128563,0.009747999720275402,0.011837000027298927,1.0858700275421143,2.0874500274658203,1.8465299606323242,2.244080066680908,1.921970009803772,1.7001399993896484,2.0661399364471436,0.8841000199317932,1.0749399662017822,1.2150499820709229
2025-04-17,1.1396790742874146,161.71299743652344,0.8611000180244446,0.9273999929428101,1.7889800071716309,1.5794099569320679,1.9199700355529785,141.92799377441406,0.7556300163269043,0.8137500286102295,1.5691200494766235,1.3859699964523315,1.6848100423812866,0.005305000115185976,0.005735000129789114,0.011061999946832657,0.009766999632120132,0.011862000450491905,1.0768799781799316,2.0774500370025635,1.8340790271759033,2.229599952697754,1.92877995967865,1.702839970588684,2.0699400901794434,0.8828039765357971,1.0731199979782104,1.2154300212860107
2025-04-22,1.1512778997421265,162.16400146484375,0.8604000210762024,0.9313700199127197,1.792449951171875,1.5924899578094482,1.9185199737548828,140.87600708007812,0.7473999857902527,0.8090500235557556,1.5571500062942505,1.383430004119873,1.666640043258667,0.005284999962896109,0.005743000190705061,0.011030999943614006,0.009816000238060951,0.011818000115454197,1.0820000171661377,2.08309006690979,1.8506699800491333,2.229520082473755,1.9241700172424316,1.7095400094985962,2.059380054473877,0.8883870244026184,1.0702199935913086,1.2044800519943237
2025-04-23,1.1351252794265747,161.96499633789062,0.8551700115203857,0.9376800060272217,1.7802599668502808,1.5717500448226929,1.9044300317764282,142.68800354003906,0.7534000277519226,0.8260700106620789,1.5683319568634033,1.3847099542617798,1.6776599884033203,0.005260000005364418,0.005789999850094318,0.01097199972718954,0.009700999595224857,0.011748000048100948,1.0964499711990356,2.0815699100494385,1.8378499746322632,2.225800037384033,1.8968130350112915,1.6757299900054932,2.030250072479248,0.8828139901161194,1.069540023803711,1.2112799882888794
2025-04-24,1.132733702659607,162.2169952392578,0.8539100289344788,0.9399200081825256,1.7794400453567505,1.5714000463485718,1.9027800559997559,143.22300720214844,0.7538899779319763,0.829800009727478,1.5710200071334839,1.387410044670105,1.6799900531768799,0.005243999883532524,0.005793000105768442,0.0109479995444417,0.009682999923825264,0.011729000136256218,1.100659966468811,2.0838100910186768,1.8402099609375,2.2276999950408936,1.8929359912872314,1.671720027923584,2.024282932281494,0.8830000162124634,1.0692709684371948,1.2107930183410645
2025-04-25,1.1371906995773315,162.46299743652344,0.8532500267028809,0.9423499703407288,1.77646005153656,1.575719952583313,1.8989200592041016,142.87899780273438,0.7504000067710876,0.8287400007247925,1.561650037765503,1.3858000040054321,1.670009970664978,0.005231999792158604,0.005799999926239252,0.010917999781668186,0.009695000015199184,0.011680000461637974,1.1043399572372437,2.081860065460205,1.846619963645935,2.2253799438476562,1.884835958480835,1.6719000339508057,2.014659881591797,0.8868899941444397,1.0688199996948242,1.2049299478530884
2025-04-28,1.1343141794204712,163.1529998779297,0.8534600138664246,0.9397100210189819,1.7770999670028687,1.5733100175857544,1.9065300226211548,143.84100341796875,0.7524399757385254,0.8284000158309937,1.5664000511169434,1.3870799541473389,1.680840015411377,0.0052109998650848866,0.005758999846875668,0.010873000137507915,0.009638999588787556,0.01168499980121851,1.1009999513626099,2.0826199054718018,1.8430999517440796,2.2337799072265625,1.891129970550537,1.6739000082015991,2.0283100605010986,0.8850399851799011,1.072510004043579,1.211549997329712
2025-04-29,1.1409143209457397,162.2036590576172,0.8490599989891052,0.9368500113487244,1.7745200395584106,1.5775400400161743,1.9103100299835205,142.17799377441406,0.7442600131034851,0.8211899995803833,1.5555000305175781,1.3830100297927856,1.6744799613952637,0.00521400012075901,0.0057760002091526985,0.01092000026255846,0.009723000228404999,0.011769000440835953,1.1032700538635254,2.0898399353027344,1.8581299781799316,2.249690055847168,1.8939199447631836,1.683899998664856,2.038710117340088,0.8890339732170105,1.076390027999878,1.2105799913406372
2025-04-30,1.1389262676239014,162.0570068359375,0.8492100238800049,0.9377599954605103,1.7835999727249146,1.5746500492095947,1.9183299541473389,142.2989959716797,0.7456679940223694,0.823419988155365,1.5657000541687012,1.382680058479309,1.684440016746521,0.0052200001664459705,0.005785999819636345,0.010987999849021435,0.009713999927043915,0.011827999725937843,1.1042100191116333,2.1002399921417236,1.8541899919509888,2.2588601112365723,1.9017000198364258,1.6789100170135498,2.0452399253845215,0.882610023021698,1.0755499601364136,1.2181299924850464
2025-05-01,1.1324899196624756,161.9409942626953,0.8498899936676025,0.9353100061416626,1.765720009803772,1.5615099668502808,1.9069199562072754,143.00900268554688,0.7505300045013428,0.8259599804878235,1.559309959411621,1.3789600133895874,1.6839799880981445,0.0052280002273619175,0.0057749999687075615,0.010882999747991562,0.009638000279664993,0.011765999719500542,1.100409984588623,2.0774600505828857,1.8372000455856323,2.2435600757598877,1.887611985206604,1.6692899465560913,2.038290023803711,0.8842399716377258,1.079859972000122,1.220960021018982
2025-05-02,1.1296498775482178,164.2969970703125,0.8501899838447571,0.9364299774169922,1.7686400413513184,1.5640900135040283,1.9102200269699097,145.447998046875,0.7526500225067139,0.828980028629303,1.5657299757003784,1.3846499919891357,1.6910500526428223,0.005154999904334545,0.005698999855667353,0.010741000063717365,0.00951599981635809,0.011617000214755535,1.101199984550476,2.0801498889923096,1.8395700454711914,2.2466399669647217,1.8884199857711792,1.670009970664978,2.039489984512329,0.8842399716377258,1.0799399614334106,1.221119999885559
2025-05-05,1.1323232650756836,163.7469940185547,0.8530899882316589,0.9330899715423584,1.7565699815750122,1.5650500059127808,1.902250051498413,144.62399291992188,0.7534700036048889,0.8241000175476074,1.5514500141143799,1.3822300434112549,1.6800800561904907,0.005189999938011169,0.005698000080883503,0.010708999820053577,0.009553000330924988,0.011615999974310398,1.0936700105667114,2.058929920196533,1.8343700170516968,2.2296500205993652,1.8822109699249268,1.6770000457763672,2.038219928741455,0.8908799886703491,1.0828399658203125,1.215250015258789
2025-05-06,1.1313369274139404,162.5,0.8510500192642212,0.9298800230026245,1.750789999961853,1.563599944114685,1.8976600170135498,143.6540069580078,0.7523000240325928,0.8217909932136536,1.5476499795913696,1.3821899890899658,1.677459955215454,0.005216999910771847,0.0057219997979700565,0.010754000395536423,0.009618000127375126,0.011668000370264053,1.092560052871704,2.057080030441284,1.836899995803833,2.2296199798583984,1.882459044456482,1.6812599897384644,2.0402801036834717,0.8929799795150757,1.08378005027771,1.2134599685668945
2025-05-07,1.1342755556106567,162.2259979248047,0.8491899967193604,0.9364399909973145,1.7430499792099,1.5617200136184692,1.8855500221252441,143.03500366210938,0.7487300038337708,0.8256300091743469,1.5368800163269043,1.3769400119781494,1.6624799966812134,0.00521499989554286,0.005772000178694725,0.010727000422775745,0.009627999737858772,0.011615999974310398,1.1025999784469604,2.0525999069213867,1.8388500213623047,2.220370054244995,1.8609000444412231,1.667240023612976,2.0128800868988037,0.8958500027656555,1.0816290378570557,1.2072099447250366
2025-05-08,1.1306205987930298,162.61700439453125,0.8504700064659119,0.9315000176429749,1.7577500343322754,1.5640100240707397,1.9032399654388428,143.84800720214844,0.7522100210189819,0.8239499926567078,1.5540499687194824,1.3834199905395508,1.6834499835968018,0.005210000090301037,0.005727000068873167,0.010789000429213047,0.009612999856472015,0.011692999862134457,1.0951600074768066,2.0665700435638428,1.8388500213623047,2.2376999855041504,1.8857250213623047,1.6787899732589722,2.042789936065674,0.8896399736404419,1.0826200246810913,1.2167400121688843
2025-05-09,1.122422695159912,163.8769989013672,0.8479899764060974,0.9335700273513794,1.755620002746582,1.562749981880188,1.9024900197982788,146.01499938964844,0.7555500268936157,0.8317999839782715,1.5643099546432495,1.392449975013733,1.6951500177383423,0.005154000129550695,0.005696000065654516,0.010711000300943851,0.009534000419080257,0.011598999612033367,1.1008199453353882,2.0702099800109863,1.8427799940109253,2.243380069732666,1.8801000118255615,1.673550009727478,2.037260055541992,0.8900799751281738,1.0836000442504883,1.2172000408172607
2025-05-12,1.12296462059021,163.74899291992188,0.8450199961662292,0.9362499713897705,1.7487599849700928,1.5638099908828735,1.8966399431228638,145.81199645996094,0.7524999976158142,0.8337299823760986,1.5574100017547607,1.3924000263214111,1.6889899969100952,0.005140999797731638,0.005716999992728233,0.01066100038588047,0.00954500027000904,0.011583000421524048,1.1078100204467773,2.0694499015808105,1.8504600524902344,2.244270086288452,1.8675099611282349,1.6699899435043335,2.0252699851989746,0.8941019773483276,1.084439992904663,1.212630033493042
2025-05-13,1.1095577478408813,164.5469970703125,0.8419399857521057,0.9373900294303894,1.7412300109863281,1.5504000186920166,1.8929100036621094,148.30999755859375,0.7588499784469604,0.8448699712753296,1.5694199800491333,1.397420048713684,1.7061100006103516,0.005098000168800354,0.005696999840438366,0.010560999624431133,0.009418999776244164,0.011502999812364578,1.1132500171661377,2.067960023880005,1.8413300514221191,2.248080015182495,1.8571900129318237,1.6536600589752197,2.0188701152801514,0.8903589844703674,1.087030053138733,1.2207399606704712
2025-05-14,1.1185556650161743,165.01100158691406,0.8406999707221985,0.938979983329773,1.728060007095337,1.5583800077438354,1.8843300342559814,147.5279998779297,0.7516300082206726,0.8394299745559692,1.5449700355529785,1.3932000398635864,1.6846599578857422,0.00507500022649765,0.005690000019967556,0.010451000183820724,0.009440000168979168,0.011417999863624573,1.116760015487671,2.055310010910034,1.8534899950027466,2.2411398887634277,1.8400280475616455,1.659350037574768,2.0065090656280518,0.9017869830131531,1.0903300046920776,1.209022045135498
2025-05-15,1.1181930303573608,163.9739990234375,0.8430100083351135,0.9406999945640564,1.739989995956421,1.5630700588226318,1.8964200019836426,146.64999389648438,0.7539499998092651,0.8412320017814636,1.5555000305175781,1.3978999853134155,1.6959500312805176,0.005121999885886908,0.005737000145018101,0.010595000348985195,0.009529000148177147,0.011556999757885933,1.1157499551773071,2.063889980316162,1.8540400266647339,2.249350070953369,1.8493859767913818,1.6613500118255615,2.015470027923584,0.8983229994773865,1.089750051498413,1.2130800485610962
2025-05-16,1.1192693710327148,162.96600341796875,0.8411700129508972,0.9343000054359436,1.7471699714660645,1.5617899894714355,1.9054700136184692,145.61300659179688,0.7514899969100952,0.8345999717712402,1.5610899925231934,1.3954700231552124,1.7024999856948853,0.005142999812960625,0.005733000114560127,0.010707000270485878,0.009580999612808228,0.011686000041663647,1.1107100248336792,2.0769898891448975,1.856619954109192,2.2651898860931396,1.8696130514144897,1.6712299585342407,2.0388898849487305,0.893779993057251,1.0904799699783325,1.2199000120162964
2025-05-19,1.1187559366226196,162.54200744628906,0.8407700061798096,0.9346100091934204,1.7453999519348145,1.560829997062683,1.90024995803833,145.29800415039062,0.7515689730644226,0.8354499936103821,1.560062050819397,1.395259976387024,1.6986600160598755,0.005152000114321709,0.005750000011175871,0.010715999640524387,0.009600999765098095,0.01169000007212162,1.1115100383758545,2.0758299827575684,1.8563100099563599,2.2599499225616455,1.867169976234436,1.6697200536727905,2.0327200889587402,0.8941299915313721,1.0885009765625,1.2172199487686157
2025-05-20,1.1233429908752441,162.83999633789062,0.8407300114631653,0.9379100203514099,1.7398600578308105,1.5676599740982056,1.893839955329895,144.97500610351562,0.7484999895095825,0.8349900245666504,1.54899001121521,1.3956899642944336,1.6860599517822266,0.005142999812960625,0.005758999846875668,0.010665000416338444,0.00962700042873621,0.011626999825239182,1.1155099868774414,2.069380044937134,1.8645600080490112,2.252000093460083,1.8546680212020874,1.6711100339889526,2.018699884414673,0.9009400010108948,1.088420033454895,1.207919955253601
2025-05-21,1.1287955045700073,162.91099548339844,0.8425300121307373,0.9331799745559692,1.7567800283432007,1.5699800252914429,1.9043200016021729,144.3280029296875,0.7463899850845337,0.8267120122909546,1.5561779737472534,1.3909300565719604,1.6870800256729126,0.005150999873876572,0.005727999843657017,0.01076200045645237,0.00963599979877472,0.011687999591231346,1.1075299978256226,2.0850400924682617,1.8633400201797485,2.260119915008545,1.8822109699249268,1.682070016860962,2.0401699542999268,0.8935800194740295,1.08378005027771,1.2128469944000244
2025-05-22,1.133118748664856,162.87600708007812,0.8443599939346313,0.9348499774932861,1.76118004322052,1.5704900026321411,1.9095799922943115,143.7550048828125,0.7452099919319153,0.8250700235366821,1.554460048675537,1.386080026626587,1.685349941253662,0.005164000205695629,0.0057390001602470875,0.01079500000923872,0.009638999588787556,0.01172299962490797,1.107069969177246,2.0857698917388916,1.8599799871444702,2.261399984359741,1.88373601436615,1.6798299551010132,2.04229998588562,0.891510009765625,1.084123969078064,1.2156929969787598
2025-05-23,1.1281843185424805,162.28700256347656,0.8406400084495544,0.9345200061798096,1.7599600553512573,1.563330054283142,1.9128199815750122,143.85800170898438,0.745199978351593,0.8283799886703491,1.5601099729537964,1.3858000040054321,1.6956000328063965,0.005160000175237656,0.005758000072091818,0.010824000462889671,0.00962899997830391,0.011777999810874462,1.1116100549697876,2.093519926071167,1.8596199750900269,2.275360107421875,1.883039951324463,1.672659993171692,2.0465400218963623,0.8882399797439575,1.0867700576782227,1.2234100103378296
2025-05-26,1.1372811794281006,162.46299743652344,0.8401299715042114,0.9352700114250183,1.7491899728775024,1.5621600151062012,1.8978899717330933,142.86700439453125,0.7387800216674805,0.822409987449646,1.5381799936294556,1.3737200498580933,1.6689800024032593,0.005152000114321709,0.005756000056862831,0.010746999643743038,0.009611999616026878,0.011673999950289726,1.1131199598312378,2.081860065460205,1.8592900037765503,2.2589199542999268,1.8698229789733887,1.6698800325393677,2.028709888458252,0.8929790258407593,1.084920048713684,1.2148000001907349
2025-05-27,1.1388484239578247,162.4499969482422,0.8394700288772583,0.9342700242996216,1.7570500373840332,1.5641599893569946,1.8996200561523438,142.65499877929688,0.7371799945831299,0.8204200267791748,1.5429699420928955,1.373579978942871,1.6681400537490845,0.005148000083863735,0.005750999785959721,0.010797999799251556,0.009624999947845936,0.011691000312566757,1.1128300428390503,2.092910051345825,1.8631500005722046,2.262700080871582,1.880429983139038,1.67399001121521,2.032910108566284,0.8901640176773071,1.0810500383377075,1.2142900228500366
2025-05-28,1.1337097883224487,163.44500732421875,0.838890016078949,0.9378100037574768,1.7583199739456177,1.5655499696731567,1.9058599472045898,144.177001953125,0.7400100231170654,0.8272600173950195,1.5510799884796143,1.38100004196167,1.6812089681625366,0.005113000050187111,0.0057379999198019505,0.010738000273704529,0.009573999792337418,0.011652999557554722,1.1178100109100342,2.0957999229431152,1.8661400079727173,2.271199941635132,1.8746399879455566,1.669119954109192,2.0318400859832764,0.89028000831604,1.0838199853897095,1.2171599864959717
2025-05-29,1.123368263244629,163.66200256347656,0.8363199830055237,0.935230016708374,1.748270034790039,1.5559200048446655,1.8849999904632568,145.69700622558594,0.7445200085639954,0.8325499892234802,1.5563700199127197,1.3851100206375122,1.6781100034713745,0.005090000107884407,0.005714000202715397,0.010661999695003033,0.009503000415861607,0.011516000144183636,1.118149995803833,2.090290069580078,1.8602399826049805,2.253730058670044,1.868878960609436,1.6632399559020996,2.0149199962615967,0.8898199796676636,1.0780600309371948,1.2113200426101685
2025-05-30,1.1378376483917236,163.5780029296875,0.842710018157959,0.9352099895477295,1.7649600505828857,1.5707199573516846,1.9030699729919434,143.7790069580078,0.7407960295677185,0.8219699859619141,1.5513499975204468,1.3805700540542603,1.672629952430725,0.005131999962031841,0.005716999992728233,0.010769999586045742,0.009597999975085258,0.011633999645709991,1.1096299886703491,2.0943000316619873,1.8638099431991577,2.2580699920654297,1.887030005455017,1.6792700290679932,2.0344901084899902,0.8898299932479858,1.0781199932098389,1.2114200592041016
2025-06-02,1.1353315114974976,163.2469940185547,0.8428699970245361,0.9333900213241577,1.7617700099945068,1.5580699443817139,1.9004000425338745,143.81500244140625,0.7425400018692017,0.8222699761390686,1.5520199537277222,1.3726199865341187,1.6741700172424316,0.005142999812960625,0.005716999992728233,0.010773000307381153,0.00953999999910593,0.011633000336587429,1.107300043106079,2.0900299549102783,1.8484300374984741,2.2545299530029297,1.887120008468628,1.6689800024032593,2.035559892654419,0.8843330144882202,1.0786099433898926,1.2195199728012085
2025-06-03,1.1453442573547363,163.13787841796875,0.8447700142860413,0.9344499707221985,1.7623000144958496,1.5701700448989868,1.8935999870300293,142.45199584960938,0.7376400232315063,0.8159400224685669,1.5388400554656982,1.3710700273513794,1.6534700393676758,0.005158999934792519,0.005727999843657017,0.0107829999178648,0.009620999917387962,0.011606000363826752,1.1060600280761719,2.0859999656677246,1.858590006828308,2.2413899898529053,1.8855899572372437,1.6800199747085571,2.025979995727539,0.8908900022506714,1.0744249820709229,1.2057900428771973
2025-06-04,1.1384464502334595,163.74000549316406,0.8412799835205078,0.9367700219154358,1.7604999542236328,1.5611599683761597,1.895359992980957,143.83700561523438,0.7390199899673462,0.8228899836540222,1.54653000831604,1.371500015258789,1.66497004032135,0.005117000080645084,0.00571200018748641,0.010731000453233719,0.009530000388622284,0.01156300026923418,1.1133999824523926,2.092519998550415,1.8555799722671509,2.252779960632324,1.8790279626846313,1.666260004043579,2.0228800773620605,0.886847972869873,1.0764800310134888,1.2138700485229492
2025-06-05,1.1422044038772583,163.02000427246094,0.8427799940109253,0.9342600107192993,1.7597500085830688,1.5623500347137451,1.894950032234192,142.73199462890625,0.7378900051116943,0.8179699778556824,1.5406700372695923,1.3679100275039673,1.6590900421142578,0.005150000099092722,0.0057310000993311405,0.010774999856948853,0.009580000303685665,0.011614000424742699,1.1084599494934082,2.087820053100586,1.8537100553512573,2.248339891433716,1.8830970525741577,1.671929955482483,2.027740001678467,0.8878539800643921,1.0767699480056763,1.2127000093460083
2025-06-06,1.1453834772109985,164.39700317382812,0.843280017375946,0.9383100271224976,1.7591400146484375,1.5652300119400024,1.8954800367355347,143.54200744628906,0.7364000082015991,0.8192499876022339,1.535979986190796,1.36667001247406,1.6549999713897705,0.005109999794512987,0.005708000157028437,0.0106800002977252,0.009517000056803226,0.011521999724209309,1.1125600337982178,2.0859200954437256,1.8559900522232056,2.2475500106811523,1.8745100498199463,1.6678800582885742,2.0196800231933594,0.8896999955177307,1.077430009841919,1.2107800245285034
2025-06-09,1.1407841444015503,165.04400634765625,0.8425499796867371,0.9368199706077576,1.7548099756240845,1.5616400241851807,1.893489956855774,144.6909942626953,0.7386500239372253,0.8212599754333496,1.538409948348999,1.3690600395202637,1.6599700450897217,0.0050849998369812965,0.005675999913364649,0.010613000020384789,0.009459000080823898,0.011462000198662281,1.1117700338363647,2.0825700759887695,1.8533400297164917,2.247159957885742,1.8728100061416626,1.6665899753570557,2.0207200050354004,0.8898770213127136,1.0789400339126587,1.2123099565505981
2025-06-10,1.1428048610687256,165.16600036621094,0.8428999781608582,0.9383900165557861,1.7530900239944458,1.565369963645935,1.8884999752044678,144.5399932861328,0.7376400232315063,0.8212000131607056,1.534188985824585,1.3698899745941162,1.652649998664856,0.005084000062197447,0.005681000184267759,0.010594000108540058,0.009472000412642956,0.011424999684095383,1.113219976425171,2.079669952392578,1.8570400476455688,2.2395999431610107,1.8667160272598267,1.667870044708252,2.0120599269866943,0.892799973487854,1.0771199464797974,1.2062699794769287
2025-06-11,1.143746018409729,165.63299560546875,0.8466600179672241,0.9400799870491028,1.752150058746338,1.5633000135421753,1.8875900506973267,144.83799743652344,0.7402899861335754,0.8219199776649475,1.5320500135421753,1.3668299913406372,1.6504100561141968,0.005090999882668257,0.005673999898135662,0.010557999834418297,0.00943399965763092,0.011385000310838223,1.110260009765625,2.0693700313568115,1.8463399410247803,2.229290008544922,1.8634120225906372,1.662559986114502,2.007309913635254,0.891700029373169,1.0772299766540527,1.207260012626648
2025-06-12,1.1509333848953247,165.947998046875,0.8481600284576416,0.9419800043106079,1.7678200006484985,1.572540044784546,1.9064899682998657,144.2030029296875,0.737060010433197,0.8184000253677368,1.5362160205841064,1.366569995880127,1.6565619707107544,0.005090999882668257,0.005675999913364649,0.010630999691784382,0.009472999721765518,0.011477000080049038,1.110450029373169,2.084009885787964,1.8533999919891357,2.2472898960113525,1.8764539957046509,1.6692399978637695,2.0233099460601807,0.8894799947738647,1.0782500505447388,1.2119699716567993
2025-06-13,1.1600254774093628,166.08299255371094,0.8512399792671204,0.9384999871253967,1.7768100500106812,1.5771100521087646,1.9123400449752808,143.19400024414062,0.7337999939918518,0.8090000152587891,1.5318629741668701,1.3596500158309937,1.6487499475479126,0.005104000214487314,0.0056500001810491085,0.01067500002682209,0.009491000324487686,0.011505999602377415,1.1021000146865845,2.087209939956665,1.8525999784469604,2.246690034866333,1.8929359912872314,1.680150032043457,2.037329912185669,0.887499988079071,1.0762399435043335,1.2124700546264648
2025-06-16,1.1556684970855713,166.46636962890625,0.8510000109672546,0.9365000128746033,1.7789000272750854,1.56850004196167,1.9178999662399292,144.09100341796875,0.7376260161399841,0.8122159838676453,1.5384620428085327,1.3583999872207642,1.6559029817581177,0.005096000153571367,0.005628000013530254,0.010533999651670456,0.009422999806702137,0.011451000347733498,1.1002800464630127,2.0728049278259277,1.8540359735488892,2.2530999183654785,1.8960939645767212,1.673725962638855,2.0458550453186035,0.881600022315979,1.0760060548782349,1.214853048324585
2025-06-17,1.1551345586776733,167.16000366210938,0.8514500260353088,0.9399099946022034,1.7745699882507324,1.567929983139038,1.9094300270080566,144.72900390625,0.7371600270271301,0.8137099742889404,1.5358619689941406,1.357450008392334,1.6531100273132324,0.005073999986052513,0.005621999967843294,0.010594000108540058,0.009374000132083893,0.011415000073611736,1.1037800312042236,2.084089994430542,1.8413399457931519,2.2423300743103027,1.8877899646759033,1.6679199934005737,2.031140089035034,0.8834400177001953,1.0758600234985352,1.2176300287246704
2025-06-18,1.1482638120651245,166.91099548339844,0.8548799753189087,0.9379199743270874,1.7719600200653076,1.5711599588394165,1.9074699878692627,145.37600708007812,0.7445999979972839,0.8168699741363525,1.5432579517364502,1.3683600425720215,1.6612999439239502,0.0051020001992583275,0.005619000177830458,0.010595999658107758,0.009409000165760517,0.011420000344514847,1.096940040588379,2.0722599029541016,1.8375500440597534,2.23088002204895,1.8887879848480225,1.6748100519180298,2.0332798957824707,0.8866109848022461,1.0766299962997437,1.2139300107955933
2025-06-19,1.1477497816085815,166.3596649169922,0.8554199934005737,0.9399099946022034,1.7633999586105347,1.5717600584030151,1.903749942779541,144.9550018310547,0.7453500032424927,0.8190600275993347,1.5367100238800049,1.3696000576019287,1.6585099697113037,0.005123000126332045,0.0056500001810491085,0.010582000017166138,0.009444000199437141,0.011432000435888767,1.098680019378662,2.061530113220215,1.8373299837112427,2.2249200344085693,1.8758909702301025,1.6718800067901611,2.024480104446411,0.8906000256538391,1.0792700052261353,1.2108299732208252
2025-06-20,1.1512778997421265,167.1529998779297,0.8540899753570557,0.9396700263023376,1.7747199535369873,1.5763299465179443,1.918280005455017,145.21800231933594,0.7420200109481812,0.8163899779319763,1.5411200523376465,1.3695499897003174,1.6664400100708008,0.005090000107884407,0.005621000193059444,0.010595000348985195,0.00942699983716011,0.011466000229120255,1.1000900268554688,2.077620029449463,1.845620036125183,2.2456700801849365,1.8882100582122803,1.6773699522018433,2.0408599376678467,0.8882200121879578,1.0808700323104858,1.2166199684143066
2025-06-23,1.1500862836837769,168.1540069580078,0.8558899760246277,0.9404199719429016,1.783769965171814,1.5799800157546997,1.9288300275802612,146.2239990234375,0.7442700266838074,0.8177499771118164,1.5511800050735474,1.3739299774169922,1.6772600412368774,0.00506999995559454,0.00559200020506978,0.010607000440359116,0.009394999593496323,0.011462000198662281,1.098639965057373,2.084009885787964,1.8457759618759155,2.253390073776245,1.8964539766311646,1.679792046546936,2.050539970397949,0.8856449723243713,1.0811699628829956,1.2206100225448608
2025-06-24,1.1599044799804688,169.2480010986328,0.856190025806427,0.9424800276756287,1.7904800176620483,1.5922000408172607,1.934689998626709,145.92799377441406,0.7382599711418152,0.8125799894332886,1.5437339544296265,1.3728599548339844,1.6679500341415405,0.005040000192821026,0.0055680000223219395,0.010577999986708164,0.00940799992531538,0.011421999894082546,1.1005799770355225,2.090830087661743,1.8593300580978394,2.2591400146484375,1.8992270231246948,1.6890699863433838,2.0520899295806885,0.8893120288848877,1.0804500579833984,1.214709997177124
2025-06-25,1.161224365234375,168.29800415039062,0.8528599739074707,0.9349200129508972,1.787950038909912,1.5938199758529663,1.9317200183868408,144.95700073242188,0.7344899773597717,0.8051499724388123,1.5394090414047241,1.3726600408554077,1.6635299921035767,0.005047000013291836,0.005553999915719032,0.010603999719023705,0.009464999660849571,0.011467999778687954,1.0961500406265259,2.0963099002838135,1.8687800168991089,2.2648398876190186,1.9121559858322144,1.7045600414276123,2.0657100677490234,0.8913499712944031,1.0803200006484985,1.2117600440979004
2025-06-26,1.1683744192123413,169.2899932861328,0.8532999753952026,0.9390599727630615,1.7911200523376465,1.6020300388336182,1.9295400381088257,144.9040069580078,0.7303599715232849,0.8037300109863281,1.5330100059509277,1.3711999654769897,1.6512800455093384,0.0050200000405311584,0.005545999854803085,0.01056000031530857,0.009459000080823898,0.011388000100851059,1.1002899408340454,2.0988800525665283,1.8772499561309814,2.260730028152466,1.9071600437164307,1.7058199644088745,2.0542099475860596,0.8943099975585938,1.0772000551223755,1.204110026359558
2025-06-27,1.1692214012145996,169.15699768066406,0.8518000245094299,0.9362999796867371,1.785789966583252,1.594980001449585,1.9296499490737915,144.69400024414062,0.7286099791526794,0.8008900284767151,1.5275800228118896,1.3643100261688232,1.650439977645874,0.005013999994844198,0.005535000003874302,0.010534999892115593,0.009421999566257,0.011397000402212143,1.0990500450134277,2.096299886703491,1.872130036354065,2.2650299072265625,1.9069410562515259,1.7031400203704834,2.060389995574951,0.8930299878120422,1.0794999599456787,1.2096099853515625
2025-06-30,1.1727453470230103,169.45399475097656,0.8547300100326538,0.9361100196838379,1.7949299812316895,1.6043599843978882,1.9338300228118896,144.51699829101562,0.728879988193512,0.7982500195503235,1.5306400060653687,1.3681399822235107,1.6490800380706787,0.005024000070989132,0.0055240001529455185,0.010572000406682491,0.009465999901294708,0.011401999741792679,1.095080018043518,2.0996999740600586,1.876889944076538,2.262310028076172,1.9170680046081543,1.7135100364685059,2.065269947052002,0.8932999968528748,1.077239990234375,1.2051600217819214
2025-07-01,1.178717017173767,169.4600067138672,0.8583599925041199,0.934440016746521,1.7922300100326538,1.6035799980163574,1.934630036354065,143.8000030517578,0.7282999753952026,0.7927200198173523,1.5202000141143799,1.3605400323867798,1.6413899660110474,0.005044000223278999,0.005512000061571598,0.010556000284850597,0.009457999840378761,0.01140500046312809,1.088539958000183,2.087739944458008,1.8680700063705444,2.253700017929077,1.9176100492477417,1.7158399820327759,2.069969892501831,0.8947070240974426,1.0793999433517456,1.2062699794769287
2025-07-02,1.180553913116455,169.2949981689453,0.858780026435852,0.9334099888801575,1.7939900159835815,1.6103399991989136,1.9348299503326416,143.40199279785156,0.7274199724197388,0.790690004825592,1.5190399885177612,1.3644299507141113,1.6391299962997437,0.005053000058978796,0.005512000061571598,0.010576999746263027,0.00950899999588728,0.01142099965363741,1.0867899656295776,2.0886900424957275,1.875440001487732,2.253109931945801,1.9215619564056396,1.7253400087356567,2.072700023651123,0.8974180221557617,1.0785200595855713,1.2011899948120117
2025-07-03,1.18002450466156,169.36199951171875,0.8644300103187561,0.9341800212860107,1.7925100326538086,1.6033600568771362,1.9379600286483765,143.5260009765625,0.7325999736785889,0.7914999723434448,1.5190869569778442,1.3587100505828857,1.642199993133545,0.005084000062197447,0.0055160000920295715,0.010563000105321407,0.009461999870836735,0.011432000435888767,1.0805200338363647,2.073460102081299,1.8545600175857544,2.241499900817871,1.918539047241211,1.7160500288009644,2.074009895324707,0.8943300247192383,1.0811200141906738,1.2084399461746216
2025-07-04,1.1771491765975952,170.30299377441406,0.8611800074577332,0.9347299933433533,1.7894500494003296,1.5975899696350098,1.9358700513839722,144.6820068359375,0.7316200137138367,0.7940999865531921,1.520380973815918,1.357300043106079,1.6447099447250366,0.005036999937146902,0.005487999878823757,0.010490000247955322,0.009379999712109566,0.011358999647200108,1.085279941558838,2.0777900218963623,1.8550200462341309,2.247770071029663,1.9142420291900635,1.7089899778366089,2.0706100463867188,0.8927710056304932,1.0818400382995605,1.2114700078964233
2025-07-07,1.178078293800354,170.218994140625,0.863099992275238,0.9355999827384949,1.7979700565338135,1.6024600267410278,1.9467400312423706,144.4980010986328,0.7325199842453003,0.7940400242805481,1.5262999534606934,1.3603299856185913,1.6525599956512451,0.0050490000285208225,0.005495000164955854,0.010544000193476677,0.009410000406205654,0.011427000164985657,1.083940029144287,2.0835299491882324,1.856969952583313,2.2553999423980713,1.9217599630355835,1.7127900123596191,2.080709934234619,0.8911700248718262,1.0826599597930908,1.214669942855835
2025-07-08,1.1736538410186768,171.21499633789062,0.8614299893379211,0.9355199933052063,1.8037899732589722,1.6037100553512573,1.9534300565719604,145.89199829101562,0.7340199947357178,0.7971600294113159,1.537019968032837,1.366529941558838,1.6644999980926514,0.005011000204831362,0.005464000161737204,0.010511999949812889,0.009364999830722809,0.011397000402212143,1.0858800411224365,2.0938000679016113,1.8615200519561768,2.267430067062378,1.927785038948059,1.7139500379562378,2.087599992752075,0.8884999752044678,1.082859992980957,1.2178800106048584
2025-07-09,1.1724566221237183,172.16099548339844,0.8629000186920166,0.9330700039863586,1.7968699932098389,1.602429986000061,1.955199956893921,146.8489990234375,0.7360900044441223,0.7958700060844421,1.5326800346374512,1.3668400049209595,1.6684499979019165,0.004993000067770481,0.005419999826699495,0.010417000390589237,0.009302999824285507,0.011350000277161598,1.081130027770996,2.082050085067749,1.8562999963760376,2.265399932861328,1.9254839420318604,1.7171399593353271,2.095989942550659,0.8917099833488464,1.0885100364685059,1.2204899787902832
2025-07-10,1.17311692237854,171.4010009765625,0.8629900217056274,0.9301699995994568,1.7947900295257568,1.6053099632263184,1.9556599855422974,146.11399841308594,0.7356699705123901,0.792930006980896,1.5300099849700928,1.368399977684021,1.6671099662780762,0.005014999769628048,0.0054270001128315926,0.010451000183820724,0.009360999800264835,0.011397999711334705,1.07778000831604,2.0796399116516113,1.8602499961853027,2.2660200595855713,1.929260015487671,1.7257299423217773,2.1020801067352295,0.8944550156593323,1.0895719528198242,1.2179700136184692
2025-07-11,1.1702749729156494,171.16700744628906,0.8616499900817871,0.9322400093078613,1.774459958076477,1.5978800058364868,1.9366899728775024,146.28799438476562,0.7364000082015991,0.796720027923584,1.5165300369262695,1.365630030632019,1.6551599502563477,0.005014999769628048,0.005446000024676323,0.010347999632358551,0.009331000037491322,0.011304999701678753,1.0818099975585938,2.0592200756073,1.8543000221252441,2.247459888458252,1.9031670093536377,1.7137900590896606,2.077080011367798,0.8999999761581421,1.0913200378417969,1.2118799686431885
2025-07-14,1.1682106256484985,172.05999755859375,0.8657000064849854,0.9307699799537659,1.7761600017547607,1.598680019378662,1.9446699619293213,147.2949981689453,0.7410799860954285,0.7967900037765503,1.5202000141143799,1.368399977684021,1.6647499799728394,0.0050119999796152115,0.005408999975770712,0.010323000140488148,0.009290999732911587,0.01129200030118227,1.0751099586486816,2.051500082015991,1.8466049432754517,2.2451999187469482,1.9080100059509277,1.7174129486083984,2.0889298915863037,0.8999599814414978,1.0947599411010742,1.216230034828186
2025-07-15,1.1666297912597656,172.41000366210938,0.8687599897384644,0.9308000206947327,1.7824699878692627,1.5987499952316284,1.9527000188827515,147.79200744628906,0.7447100281715393,0.7978699803352356,1.5279500484466553,1.3704700469970703,1.6745100021362305,0.005018999800086021,0.0053980001248419285,0.010338000021874905,0.009273000061511993,0.01131999958306551,1.0713399648666382,2.0516700744628906,1.840170979499817,2.248460054397583,1.9127769470214844,1.7173199653625488,2.0982298851013184,0.8968200087547302,1.0958199501037598,1.221690058708191
2025-07-16,1.1607391834259033,172.66200256347656,0.8666099905967712,0.9302099943161011,1.780460000038147,1.592039942741394,1.9494199752807617,148.76100158691406,0.7466400265693665,0.8014199733734131,1.5339800119400024,1.3716399669647217,1.679460048675537,0.004999999888241291,0.005386999808251858,0.010311000049114227,0.009217999875545502,0.011291000060737133,1.0733100175857544,2.0543930530548096,1.8370200395584106,2.249300003051758,1.9138200283050537,1.7112900018692017,2.095400094985962,0.8941220045089722,1.0947879552841187,1.224269986152649
2025-07-17,1.1635754108428955,172.2050018310547,0.8676000237464905,0.93190997838974,1.7834299802780151,1.5927400588989258,1.9569100141525269,148.0030059814453,0.7456510066986084,0.8009200096130371,1.532567024230957,1.3689299821853638,1.6818300485610962,0.005018000025302172,0.005410999990999699,0.010336999781429768,0.009244999848306179,0.011362999677658081,1.0740400552749634,2.055540084838867,1.8357499837875366,2.2553699016571045,1.9135090112686157,1.7088500261306763,2.0994300842285156,0.8929700255393982,1.0961999893188477,1.2284300327301025
2025-07-18,1.161548137664795,172.41299438476562,0.8647000193595886,0.9325500130653381,1.787410020828247,1.595420002937317,1.9539899826049805,148.44200134277344,0.7444599866867065,0.8028799891471863,1.53889000415802,1.3735899925231934,1.6822799444198608,0.0049959998577833176,0.005408999975770712,0.010347000323235989,0.009248999878764153,0.01132499985396862,1.0784000158309937,2.0669798851013184,1.8449699878692627,2.2595999240875244,1.9164060354232788,1.7105599641799927,2.094949960708618,0.8924999833106995,1.0931099653244019,1.2245500087738037
2025-07-21,1.1630746126174927,172.6280059814453,0.8668799996376038,0.9317899942398071,1.785889983177185,1.59607994556427,1.9537299871444702,148.43099975585938,0.7453799843788147,0.8011800050735474,1.535599946975708,1.3724000453948975,1.6798800230026245,0.005001999903470278,0.0053969998843967915,0.010324999690055847,0.009242000058293343,0.011308999732136726,1.0747599601745605,2.059969902038574,1.841040015220642,2.2535400390625,1.9163800477981567,1.712689995765686,2.096369981765747,0.8936600089073181,1.0931999683380127,1.2238800525665283
2025-07-22,1.1694538593292236,172.3820037841797,0.8669099807739258,0.9333199858665466,1.7908999919891357,1.5992599725723267,1.9589699506759644,147.40899658203125,0.741320013999939,0.798084020614624,1.5318399667739868,1.3675800561904907,1.6751500368118286,0.005009000189602375,0.005413999781012535,0.010370999574661255,0.00927400030195713,0.011354000307619572,1.0765199661254883,2.065999984741211,1.8446600437164307,2.259550094604492,1.919090986251831,1.7132999897003174,2.0985300540924072,0.8926600217819214,1.0934720039367676,1.224769949913025
2025-07-23,1.1739156246185303,172.30499267578125,0.8681399822235107,0.9316200017929077,1.7908600568771362,1.596940040588379,1.9564199447631836,146.78500366210938,0.7395600080490112,0.7936300039291382,1.5256199836730957,1.3604300022125244,1.666640043258667,0.005016999784857035,0.0054060001857578754,0.010370999574661255,0.00926200021058321,0.011345000006258488,1.0730700492858887,2.062809944152832,1.8394299745559692,2.253469944000244,1.9201229810714722,1.7138700485229492,2.0995700359344482,0.8916130065917969,1.0923629999160767,1.2249599695205688
2025-07-24,1.1774264574050903,172.30299377441406,0.8669899702072144,0.9326000213623047,1.7832000255584717,1.6013599634170532,1.9467500448226929,146.3489990234375,0.7364000082015991,0.7920470237731934,1.514233946800232,1.3601499795913696,1.6534899473190308,0.0050119999796152115,0.005412000231444836,0.010327000170946121,0.009289000183343887,0.011289999820291996,1.0755800008773804,2.0569798946380615,1.8469599485397339,2.2452900409698486,1.9098550081253052,1.7168500423431396,2.08705997467041,0.8978300094604492,1.0915000438690186,1.2154799699783325
2025-07-25,1.1756131649017334,172.80799865722656,0.870199978351593,0.9344099760055542,1.7822799682617188,1.6030000448226929,1.9471999406814575,147.0050048828125,0.7401900291442871,0.7948700189590454,1.5157999992370605,1.3640600442886353,1.6564199924468994,0.005014999769628048,0.005406999960541725,0.010293999686837196,0.009274999611079693,0.01126100029796362,1.0737799406051636,2.0481700897216797,1.842710018157959,2.2376699447631836,1.907086968421936,1.715809941291809,2.0834999084472656,0.899370014667511,1.092460036277771,1.2141400575637817
2025-07-28,1.1756821870803833,173.76699829101562,0.8748000264167786,0.9350200295448303,1.789039969444275,1.6105999946594238,1.9530400037765503,147.81300354003906,0.7440000176429749,0.7953699827194214,1.5213799476623535,1.37021005153656,1.6613199710845947,0.005013999994844198,0.005379999987781048,0.010274999774992466,0.009266000241041183,0.01123099960386753,1.0687600374221802,2.0448999404907227,1.8412400484085083,2.232100009918213,1.9131430387496948,1.722499966621399,2.0884299278259277,0.9002400040626526,1.0908000469207764,1.2123500108718872
2025-07-29,1.1596757173538208,172.17599487304688,0.8679500222206116,0.9314699769020081,1.778059959411621,1.5926300287246704,1.9418200254440308,148.47900390625,0.7484899759292603,0.8030999898910522,1.5327999591827393,1.3734300136566162,1.6745100021362305,0.005020999815315008,0.005410000216215849,0.010307000018656254,0.009248999878764153,0.01126800011843443,1.073099970817566,2.048460006713867,1.8348300457000732,2.2369799613952637,1.9085429906845093,1.7095099687576294,2.0841801166534424,0.8955699801445007,1.092020034790039,1.2190500497817993
2025-07-30,1.1550945043563843,171.4510040283203,0.8649299740791321,0.9303699731826782,1.773319959640503,1.590880036354065,1.9397300481796265,148.44200134277344,0.7488600015640259,0.8054699897766113,1.5353399515151978,1.3773900270462036,1.6793700456619263,0.005024999845772982,0.0054259998723864555,0.010324000380933285,0.009274999611079693,0.011301999911665916,1.0755599737167358,2.0501201152801514,1.8391900062561035,2.241499900817871,1.9058899879455566,1.7097100019454956,2.08447003364563,0.8970320224761963,1.0936800241470337,1.2191100120544434
2025-07-31,1.1429355144500732,170.5399932861328,0.8620200157165527,0.929390013217926,1.772629976272583,1.579949975013733,1.9344899654388428,149.2259979248047,0.7542799711227417,0.8132100105285645,1.5510799884796143,1.3825199604034424,1.692710041999817,0.005034999921917915,0.005448999814689159,0.010373000055551529,0.009263000451028347,0.011334000155329704,1.0780400037765503,2.056220054626465,1.8327200412750244,2.243959903717041,1.9069050550460815,1.6996500492095947,2.08092999458313,0.8911899924278259,1.0911699533462524,1.2242000102996826
2025-08-01,1.142374038696289,172.22300720214844,0.8647400140762329,0.9296600222587585,1.776710033416748,1.582859992980957,1.9398000240325928,150.77200317382812,0.7570099830627441,0.8138999938964844,1.5554300546646118,1.385699987411499,1.6981699466705322,0.005001999903470278,0.0053980001248419285,0.010297000408172607,0.009186999872326851,0.011253999546170235,1.0749800205230713,2.054490089416504,1.8303099870681763,2.2430500984191895,1.9108500480651855,1.7023500204086304,2.0861499309539795,0.890841007232666,1.0917199850082397,1.225350022315979
2025-08-04,1.158668041229248,170.7050018310547,0.8717600107192993,0.9315400123596191,1.7909200191497803,1.5962899923324585,1.9589699506759644,147.34300231933594,0.7524499893188477,0.8040099740028381,1.5458099842071533,1.3778300285339355,1.690850019454956,0.00508800009265542,0.005456000100821257,0.010472999885678291,0.009347000159323215,0.011475999839603901,1.0684599876403809,2.0541601181030273,1.8308900594711304,2.2470099925994873,1.9222639799118042,1.7132600545883179,2.1026699542999268,0.891219973564148,1.093809962272644,1.22707998752594
2025-08-05,1.1584129333496094,170.03500366210938,0.8710899949073792,0.9348899722099304,1.7890199422836304,1.5944000482559204,1.9576499462127686,146.79299926757812,0.752020001411438,0.8070899844169617,1.544450044631958,1.3767999410629272,1.6900500059127808,0.005102999974042177,0.005497999954968691,0.010521000251173973,0.009379000402987003,0.011502999812364578,1.0731500387191772,2.053499937057495,1.830399990081787,2.247189998626709,1.913362979888916,1.7057299613952637,2.0936100482940674,0.8914620280265808,1.0941599607467651,1.2272800207138062
2025-08-06,1.1579166650772095,170.8489990234375,0.8705899715423584,0.9343100190162659,1.7887099981307983,1.594480037689209,1.9593600034713745,147.55999755859375,0.7519099712371826,0.8069199919700623,1.5448800325393677,1.3770699501037598,1.6922500133514404,0.0050760000012815,0.005468000192195177,0.010448000393807888,0.009328000247478485,0.011459000408649445,1.0730799436569214,2.054460048675537,1.8313100337982178,2.2504398822784424,1.914131999015808,1.7062599658966064,2.0966999530792236,0.891260027885437,1.0952800512313843,1.2286700010299683
2025-08-07,1.1663167476654053,171.65499877929688,0.8730400204658508,0.9400299787521362,1.7940800189971924,1.602239966392517,1.9671200513839722,147.1929931640625,0.7486199736595154,0.8060500025749207,1.538409948348999,1.37391996383667,1.686769962310791,0.005065999925136566,0.005475999787449837,0.010432000271975994,0.009332999587059021,0.011452999897301197,1.0766500234603882,2.054879903793335,1.8351600170135498,2.2530500888824463,1.908215045928955,1.7041699886322021,2.0921499729156494,0.892989993095398,1.0963599681854248,1.227560043334961
2025-08-08,1.1676650047302246,171.44900512695312,0.8679599761962891,0.9407100081443787,1.7891900539398193,1.603309988975525,1.9558000564575195,146.83700561523438,0.7434099912643433,0.8056899905204773,1.5324000120162964,1.3732500076293945,1.6750099658966064,0.005042999982833862,0.0054870001040399075,0.010417000390589237,0.009348000399768353,0.011398999951779842,1.0836999416351318,2.0612099170684814,1.8471200466156006,2.253040075302124,1.901710033416748,1.7041599750518799,2.078700065612793,0.8961039781570435,1.093013048171997,1.2196300029754639
2025-08-11,1.1647952795028687,171.99099731445312,0.8663399815559387,0.940530002117157,1.7870399951934814,1.601830005645752,1.9578100442886353,147.66400146484375,0.7437999844551086,0.8074700236320496,1.5342799425125122,1.3752700090408325,1.6808700561523438,0.005016999784857035,0.005468000192195177,0.010370000265538692,0.009309000335633755,0.011381999589502811,1.0855300426483154,2.062609910964966,1.8488399982452393,2.259700059890747,1.8996399641036987,1.7027599811553955,2.081049919128418,0.8962900042533875,1.0954999923706055,1.2220900058746338
2025-08-12,1.1618449687957764,172.07899475097656,0.8646000027656555,0.9432200193405151,1.7832499742507935,1.6000699996948242,1.9555699825286865,148.125,0.7443100214004517,0.8118000030517578,1.5350600481033325,1.377369999885559,1.683359980583191,0.0050050001591444016,0.005481000058352947,0.010342000052332878,0.00929499976336956,0.011353000067174435,1.0907599925994873,2.0622599124908447,1.850409984588623,2.261509895324707,1.8902159929275513,1.6960300207138062,2.072740077972412,0.8972100019454956,1.096560001373291,1.222040057182312
2025-08-13,1.1677058935165405,172.5330047607422,0.8646799921989441,0.94132000207901,1.7881699800491333,1.6078300476074219,1.9599299430847168,147.75799560546875,0.7405099868774414,0.8061400055885315,1.531440019607544,1.376960039138794,1.6784700155258179,0.004991000052541494,0.005456000100821257,0.010343999601900578,0.009314999915659428,0.011347999796271324,1.0885000228881836,2.0678799152374268,1.8593300580978394,2.266479969024658,1.8993799686431885,1.7078200578689575,2.0817201137542725,0.8990650177001953,1.0959500074386597,1.2188400030136108
2025-08-14,1.171289324760437,172.31399536132812,0.8621399998664856,0.9423999786376953,1.7876700162887573,1.610700011253357,1.9583200216293335,147.1199951171875,0.7360900044441223,0.8047199845314026,1.526319980621338,1.3752100467681885,1.6719599962234497,0.004982999991625547,0.005468999966979027,0.010354000143706799,0.009343000128865242,0.011355999857187271,1.0931700468063354,2.073430061340332,1.8681700229644775,2.2713100910186768,1.8963700532913208,1.7086399793624878,2.0772600173950195,0.9010059833526611,1.0953799486160278,1.215649962425232
2025-08-15,1.1651345491409302,172.06985473632812,0.8610299825668335,0.9409000277519226,1.793030023574829,1.6092599630355835,1.9676200151443481,147.6909942626953,0.7390599846839905,0.8075199723243713,1.5390499830245972,1.381309986114502,1.6888799667358398,0.004984000232070684,0.00546699995175004,0.010401999577879906,0.009352999739348888,0.011428999714553356,1.0925500392913818,2.082289934158325,1.868880033493042,2.285020112991333,1.90556001663208,1.710260033607483,2.0910000801086426,0.8974400162696838,1.097309947013855,1.2225099802017212
2025-08-18,1.1706587076187134,172.38800048828125,0.8634999990463257,0.9441699981689453,1.797629952430725,1.6171300411224365,1.9743499755859375,147.26400756835938,0.7376599907875061,0.8065999746322632,1.5354000329971313,1.381500005722046,1.6867400407791138,0.004987999796867371,0.005477000027894974,0.01040599960833788,0.00937699992209673,0.01144300028681755,1.093309998512268,2.0816400051116943,1.8726099729537964,2.286360025405884,1.9036380052566528,1.7124899625778198,2.0908100605010986,0.8992000222206116,1.0982600450515747,1.2207499742507935
2025-08-19,1.1668338775634766,172.58399963378906,0.8637499809265137,0.9420400261878967,1.7964400053024292,1.6102800369262695,1.969539999961853,147.91600036621094,0.7402899861335754,0.8074100017547607,1.539692997932434,1.380210041999817,1.6881099939346313,0.004985000006854534,0.005458000116050243,0.010386999696493149,0.009327000007033348,0.011404000222682953,1.090559959411621,2.0796899795532227,1.8642899990081787,2.2803499698638916,1.9065779447555542,1.7092100381851196,2.090480089187622,0.8963599801063538,1.0963399410247803,1.2229499816894531
2025-08-20,1.164252758026123,171.9929962158203,0.8632400035858154,0.9404100179672241,1.803670048713684,1.6141799688339233,1.9740400314331055,147.7310028076172,0.7414659857749939,0.8077700138092041,1.5492830276489258,1.3866000175476074,1.695580005645752,0.004999000113457441,0.00546699995175004,0.01046799961477518,0.009386000223457813,0.011466999538242817,1.089359998703003,2.089319944381714,1.8696999549865723,2.2868099212646484,1.9160759449005127,1.7163300514221191,2.0987000465393066,0.8948900103569031,1.094349980354309,1.2227100133895874
2025-08-21,1.165175199508667,171.6490020751953,0.8652799725532532,0.9368399977684021,1.8102600574493408,1.6163100004196167,1.9990899562835693,147.3179931640625,0.7425900101661682,0.8041399717330933,1.5537359714508057,1.387279987335205,1.7158000469207764,0.0050200000405311584,0.005458000116050243,0.01052900031208992,0.009411999955773354,0.011637000367045403,1.082610011100769,2.092010021209717,1.868090033531189,2.3104801177978516,1.9318820238113403,1.7249699831008911,2.133349895477295,0.8927900195121765,1.1042100191116333,1.2366600036621094
2025-08-22,1.16130530834198,172.31500244140625,0.8654000163078308,0.9390400052070618,1.8072099685668945,1.614169955253601,1.9943900108337402,148.38600158691406,0.7451900243759155,0.8086699843406677,1.5563000440597534,1.3900400400161743,1.7175300121307373,0.005001999903470278,0.005448999814689159,0.01046799961477518,0.00936300028115511,0.011567999608814716,1.0849900245666504,2.088099956512451,1.8651399612426758,2.3045899868011475,1.924280047416687,1.7187000513076782,2.1235599517822266,0.8930799961090088,1.1035300493240356,1.2354700565338135
2025-08-25,1.1709601879119873,172.3719940185547,0.866599977016449,0.9393699765205383,1.8054399490356445,1.6191799640655518,1.996269941329956,147.21499633789062,0.7401300072669983,0.8022599816322327,1.5420440435409546,1.3828799724578857,1.7049100399017334,0.005007000174373388,0.005448999814689159,0.010452999733388424,0.00938700046390295,0.01157199963927269,1.0838600397109985,2.083240032196045,1.868299961090088,2.303410053253174,1.9216359853744507,1.7233799695968628,2.1246299743652344,0.8966900110244751,1.1054949760437012,1.232740044593811
2025-08-26,1.1618449687957764,171.6790008544922,0.8632699847221375,0.9363600015640259,1.7919000387191772,1.609470009803772,1.985610008239746,147.82200622558594,0.7433000206947327,0.8061699867248535,1.5429480075836182,1.3859299421310425,1.7096400260925293,0.005007999949157238,0.00545400008559227,0.010414999909698963,0.009374000132083893,0.011556999757885933,1.0845799446105957,2.0754899978637695,1.8643900156021118,2.2999401092529297,1.9134000539779663,1.7187000513076782,2.12007999420166,0.8981879949569702,1.1080299615859985,1.233430027961731
2025-08-27,1.1639411449432373,171.6179962158203,0.8634999990463257,0.93545001745224,1.7917100191116333,1.6098699569702148,1.986549973487854,147.46200561523438,0.7419099807739258,0.8037599921226501,1.5394560098648071,1.3833400011062622,1.7069499492645264,0.005011000204831362,0.0054410002194345,0.010418999940156937,0.009379000402987003,0.011566000059247017,1.0832600593566895,2.074769973754883,1.8643800020217896,2.3007900714874268,1.9150480031967163,1.720829963684082,2.1234099864959717,0.8984500169754028,1.1086900234222412,1.2338000535964966
2025-08-28,1.1647952795028687,171.58599853515625,0.8625100255012512,0.9335700273513794,1.7886799573898315,1.6048099994659424,1.9872100353240967,147.3159942626953,0.7405300140380859,0.8015000224113464,1.5357680320739746,1.3781399726867676,1.7061400413513184,0.005007000174373388,0.005439999978989363,0.01040400005877018,0.009351000189781189,0.011574000120162964,1.0822700262069702,2.073620080947876,1.8609100580215454,2.3038699626922607,1.9157819747924805,1.7191799879074097,2.1282799243927,0.8973100185394287,1.1108800172805786,1.2379100322723389
2025-08-29,1.1681560277938843,171.4720001220703,0.8645399808883667,0.9363099932670593,1.7880899906158447,1.6059999465942383,1.9848500490188599,146.7899932861328,0.7401300072669983,0.8015900254249573,1.530830979347229,1.3749799728393555,1.6992100477218628,0.005022000055760145,0.00546000013127923,0.010408000089228153,0.009366000071167946,0.011567000299692154,1.0829499959945679,2.0680899620056152,1.8576300144195557,2.2957398891448975,1.9094539880752563,1.715090036392212,2.1194698810577393,0.8981299996376038,1.1099580526351929,1.2356599569320679
2025-09-01,1.1691803932189941,171.95899963378906,0.8656799793243408,0.9358999729156494,1.7864500284194946,1.6060099601745605,1.9816999435424805,147.0970001220703,0.7405300140380859,0.8006399869918823,1.528210997581482,1.3738399744033813,1.6958099603652954,0.005014999769628048,0.0054419999942183495,0.010370000265538692,0.009340000338852406,0.011528999544680119,1.0810500383377075,2.063390016555786,1.8551000356674194,2.289949893951416,1.9084700345993042,1.7157399654388428,2.117769956588745,0.8989199995994568,1.1096199750900269,1.2342100143432617
2025-09-02,1.1715912818908691,172.3179931640625,0.8647000193595886,0.9373999834060669,1.7866899967193604,1.6104700565338135,1.9835599660873413,147.08399963378906,0.7381200194358826,0.8001499772071838,1.5251339673995972,1.3747400045394897,1.6931099891662598,0.004997999873012304,0.005439999978989363,0.010347000323235989,0.009343000128865242,0.011504000052809715,1.083940029144287,2.0659799575805664,1.8624099493026733,2.2937400341033936,1.9057899713516235,1.7179100513458252,2.11572003364563,0.9013299942016602,1.1100900173187256,1.2314499616622925
2025-09-03,1.163602590560913,172.81700134277344,0.8692399859428406,0.9368199706077576,1.7846499681472778,1.6034499406814575,1.984529972076416,148.54800415039062,0.747189998626709,0.8052899837493896,1.534142017364502,1.3784500360488892,1.705989956855774,0.005011000204831362,0.005419999826699495,0.01030800025910139,0.00927599985152483,0.011475999839603901,1.0776300430297852,2.0528900623321533,1.8446500301361084,2.283250093460083,1.9048340320587158,1.7115399837493896,2.118190050125122,0.8984400033950806,1.1119199991226196,1.2374900579452515
2025-09-04,1.16604483127594,172.5469970703125,0.8674600124359131,0.937250018119812,1.7815899848937988,1.6082600355148315,1.982640027999878,147.97999572753906,0.7439600229263306,0.8037999868392944,1.5280239582061768,1.3793100118637085,1.7003599405288696,0.005007000174373388,0.005431999918073416,0.010324999690055847,0.009320000186562538,0.01148299966007471,1.0803600549697876,2.053539991378784,1.8538600206375122,2.2853798866271973,1.900589942932129,1.715690016746521,2.1149799823760986,0.9026299715042114,1.1127500534057617,1.232640027999878
2025-09-05,1.1656913757324219,172.95399475097656,0.8670099973678589,0.9384700059890747,1.7871700525283813,1.6103099584579468,1.9921900033950806,148.375,0.7437999844551086,0.8051300048828125,1.5332720279693604,1.381500005722046,1.7090799808502197,0.004991999827325344,0.0054259998723864555,0.0103150000795722,0.009309999644756317,0.011509999632835388,1.0822999477386475,2.0611300468444824,1.857200026512146,2.29761004447937,1.9041450023651123,1.7157000303268433,2.122469902038574,0.9009299874305725,1.1146199703216553,1.2369999885559082
2025-09-08,1.1713168621063232,173.75599670410156,0.8680400252342224,0.9360600113868713,1.7868499755859375,1.6203800439834595,1.9882999658584595,148.343994140625,0.741129994392395,0.7991799712181091,1.525668978691101,1.3833999633789062,1.6981680393218994,0.0049760001711547375,0.005377999972552061,0.01026500016450882,0.009322999976575375,0.011439000256359577,1.078279972076416,2.058379888534546,1.8666199445724487,2.291100025177002,1.908614993095398,1.7307900190353394,2.124300003051758,0.9067299962043762,1.1129599809646606,1.2272499799728394
2025-09-09,1.1769136190414429,173.42999267578125,0.8683300018310547,0.9330099821090698,1.78357994556427,1.6232999563217163,1.979599952697754,147.36399841308594,0.7378399968147278,0.7928100228309631,1.515589952468872,1.3795000314712524,1.6820600032806396,0.004987999796867371,0.005379999987781048,0.01028400007635355,0.009358000010251999,0.011405999772250652,1.0743800401687622,2.054194927215576,1.8689759969711304,2.279639959335327,1.911424994468689,1.739084005355835,2.1213300228118896,0.9101600050926208,1.1097899675369263,1.2191599607467651
2025-09-10,1.1702749729156494,172.4810028076172,0.8654999732971191,0.9332000017166138,1.7770700454711914,1.6202800273895264,1.974560022354126,147.39199829101562,0.7395849823951721,0.7972999811172485,1.518671989440918,1.384660005569458,1.687479019165039,0.004997999873012304,0.005410000216215849,0.01028599962592125,0.009390000253915787,0.01143800001591444,1.0778000354766846,2.053189992904663,1.8720500469207764,2.2815399169921875,1.904109001159668,1.7361799478530884,2.1155800819396973,0.9116899967193604,1.1110299825668335,1.2185100317001343
2025-09-11,1.1703435182571411,172.43800354003906,0.8646600246429443,0.9346399903297424,1.7680000066757202,1.6220699548721313,1.9689300060272217,147.33200073242188,0.7388399839401245,0.7986699938774109,1.5107300281524658,1.3860499858856201,1.6824300289154053,0.004995000082999468,0.005419999826699495,0.0102530000731349,0.00940299965441227,0.0114120002835989,1.0808500051498413,2.044569969177246,1.875849962234497,2.2769999504089355,1.8913240432739258,1.7352499961853027,2.106250047683716,0.9174000024795532,1.113569974899292,1.2136800289154053
2025-09-12,1.1734747886657715,172.76300048828125,0.8642600178718567,0.933929979801178,1.7598999738693237,1.6232099533081055,1.9627399444580078,147.2239990234375,0.7365599870681763,0.7959499955177307,1.4996999502182007,1.383370041847229,1.6728559732437134,0.004982000216841698,0.0054060001857578754,0.01016900036484003,0.009394999593496323,0.011361000128090382,1.0805200338363647,2.0365400314331055,1.8780499696731567,2.2708499431610107,1.884369969367981,1.7378100156784058,2.101219892501831,0.9221199750900269,1.1151260137557983,1.208940029144287
2025-09-15,1.1726491451263428,173.14500427246094,0.8651300072669983,0.9341700077056885,1.7633999586105347,1.6226799488067627,1.9696099758148193,147.66600036621094,0.737820029258728,0.7967000007629395,1.5039860010147095,1.3839000463485718,1.679710030555725,0.004976999945938587,0.005394999869167805,0.010162999853491783,0.009367000311613083,0.011366999708116055,1.0797300338745117,2.038209915161133,1.875,2.276479959487915,1.88742995262146,1.7368099689483643,2.107990026473999,0.9200599789619446,1.1167700290679932,1.2136000394821167
2025-09-16,1.1763737201690674,173.39599609375,0.8647599816322327,0.934719979763031,1.762760043144226,1.6202800273895264,1.9707599878311157,147.40499877929688,0.7351499795913696,0.7946599721908569,1.498576045036316,1.3774000406265259,1.6752899885177612,0.0049669998697936535,0.0053900000639259815,0.01016599964350462,0.009339000098407269,0.011357000097632408,1.0808299779891968,2.038170099258423,1.8735500574111938,2.2788100242614746,1.885475993156433,1.7331500053405762,2.1079599857330322,0.9190999865531921,1.1179200410842896,1.2161500453948975
2025-09-17,1.1871408224105835,173.8000030517578,0.86940997838974,0.932919979095459,1.7746299505233765,1.6308799982070923,1.9811999797821045,146.41299438476562,0.7323899865150452,0.7859100103378296,1.4949920177459717,1.3738800287246704,1.6696159839630127,0.004982000216841698,0.005367000121623278,0.01018999982625246,0.009379000402987003,0.011394999921321869,1.072950005531311,2.041100025177002,1.875730037689209,2.279360055923462,1.9020090103149414,1.747920036315918,2.123960018157959,0.9189000129699707,1.1166599988937378,1.2150599956512451
2025-09-18,1.1826341152191162,173.70799255371094,0.8676199913024902,0.9322199821472168,1.777519941329956,1.6280499696731567,1.9919999837875366,146.89100646972656,0.7336900234222412,0.7883399724960327,1.503193974494934,1.3769899606704712,1.6851500272750854,0.0049749999307096004,0.005367000121623278,0.010232999920845032,0.00937000010162592,0.011460999958217144,1.0744099617004395,2.048569917678833,1.8767399787902832,2.295599937438965,1.906432032585144,1.746440052986145,2.137200117111206,0.9159899950027466,1.1210299730300903,1.223639965057373
2025-09-19,1.1791062355041504,174.4320068359375,0.8696500062942505,0.934249997138977,1.7813199758529663,1.625830054283142,2.0010900497436523,147.94700622558594,0.7376800179481506,0.7925099730491638,1.5110529661178589,1.3791799545288086,1.6974200010299683,0.004966000095009804,0.005355999805033207,0.010193999856710434,0.009317999705672264,0.011464999988675117,1.0742199420928955,2.0481300354003906,1.8694900274276733,2.300909996032715,1.9063600301742554,1.7400399446487427,2.1415300369262695,0.9126499891281128,1.1224000453948975,1.2306499481201172
2025-09-22,1.1736950874328613,173.81199645996094,0.871649980545044,0.9344599843025208,1.7811700105667114,1.617609977722168,2.0058000087738037,148.09500122070312,0.742680013179779,0.7962300181388855,1.51760995388031,1.3782000541687012,1.7090200185775757,0.004995000082999468,0.005375999957323074,0.01024600025266409,0.009305000305175781,0.011528000235557556,1.0716999769210815,2.0432400703430176,1.8556599617004395,2.300950050354004,1.9057780504226685,1.7308399677276611,2.1460399627685547,0.9081950187683105,1.1260900497436523,1.2398099899291992
2025-09-23,1.1801080703735352,174.32899475097656,0.8730999827384949,0.9350500106811523,1.7877000570297241,1.6313799619674683,2.0106000900268555,147.72500610351562,0.7399200201034546,0.792389988899231,1.514693021774292,1.3824900388717651,1.7039259672164917,0.004989000037312508,0.005363000091165304,0.010235000401735306,0.009352999739348888,0.011524000205099583,1.0707000494003296,2.0472500324249268,1.868280053138733,2.3025100231170654,1.9115999937057495,1.7444299459457397,2.1498498916625977,0.9125300049781799,1.1246600151062012,1.2322399616241455
2025-09-24,1.1814465522766113,174.3820037841797,0.8735899925231934,0.9349700212478638,1.7904900312423706,1.6347899436950684,2.0170600414276123,147.61300659179688,0.7394000291824341,0.7914299964904785,1.5156569480895996,1.3839099407196045,1.707360029220581,0.004989999812096357,0.0053610000759363174,0.010266999714076519,0.00937500037252903,0.01155799999833107,1.0701600313186646,2.049420118331909,1.8713639974594116,2.3088700771331787,1.9147180318832397,1.7483899593353271,2.157010078430176,0.9130100011825562,1.1264499425888062,1.2335699796676636
2025-09-25,1.1744670867919922,174.6959991455078,0.8730000257492065,0.9332600235939026,1.782920002937317,1.631909966468811,2.018899917602539,148.75100708007812,0.7433620095252991,0.7946599721908569,1.5181599855422974,1.3896000385284424,1.7192169427871704,0.004976999945938587,0.005342000164091587,0.010187000036239624,0.009336999617516994,0.011547000147402287,1.068969964981079,2.0422298908233643,1.8687000274658203,2.3124799728393555,1.910146951675415,1.7483400106430054,2.1628100872039795,0.9151999950408936,1.1322400569915771,1.2369600534439087
2025-09-26,1.166275978088379,174.7729949951172,0.8744500279426575,0.9330300092697144,1.7839299440383911,1.625830054283142,2.023469924926758,149.86099243164062,0.7498199939727783,0.8000400066375732,1.5296800136566162,1.3940999507904053,1.7351499795913696,0.004984000232070684,0.005338000133633614,0.010207000188529491,0.009297999553382397,0.01157000008970499,1.0669000148773193,2.039949893951416,1.8590400218963623,2.3138999938964844,1.9117170572280884,1.7422699928283691,2.1683599948883057,0.9112570285797119,1.1341500282287598,1.244480013847351
2025-09-29,1.170823097229004,174.8820037841797,0.8729900121688843,0.933489978313446,1.786460041999817,1.6314500570297241,2.025789976119995,149.40499877929688,0.7458099722862244,0.7974799871444702,1.52578604221344,1.39382004737854,1.7306400537490845,0.004972000140696764,0.0053369998931884766,0.010195000097155571,0.009328000247478485,0.011575000360608101,1.069200038909912,2.0461599826812744,1.868690013885498,2.320349931716919,1.9134730100631714,1.7474499940872192,2.169719934463501,0.9131399989128113,1.1338800191879272,1.241529941558838
2025-09-30,1.1731443405151367,174.3179931640625,0.8730999827384949,0.9353700280189514,1.7830899953842163,1.6324100494384766,2.0291099548339844,148.59500122070312,0.7441999912261963,0.7972000241279602,1.5192999839782715,1.3916200399398804,1.7296500205993652,0.004987999796867371,0.005365999881178141,0.010208000428974628,0.009359999559819698,0.011633000336587429,1.0713000297546387,2.042249917984009,1.8697400093078613,2.3239500522613525,1.9060330390930176,1.7450499534606934,2.168869972229004,0.9154700040817261,1.1378799676895142,1.2427899837493896
2025-10-01,1.1735849380493164,173.67300415039062,0.8729400038719177,0.9345399737358093,1.775089979171753,1.6338399648666382,2.024739980697632,147.9969940185547,0.7438600063323975,0.7961999773979187,1.512699007987976,1.3923499584197998,1.7253299951553345,0.005005999933928251,0.005381000228226185,0.010200000368058681,0.009403999894857407,0.011649000458419323,1.0705100297927856,2.0333399772644043,1.8717000484466553,2.3193600177764893,1.8992270231246948,1.7481499910354614,2.1661698818206787,0.9203799962997437,1.140529990196228,1.2390300035476685
2025-10-02,1.1734058856964111,172.57699584960938,0.8704100251197815,0.9350200295448303,1.7736300230026245,1.6355400085449219,2.014899969100952,147.08299255371094,0.7418299913406372,0.7969099879264832,1.5116020441055298,1.3939499855041504,1.7176799774169922,0.005024000070989132,0.005417999811470509,0.010255999863147736,0.009472999721765518,0.011668000370264053,1.0741100311279297,2.037400007247925,1.8789199590682983,2.3152999877929688,1.8967050313949585,1.748960018157959,2.1550700664520264,0.9218599796295166,1.1362199783325195,1.2321300506591797
2025-10-03,1.1725116968154907,172.5290069580078,0.8719300031661987,0.934499979019165,1.7770700454711914,1.6363999843597412,2.0137999057769775,147.14999389648438,0.7436800003051758,0.7970200181007385,1.515589952468872,1.396090030670166,1.7183599472045898,0.005032999906688929,0.005415999796241522,0.010281000286340714,0.009483999572694302,0.011672000400722027,1.071679949760437,2.0378201007843018,1.877150058746338,2.310539960861206,1.9012500047683716,1.751289963722229,2.155550003051758,0.9210439920425415,1.1336970329284668,1.230774998664856
2025-10-06,1.171248197555542,175.21200561523438,0.8717799782752991,0.9336400032043457,1.77606999874115,1.635390043258667,2.01065993309021,149.6060028076172,0.7443900108337402,0.7971900105476379,1.5167369842529297,1.3964999914169312,1.7168300151824951,0.004954999778419733,0.005326999817043543,0.010116999968886375,0.009329999797046185,0.011473000049591064,1.0707800388336182,2.037209987640381,1.8758100271224976,2.306119918823242,1.902269959449768,1.7515100240707397,2.1532299518585205,0.9206299781799316,1.1318600177764893,1.2292499542236328
2025-10-07,1.171028733253479,176.03599548339844,0.8683599829673767,0.930840015411377,1.7697299718856812,1.632889986038208,2.004610061645508,150.33099365234375,0.741569995880127,0.7949100136756897,1.5113730430603027,1.3946000337600708,1.7120360136032104,0.004912999924272299,0.005286999978125095,0.010030999779701233,0.009273000061511993,0.011377999559044838,1.0718499422073364,2.0378799438476562,1.8804600238800049,2.307499885559082,1.9009599685668945,1.754140019416809,2.1531600952148438,0.9226800203323364,1.1326099634170532,1.2273900508880615
2025-10-08,1.1654603481292725,177.19700622558594,0.8683000206947327,0.930649995803833,1.770900011062622,1.6259700059890747,2.010040044784546,152.05099487304688,0.7451000213623047,0.7985900044441223,1.5196399688720703,1.3952800035476685,1.7248200178146362,0.004879999905824661,0.005251999944448471,0.009974000044167042,0.009173000231385231,0.011335999704897404,1.0717099905014038,2.0393800735473633,1.8724700212478638,2.314729928970337,1.9026240110397339,1.746899962425232,2.1594300270080566,0.9180499911308289,1.1349200010299683,1.2360399961471558
2025-10-09,1.1631964445114136,177.5540008544922,0.8677899837493896,0.9320700168609619,1.7661000490188599,1.6228200197219849,2.010809898376465,152.67999267578125,0.7461900115013123,0.8015000224113464,1.5187180042266846,1.3954600095748901,1.7290600538253784,0.004867000039666891,0.005249000154435635,0.00992400012910366,0.00913500040769577,0.011316999793052673,1.0740100145339966,2.035059928894043,1.8700000047683716,2.316499948501587,1.8944900035858154,1.7407900094985962,2.1568799018859863,0.918828010559082,1.1384899616241455,1.2389400005340576
2025-10-10,1.156644344329834,176.93600463867188,0.8693299889564514,0.9323899745941162,1.762719988822937,1.621399998664856,2.0105199813842773,152.96499633789062,0.7516000270843506,0.8061699867248535,1.524090051651001,1.4018800258636475,1.7382500171661377,0.004894999787211418,0.005270000081509352,0.009945999830961227,0.00916100014001131,0.011354999616742134,1.0724600553512573,2.027590036392212,1.8650000095367432,2.3125500679016113,1.89028799533844,1.7386800050735474,2.155829906463623,0.9197099804878235,1.1404399871826172,1.239840030670166
2025-10-13,1.160240888595581,176.41400146484375,0.8699600100517273,0.9308099746704102,1.7852799892425537,1.6239800453186035,2.025629997253418,152.05599975585938,0.7498400211334229,0.8023200035095215,1.5388400554656982,1.3998500108718872,1.7461800575256348,0.004912000149488449,0.005276000127196312,0.010099000297486782,0.009201000444591045,0.01148299966007471,1.069890022277832,2.051990032196045,1.8665900230407715,2.328540086746216,1.917693018913269,1.7444299459457397,2.176029920578003,0.9095600247383118,1.1346399784088135,1.2472599744796753
2025-10-14,1.1566845178604126,176.31100463867188,0.8675000071525574,0.930180013179779,1.7761499881744385,1.623669981956482,2.0229599475860596,152.4340057373047,0.7500399947166443,0.8042899966239929,1.535720944404602,1.4039000272750854,1.749019980430603,0.004900999832898378,0.005274999886751175,0.01005600020289421,0.009208999574184418,0.011474000290036201,1.0722299814224243,2.047369956970215,1.8717199563980103,2.3319900035858154,1.9091999530792236,1.745419979095459,2.174420118331909,0.914080023765564,1.1388399600982666,1.2457499504089355
2025-10-15,1.1602274179458618,176.04200744628906,0.8709400296211243,0.92985999584198,1.7872300148010254,1.6294200420379639,2.030630111694336,151.7310028076172,0.7506600022315979,0.8015300035476685,1.5405230522155762,1.4045000076293945,1.7497810125350952,0.004927000030875206,0.005280999932438135,0.010129000060260296,0.009251000359654427,0.01152500044554472,1.0676100254058838,2.0519299507141113,1.8706599473953247,2.331660032272339,1.921673059463501,1.7520699501037598,2.1833999156951904,0.911620020866394,1.136199951171875,1.246109962463379
2025-10-16,1.1646324396133423,175.81900024414062,0.8687899708747864,0.9276300072669983,1.789520025253296,1.635509967803955,2.0372300148010254,150.9739990234375,0.7460200190544128,0.7965499758720398,1.5365699529647827,1.4046000242233276,1.7494399547576904,0.004920999985188246,0.005274999886751175,0.01015899982303381,0.00930199958384037,0.011579999700188637,1.0676300525665283,2.0595901012420654,1.8823699951171875,2.3450798988342285,1.9288640022277832,1.763159990310669,2.195970058441162,0.9140130281448364,1.1384390592575073,1.2453900575637817
2025-10-17,1.1699601411819458,175.6300048828125,0.8701199889183044,0.9263499975204468,1.804669976234436,1.6431599855422974,2.042840003967285,150.1199951171875,0.7437400221824646,0.7918300032615662,1.5426390171051025,1.4046000242233276,1.746109962463379,0.004933000076562166,0.005274000111967325,0.010254000313580036,0.009351000189781189,0.011630999855697155,1.064579963684082,2.0740299224853516,1.8883700370788574,2.34768009185791,1.9479130506515503,1.773550033569336,2.2047500610351562,0.9103999733924866,1.1318800449371338,1.243109941482544
2025-10-20,1.165745735168457,175.9040069580078,0.8682500123977661,0.9250100255012512,1.7928500175476074,1.6338000297546387,2.0337600708007812,150.89999389648438,0.7448300123214722,0.7935900092124939,1.5380589962005615,1.4015899896621704,1.7446500062942505,0.004916000179946423,0.005259000230580568,0.01017099991440773,0.00928299967199564,0.01155299972742796,1.065369963645935,2.0646800994873047,1.8816100358963013,2.3422598838806152,1.937796950340271,1.7658799886703491,2.1980700492858887,0.9111999869346619,1.1334999799728394,1.2446500062942505
2025-10-21,1.164442539215088,175.55599975585938,0.8686100244522095,0.9226899743080139,1.7868800163269043,1.6339499950408936,2.02620005607605,150.7740020751953,0.7459800243377686,0.7924000024795532,1.5346100330352783,1.4033000469207764,1.7408000230789185,0.004927999805659056,0.005255000200122595,0.010157999582588673,0.009304000064730644,0.011544999666512012,1.0621800422668457,2.057039976119995,1.8806999921798706,2.333509922027588,1.9363329410552979,1.7705999612808228,2.1963999271392822,0.9144840240478516,1.1342899799346924,1.2404099702835083
2025-10-22,1.160038948059082,176.19500732421875,0.867900013923645,0.9241300225257874,1.7867799997329712,1.6262400150299072,2.0199999809265137,151.89300537109375,0.7482100129127502,0.7967000007629395,1.5403800010681152,1.4019900560379028,1.7413699626922607,0.004906000103801489,0.005243999883532524,0.010122000239789486,0.009224999696016312,0.011455000378191471,1.0646899938583374,2.0585999488830566,1.8736200332641602,2.3272299766540527,1.9332259893417358,1.7594900131225586,2.185349941253662,0.9101150035858154,1.1304399967193604,1.2419500350952148
2025-10-23,1.1608469486236572,176.39100646972656,0.8693900108337402,0.9240599870681763,1.7890700101852417,1.6235300302505493,2.0234100818634033,151.95399475097656,0.748960018157959,0.7960900068283081,1.5408320426940918,1.3988800048828125,1.7431000471115112,0.004908000119030476,0.005239000078290701,0.010122000239789486,0.009204999543726444,0.011458000168204308,1.0628199577331543,2.0576601028442383,1.867609977722168,2.3272199630737305,1.9357709884643555,1.7569199800491333,2.1892099380493164,0.9075199961662292,1.1309200525283813,1.2459499835968018
2025-10-24,1.1618045568466187,177.29100036621094,0.8716700077056885,0.9236500263214111,1.7831300497055054,1.6248600482940674,2.018549919128418,152.6020050048828,0.7503299713134766,0.7950800061225891,1.5349669456481934,1.3986599445343018,1.7375600337982178,0.004896999802440405,0.005210000090301037,0.01003700029104948,0.00916100014001131,0.011377999559044838,1.059540033340454,2.0454599857330322,1.8639400005340576,2.315540075302124,1.9286400079727173,1.7589199542999268,2.1849899291992188,0.9111400246620178,1.1318999528884888,1.2421200275421143
2025-10-27,1.1631693840026855,178.0279998779297,0.8730300068855286,0.9258800148963928,1.780060052871704,1.6274900436401367,2.01921010017395,153.06100463867188,0.7506160140037537,0.7960500121116638,1.530460000038147,1.399340033531189,1.7360509634017944,0.004896999802440405,0.005200000014156103,0.009998000226914883,0.009140999987721443,0.011340999975800514,1.060420036315918,2.0387399196624756,1.8641899824142456,2.312730073928833,1.9222270250320435,1.7576299905776978,2.180449962615967,0.9142199754714966,1.1342600584030151,1.2404799461364746
2025-10-28,1.165175199508667,177.90199279785156,0.8733000159263611,0.9257799983024597,1.7763899564743042,1.6301100254058838,2.0173099040985107,152.69200134277344,0.7495689988136292,0.7946100234985352,1.5247160196304321,1.3991400003433228,1.7314499616622925,0.004889000207185745,0.00520299980416894,0.009964000433683395,0.009158000349998474,0.011339000426232815,1.0599499940872192,2.0338900089263916,1.8664900064468384,2.309000015258789,1.9185099601745605,1.7605500221252441,2.1786301136016846,0.9175800085067749,1.1355600357055664,1.237380027770996
2025-10-29,1.1657865047454834,176.86700439453125,0.8778300285339355,0.9240999817848206,1.7701799869537354,1.6247400045394897,2.0155398845672607,151.7310028076172,0.7530500292778015,0.7928299903869629,1.5185799598693848,1.3938900232315063,1.7290300130844116,0.0049430001527071,0.005224999971687794,0.0099870003759861,0.009177999570965767,0.011382999829947948,1.052690029144287,2.016400098800659,1.8508000373840332,2.2958600521087646,1.9151500463485718,1.7578599452972412,2.180530071258545,0.9177700281143188,1.1385400295257568,1.240280032157898
2025-10-30,1.1603351831436157,177.1999969482422,0.8792999982833862,0.9282900094985962,1.7641199827194214,1.6172699928283691,2.0129098892211914,152.7220001220703,0.7578399777412415,0.7997999787330627,1.5204960107803345,1.394129991531372,1.734820008277893,0.0049430001527071,0.005237000063061714,0.009937000460922718,0.009127999655902386,0.011358999647200108,1.0556199550628662,2.006089925765991,1.8389999866485596,2.2890400886535645,1.900189995765686,1.7422599792480469,2.1679999828338623,0.9164999723434448,1.1409399509429932,1.2442799806594849
2025-10-31,1.157246708869934,178.0989990234375,0.8793500065803528,0.9275599718093872,1.7640399932861328,1.6174999475479126,2.014090061187744,153.89999389648438,0.7599300146102905,0.8015900254249573,1.5245529413223267,1.398110032081604,1.7405500411987305,0.004918000195175409,0.005206999834626913,0.0098879998549819,0.009081000462174416,0.011301999911665916,1.0547200441360474,2.0059399604797363,1.8396899700164795,2.290339946746826,1.901574969291687,1.7439099550247192,2.170989990234375,0.9169600009918213,1.1416800022125244,1.2448300123214722
2025-11-03,1.1528042554855347,177.7449951171875,0.8776199817657471,0.9278200268745422,1.7609299421310425,1.6154500246047974,2.013849973678589,154.19500732421875,0.7613400220870972,0.8048999905586243,1.5277199745178223,1.4015400409698486,1.7474000453948975,0.004916999954730272,0.0052189999260008335,0.00990699976682663,0.009088999591767788,0.011331000365316868,1.0570399761199951,2.0062999725341797,1.8404899835586548,2.2951200008392334,1.897676944732666,1.740839958190918,2.170300006866455,0.9172999858856201,1.143839955329895,1.2466399669647217
2025-11-04,1.1519144773483276,177.6199951171875,0.8769199848175049,0.9308900237083435,1.7615599632263184,1.6189099550247192,2.0183300971984863,154.20399475097656,0.7613099813461304,0.8081300258636475,1.5288000106811523,1.4055399894714355,1.7522300481796265,0.004916999954730272,0.005239999853074551,0.009897000156342983,0.00911100022494793,0.011351999826729298,1.0614299774169922,2.0086400508880615,1.8458600044250488,2.301539897918701,1.8921829462051392,1.7389600276947021,2.1678600311279297,0.918910026550293,1.1456199884414673,1.246559977531433
2025-11-05,1.1485539674758911,176.35800170898438,0.8820000290870667,0.9305999875068665,1.7704999446868896,1.619379997253418,2.035290002822876,153.5570068359375,0.7679489850997925,0.8103299736976624,1.541877031326294,1.4100899696350098,1.7722949981689453,0.004980999976396561,0.005266999825835228,0.01001999992877245,0.009178999811410904,0.01153200026601553,1.0550600290298462,2.0074799060821533,1.8359299898147583,2.3076400756835938,1.9024070501327515,1.7399699687957764,2.1865899562835693,0.9144200086593628,1.1494050025939941,1.2566100358963013
2025-11-06,1.1496764421463013,177.1280059814453,0.8807799816131592,0.930869996547699,1.7659499645233154,1.620959997177124,2.028549909591675,154.072998046875,0.7661309838294983,0.8097299933433533,1.536120057106018,1.410230040550232,1.7639800310134888,0.004951999988406897,0.005255000200122595,0.009949999861419201,0.009147999808192253,0.011443999595940113,1.0567599534988403,2.004849910736084,1.8402199745178223,2.3030099868774414,1.8967770338058472,1.7413599491119385,2.1788198947906494,0.9177799820899963,1.1486400365829468,1.2510900497436523
2025-11-07,1.1549211740493774,176.63600158691406,0.87882000207901,0.9309099912643433,1.7810100317001343,1.629520058631897,2.0479800701141357,152.947998046875,0.7609800100326538,0.805899977684021,1.542281985282898,1.411180019378662,1.773360013961792,0.004954999778419733,0.005260999780148268,0.010061999782919884,0.009221999906003475,0.011587999761104584,1.059209942817688,2.0264101028442383,1.8539899587631226,2.330159902572632,1.91280996799469,1.7503000497817993,2.199429988861084,0.9148200154304504,1.1498500108718872,1.256500005722046
2025-11-10,1.1543878316879272,177.56300354003906,0.8783400058746338,0.9316200017929077,1.7750699520111084,1.6210700273513794,2.051330089569092,153.81700134277344,0.7608799934387207,0.8070899844169617,1.5378940105438232,1.404379963874817,1.7770800590515137,0.004933000076562166,0.005245000123977661,0.00999400019645691,0.009127000346779823,0.011548999696969986,1.060439944267273,2.0207700729370117,1.8454500436782837,2.3351500034332275,1.9051610231399536,1.7397700548171997,2.2014899253845215,0.913100004196167,1.1554700136184692,1.2652100324630737
2025-11-11,1.1557220220565796,178.1439971923828,0.8773099780082703,0.9304599761962891,1.7684099674224854,1.6207499504089355,2.0475399494171143,154.14599609375,0.7591300010681152,0.8051599860191345,1.5302499532699585,1.4025499820709229,1.7718600034713745,0.004904999863356352,0.005222999956458807,0.00990699976682663,0.009093999862670898,0.011494999751448631,1.0604300498962402,2.0155398845672607,1.8472399711608887,2.3339600563049316,1.900346040725708,1.7417800426483154,2.2003300189971924,0.9163500070571899,1.157817006111145,1.2631900310516357
2025-11-12,1.1587486267089844,178.52699279785156,0.8809199929237366,0.927299976348877,1.7744799852371216,1.6238399744033813,2.0480899810791016,154.0749969482422,0.7602900266647339,0.8003299832344055,1.5315109491348267,1.4015799760818481,1.7676299810409546,0.004914000164717436,0.005193999968469143,0.009920000098645687,0.009096000343561172,0.011471999809145927,1.0525399446487427,2.014130115509033,1.843000054359436,2.324860095977783,1.9133260250091553,1.751039981842041,2.2083001136779785,0.9150400161743164,1.1541800498962402,1.2610299587249756
2025-11-13,1.159218668937683,179.33799743652344,0.8829399943351746,0.9247499704360962,1.7733299732208252,1.6236000061035156,2.047110080718994,154.71299743652344,0.7617400288581848,0.797819972038269,1.5298939943313599,1.4009300470352173,1.766070008277893,0.004902999848127365,0.005156000144779682,0.0098879998549819,0.009050000458955765,0.0114120002835989,1.0472899675369263,2.0083200931549072,1.8390699625015259,2.3183999061584473,1.9173699617385864,1.7557599544525146,2.213289976119995,0.9156200289726257,1.1542999744415283,1.260509967803955
2025-11-14,1.1631964445114136,179.83200073242188,0.8842200040817261,0.9225299954414368,1.781290054321289,1.6321500539779663,2.0579700469970703,154.63299560546875,0.7603300213813782,0.7932699918746948,1.5316280126571655,1.4035500288009644,1.769629955291748,0.004898000042885542,0.005129000172019005,0.0098860003054142,0.009076000191271305,0.01143299974501133,1.0432000160217285,2.014389991760254,1.845770001411438,2.325900077819824,1.9306509494781494,1.7690399885177612,2.2303500175476074,0.9161999821662903,1.1550370454788208,1.2606799602508545
2025-11-17,1.1615345478057861,179.5489959716797,0.8826000094413757,0.9225000143051147,1.7777600288391113,1.628000020980835,2.046149969100952,154.5850067138672,0.7598699927330017,0.7942799925804138,1.5306899547576904,1.4018199443817139,1.7617100477218628,0.004896999802440405,0.0051369997672736645,0.00989999994635582,0.009066999889910221,0.011392000131309032,1.0451200008392334,2.0141000747680664,1.8444199562072754,2.3183000087738037,1.9268189668655396,1.7646600008010864,2.2176599502563477,0.91566002368927,1.1509499549865723,1.2565900087356567
2025-11-18,1.159057378768921,179.96499633789062,0.8809700012207031,0.922819972038269,1.7850600481033325,1.628350019454956,2.0495998859405518,155.2729949951172,0.7601000070571899,0.796239972114563,1.5401910543441772,1.4050500392913818,1.7684099674224854,0.004875000100582838,0.005127000156790018,0.009917999617755413,0.009043999947607517,0.011380000039935112,1.0473500490188599,2.026129961013794,1.8483699560165405,2.326430082321167,1.9340490102767944,1.7644100189208984,2.2206099033355713,0.9121299982070923,1.148210048675537,1.258470058441162
2025-11-19,1.1581177711486816,180.13299560546875,0.8807600140571594,0.9266200065612793,1.7791099548339844,1.619379997253418,2.0463099479675293,155.54800415039062,0.7605999708175659,0.8001999855041504,1.536329984664917,1.3985099792480469,1.7670300006866455,0.004869000054895878,0.005142999812960625,0.009858000092208385,0.008985999971628189,0.011350000277161598,1.0519599914550781,2.019740104675293,1.8386000394821167,2.3231899738311768,1.9197499752044678,1.7475099563598633,2.207940101623535,0.9101600050926208,1.1500500440597534,1.2633899450302124
2025-11-20,1.154068112373352,181.16000366210938,0.8834199905395508,0.9293599724769592,1.7779899835586548,1.6203399896621704,2.0543999671936035,156.99200439453125,0.7655900120735168,0.8054199814796448,1.5408300161361694,1.4042500257492065,1.7811299562454224,0.004856000188738108,0.005127999931573868,0.009794999845325947,0.008944000117480755,0.011335000395774841,1.0518699884414673,2.01242995262146,1.8339799642562866,2.3263099193573,1.9128509759902954,1.7432899475097656,2.2111001014709473,0.9108999967575073,1.1552000045776367,1.2682600021362305
2025-11-21,1.1534557342529297,181.52499389648438,0.8814700245857239,0.9290400147438049,1.7883000373840332,1.6252800226211548,2.062580108642578,157.36900329589844,0.764240026473999,0.8054800033569336,1.5505080223083496,1.409119963645935,1.7883299589157104,0.00483699981123209,0.005117000080645084,0.009831000119447708,0.008949999697506428,0.011357000097632408,1.053879976272583,2.028599977493286,1.8437399864196777,2.339940071105957,1.9246309995651245,1.7491999864578247,2.2198400497436523,0.9087600111961365,1.1534500122070312,1.2689399719238281
2025-11-24,1.1507612466812134,180.3070068359375,0.8786500096321106,0.9305999875068665,1.7805299758911133,1.6217700242996216,2.0500600337982178,156.68800354003906,0.7635700106620789,0.8086699843406677,1.5474129915237427,1.4094599485397339,1.7815200090408325,0.004860999993979931,0.005160000175237656,0.009875000454485416,0.008994000032544136,0.011370000429451466,1.0590300559997559,2.026360034942627,1.8457900285720825,2.3330399990081787,1.9131070375442505,1.7426199913024902,2.202579975128174,0.9107199907302856,1.151319980621338,1.2638200521469116
2025-11-25,1.1520073413848877,180.78399658203125,0.8789100050926208,0.9314299821853638,1.7814699411392212,1.625059962272644,2.0519700050354004,156.93899536132812,0.7630000114440918,0.8086100220680237,1.54659903049469,1.4108999967575073,1.7813199758529663,0.0048420000821352005,0.005152000114321709,0.009833999909460545,0.008984999731183052,0.011350000277161598,1.0596599578857422,2.026789903640747,1.8490400314331055,2.3334999084472656,1.9123749732971191,1.744670033454895,2.202630043029785,0.9122300148010254,1.1518199443817139,1.262410044670105
2025-11-26,1.156483769416809,180.66400146484375,0.8788400292396545,0.9343600273132324,1.7872200012207031,1.6307899951934814,2.0560998916625977,156.22999572753906,0.7599530220031738,0.8079800009727478,1.5455230474472046,1.4102200269699097,1.7779359817504883,0.004844999872148037,0.005171000026166439,0.009875000454485416,0.009022999554872513,0.011381000280380249,1.0630799531936646,2.033479928970337,1.8554500341415405,2.339440107345581,1.9125579595565796,1.745169997215271,2.2001399993896484,0.9123899936676025,1.1503239870071411,1.2606300115585327
2025-11-27,1.1602139472961426,181.26800537109375,0.8758999705314636,0.9321600198745728,1.778190016746521,1.6284600496292114,2.033519983291626,156.23899841308594,0.7550020217895508,0.8034899830818176,1.5326000452041626,1.4039499759674072,1.7522339820861816,0.004811999853700399,0.005142000038176775,0.009790999814867973,0.008980999700725079,0.011210000142455101,1.0641299486160278,2.029939889907837,1.8589799404144287,2.3215301036834717,1.9073410034179688,1.7471100091934204,2.1810901165008545,0.9159200191497803,1.1435099840164185,1.248329997062683
2025-11-28,1.1599851846694946,181.28199768066406,0.8760200142860413,0.9332699775695801,1.7747100591659546,1.6267900466918945,2.0243499279022217,156.28399658203125,0.7552199959754944,0.8046000003814697,1.5300350189208984,1.4026000499725342,1.7448960542678833,0.004813000094145536,0.005148000083863735,0.009769000113010406,0.008972999639809132,0.011165999807417393,1.0652400255203247,2.025710105895996,1.8566999435424805,2.3107199668884277,1.8996959924697876,1.743137001991272,2.1687099933624268,0.9166100025177002,1.1406199932098389,1.2441200017929077
2025-12-01,1.1601465940475464,180.88900756835938,0.8762400150299072,0.9319300055503845,1.7707099914550781,1.6205600500106812,2.0223500728607178,155.92799377441406,0.755299985408783,0.8033400177955627,1.5264149904251099,1.396939992904663,1.7432500123977661,0.00481700012460351,0.005150999873876572,0.009788000024855137,0.008958999998867512,0.011180000379681587,1.0634599924087524,2.0205800533294678,1.8491400480270386,2.3078598976135254,1.899839997291565,1.7387299537658691,2.169689893722534,0.9150400161743164,1.1420700550079346,1.2477699518203735
2025-12-02,1.1607661247253418,180.55999755859375,0.8786799907684326,0.9340400099754333,1.7741899490356445,1.6248699426651,2.027009963989258,155.5570068359375,0.7570400238037109,0.8046000003814697,1.5281169414520264,1.399999976158142,1.746359944343567,0.004846000112593174,0.005171999800950289,0.00980400014668703,0.008995000272989273,0.011215999722480774,1.0629199743270874,2.018980026245117,1.8490099906921387,2.30676007270813,1.8991910219192505,1.7394399642944336,2.1697099208831787,0.9157599806785583,1.1424399614334106,1.2472800016403198
2025-12-03,1.1627906560897827,181.16700744628906,0.8795700073242188,0.9337000250816345,1.7687300443649292,1.624169945716858,2.0250000953674316,155.8070068359375,0.7564600110054016,0.8028600215911865,1.5212130546569824,1.3969600200653076,1.741919994354248,0.004834999796003103,0.005152999889105558,0.009743999689817429,0.008961999788880348,0.011171000078320503,1.061229944229126,2.0107600688934326,1.84660005569458,2.3026199340820312,1.8945130109786987,1.7397799491882324,2.1693499088287354,0.9182400107383728,1.1450999975204468,1.2467900514602661
2025-12-04,1.1666841506958008,180.95799255371094,0.8741000294685364,0.9330099821090698,1.7664899826049805,1.6275099515914917,2.0204598903656006,155.10699462890625,0.7491300106048584,0.7997599840164185,1.5140000581741333,1.3953100442886353,1.7318400144577026,0.004809999838471413,0.005156000144779682,0.009743999689817429,0.008992999792098999,0.011157999746501446,1.0674599409103394,2.0209999084472656,1.861799955368042,2.3116400241851807,1.8914320468902588,1.7444499731063843,2.1651298999786377,0.9214400053024292,1.143720030784607,1.241070032119751
2025-12-05,1.1642799377441406,180.6199951171875,0.8739299774169922,0.9357600212097168,1.7622499465942383,1.6252100467681885,2.0209999084472656,155.14199829101562,0.7506499886512756,0.8037800192832947,1.5136799812316895,1.3959699869155884,1.7361700534820557,0.00481799989938736,0.005181000102311373,0.009755999781191349,0.00899800006300211,0.011181999929249287,1.0706700086593628,2.0162100791931152,1.8595800399780273,2.3127899169921875,1.8830260038375854,1.7365700006484985,2.159709930419922,0.9221400022506714,1.1469199657440186,1.2435699701309204
2025-12-08,1.164022445678711,180.81399536132812,0.8735399842262268,0.9368100166320801,1.754080057144165,1.6102800369262695,2.0149199962615967,155.33999633789062,0.7504919767379761,0.8048499822616577,1.5070680379867554,1.3834600448608398,1.73130202293396,0.0048050000332295895,0.005179999861866236,0.009700000286102295,0.00890399981290102,0.011142999865114689,1.0723400115966797,2.0078799724578857,1.8431600332260132,2.3066799640655518,1.87220299243927,1.7187199592590332,2.1506500244140625,0.917930006980896,1.1486999988555908,1.2512400150299072
2025-12-09,1.1641442775726318,181.38999938964844,0.8734400272369385,0.938979983329773,1.756309986114502,1.6119600534439087,2.0143001079559326,155.843994140625,0.7503679990768433,0.8066380023956299,1.5089099407196045,1.3848999738693237,1.7312719821929932,0.004794999957084656,0.005175999831408262,0.009662000462412834,0.008880999870598316,0.011099000461399555,1.07492995262146,2.0106000900268555,1.8454099893569946,2.3060998916625977,1.8701800107955933,1.7164499759674072,2.14559006690979,0.91771000623703,1.147320032119751,1.2498899698257446
2025-12-10,1.1628313064575195,182.36700439453125,0.8740299940109253,0.9371899962425232,1.7511600255966187,1.6098400354385376,2.0117900371551514,156.83799743652344,0.7516800165176392,0.805899977684021,1.5058000087738037,1.3845499753952026,1.730252981185913,0.004772000014781952,0.005138999782502651,0.009581999853253365,0.008822999894618988,0.011022999882698059,1.072160005569458,2.0033700466156006,1.8418300151824951,2.301100015640259,1.8682509660720825,1.7175899744033813,2.146209955215454,0.9189820289611816,1.1488300561904907,1.2494299411773682
2025-12-11,1.1701242923736572,182.28500366210938,0.8739100098609924,0.9352800250053406,1.7530100345611572,1.6129000186920166,2.0113399028778076,155.7899932861328,0.7469199895858765,0.7993800044059753,1.4982399940490723,1.3789399862289429,1.719040036201477,0.004774000030010939,0.0051299999468028545,0.009597999975085258,0.008847000077366829,0.011024000123143196,1.0701299905776978,2.005810022354126,1.84607994556427,2.3013200759887695,1.8740630149841309,1.7248300313949585,2.1501801013946533,0.9202600121498108,1.1464999914169312,1.2465100288391113
2025-12-12,1.1739431619644165,182.62399291992188,0.876579999923706,0.9329800009727478,1.7618199586868286,1.616979956626892,2.020780086517334,155.56700134277344,0.7468000054359436,0.7947900295257568,1.5003750324249268,1.3775700330734253,1.7214100360870361,0.004780000075697899,0.005107999779284,0.009627999737858772,0.008849999867379665,0.011056999675929546,1.0642499923706055,2.0097498893737793,1.8443900346755981,2.3052000999450684,1.8881200551986694,1.7330399751663208,2.165479898452759,0.9176700115203857,1.1468900442123413,1.2494499683380127
2025-12-15,1.1737639904022217,182.96099853515625,0.8780199885368347,0.9344199895858765,1.7656199932098389,1.6159100532531738,2.022830009460449,155.88800048828125,0.7480700016021729,0.7961400151252747,1.5043699741363525,1.3767800331115723,1.723449945449829,0.004780999850481749,0.005107000004500151,0.009649000130593777,0.008832000195980072,0.011056000366806984,1.06413996219635,2.0108299255371094,1.8403199911117554,2.3037099838256836,1.8892799615859985,1.7290799617767334,2.1643800735473633,0.915120005607605,1.1456400156021118,1.2516599893569946
2025-12-16,1.1754610538482666,182.21099853515625,0.8784499764442444,0.9356300234794617,1.7696599960327148,1.61844003200531,2.03125,155.01499938964844,0.7473499774932861,0.7960100173950195,1.5056159496307373,1.3769199848175049,1.728279948234558,0.004801000002771616,0.005133999977260828,0.009692000225186348,0.00887800008058548,0.011137999594211578,1.0649700164794922,2.0143799781799316,1.8422199487686157,2.3122100830078125,1.891145944595337,1.7295600175857544,2.1707100868225098,0.9144499897956848,1.147819995880127,1.2549899816513062
2025-12-17,1.1749500036239624,181.8489990234375,0.8751400113105774,0.9342799782752991,1.7713899612426758,1.6161199808120728,2.0311899185180664,154.7779998779297,0.7448790073394775,0.795199990272522,1.5073859691619873,1.3756099939346313,1.728309988975525,0.004792000167071819,0.0051380000077188015,0.009723000228404999,0.00888300035148859,0.011160999536514282,1.0674899816513062,2.023859977722168,1.846459984779358,2.32069993019104,1.8957300186157227,1.729599952697754,2.173680067062378,0.9122999906539917,1.1466599702835083,1.256659984588623
2025-12-18,1.1742326021194458,182.572998046875,0.8779000043869019,0.9336599707603455,1.7785999774932861,1.618209958076477,2.034670114517212,155.4949951171875,0.7476860284805298,0.795199990272522,1.5148069858551025,1.3783799409866333,1.7322020530700684,0.0047889999113976955,0.005113000050187111,0.009721999987959862,0.008860000409185886,0.011144000105559826,1.063439965248108,2.025779962539673,1.8434100151062012,2.317539930343628,1.9046529531478882,1.7331700325012207,2.1788299083709717,0.9098700284957886,1.1439599990844727,1.257040023803711
2025-12-19,1.1725666522979736,182.4250030517578,0.8759599924087524,0.9309399724006653,1.7727899551391602,1.6153600215911865,2.029910087585449,155.58599853515625,0.7470830082893372,0.7940099835395813,1.511989951133728,1.3776999711990356,1.7312699556350708,0.004782000090926886,0.005102999974042177,0.009699000045657158,0.008851000107824802,0.011121000163257122,1.062399983406067,2.0236198902130127,1.843940019607544,2.317189931869507,1.9039640426635742,1.7350599765777588,2.1800899505615234,0.9110900163650513,1.144966959953308,1.2563999891281128
2025-12-22,1.1708093881607056,184.58399963378906,0.8751299977302551,0.931659996509552,1.770900011062622,1.614359974861145,2.0341899394989014,157.67599487304688,0.7475500106811523,0.7958300113677979,1.5128140449523926,1.3790299892425537,1.7376500368118286,0.004718999844044447,0.005045999772846699,0.009593999944627285,0.00874600000679493,0.011018999852240086,1.0642999410629272,2.023200035095215,1.8443599939346313,2.323930025100708,1.900454044342041,1.7324999570846558,2.1828699111938477,0.9114800095558167,1.1486400365829468,1.2595200538635254
2025-12-23,1.1765950918197632,184.52200317382812,0.8734300136566162,0.9310799837112427,1.7666000127792358,1.6175199747085571,2.0292699337005615,156.8769989013672,0.7423959970474243,0.7914299964904785,1.5018620491027832,1.3748699426651,1.7248200178146362,0.004712000023573637,0.005044999998062849,0.009553000330924988,0.008759000338613987,0.010985000059008598,1.0658799409866333,2.0227699279785156,1.8517500162124634,2.323090076446533,1.8957350254058838,1.7369799613952637,2.1790199279785156,0.9153299927711487,1.1484400033950806,1.2543599605560303
2025-12-24,1.179551362991333,184.13699340820312,0.8728100061416626,0.9287800192832947,1.7598400115966797,1.613919973373413,2.0185999870300293,156.17599487304688,0.739995002746582,0.7874500155448914,1.4921139478683472,1.3685499429702759,1.7114499807357788,0.004718000069260597,0.005032999906688929,0.009534000419080257,0.00875800009816885,0.010955999605357647,1.0640100240707397,2.0160000324249268,1.8492599725723267,2.312619924545288,1.8944419622421265,1.7376699447631836,2.172990083694458,0.9171199798583984,1.1469279527664185,1.2504500150680542
2025-12-26,1.1785364151000977,183.92999267578125,0.8722699880599976,0.9286800026893616,1.7572400569915771,1.610990047454834,2.018970012664795,156.08999633789062,0.7402499914169312,0.7880499958992004,1.4912899732589722,1.3672000169754028,1.713379979133606,0.004722000099718571,0.0050479997880756855,0.009534000419080257,0.00875800009816885,0.010968999937176704,1.0643999576568604,2.0144200325012207,1.846500039100647,2.3142099380493164,1.8919329643249512,1.7346800565719604,2.1736299991607666,0.9167919754981995,1.1488300561904907,1.2529300451278687
2025-12-29,1.1772738695144653,184.24000549316406,0.872160017490387,0.9290000200271606,1.7531399726867676,1.608839988708496,2.0203099250793457,156.46299743652344,0.7408900260925293,0.7892400026321411,1.4894030094146729,1.3668299913406372,1.716413974761963,0.0047109997831285,0.0050409999676048756,0.009514999575912952,0.00873200036585331,0.010968999937176704,1.065060019493103,2.0100200176239014,1.8446300029754639,2.3163199424743652,1.8868639469146729,1.7315900325775146,2.1742799282073975,0.9175300002098083,1.1523900032043457,1.2555299997329712
2025-12-30,1.1772878170013428,183.69000244140625,0.871399998664856,0.9287700057029724,1.7582999467849731,1.6109700202941895,2.0269200801849365,156.01300048828125,0.7401379942893982,0.7886999845504761,1.4935400485992432,1.3687200546264648,1.7215559482574463,0.0047240001149475574,0.005055000074207783,0.009553000330924988,0.008767999708652496,0.01103300042450428,1.065600037574768,2.0176401138305664,1.8486100435256958,2.325589895248413,1.8930790424346924,1.7348500490188599,2.1819300651550293,0.9161400198936462,1.1525559425354004,1.2576299905776978
2025-12-31,1.1747292280197144,183.72000122070312,0.8722400069236755,0.9300600290298462,1.7540500164031982,1.608389973640442,2.0282399654388428,156.41299438476562,0.7425450086593628,0.791700005531311,1.4929829835891724,1.3694700002670288,1.7266700267791748,0.004728000145405531,0.005061999894678593,0.00952799990773201,0.00875100027769804,0.01103499997407198,1.0662200450897217,2.010819911956787,1.8439199924468994,2.325200080871582,1.8856799602508545,1.7288000583648682,2.1803500652313232,0.9168499708175659,1.1562600135803223,1.2606799602508545
2026-01-02,1.175046682357788,184.16299438476562,0.8720499873161316,0.9306100010871887,1.7593400478363037,1.6117199659347534,2.0406699180603027,156.7310028076172,0.7421900033950806,0.7920299768447876,1.4973870515823364,1.3716000318527222,1.736739993095398,0.0047149998135864735,0.005053000058978796,0.009534000419080257,0.008747000247240067,0.01107999961823225,1.0670299530029297,2.0172500610351562,1.847599983215332,2.33981990814209,1.89028799533844,1.731660008430481,2.1924099922180176,0.9159799814224243,1.1597900390625,1.2659419775009155
2026-01-05,1.1704667806625366,183.7469940185547,0.8709700107574463,0.9285799860954285,1.750980019569397,1.6089199781417847,2.0335099697113037,156.98899841308594,0.744159996509552,0.79339998960495,1.4961320161819458,1.3746700286865234,1.7374399900436401,0.0047160000540316105,0.005053000058978796,0.00952799990773201,0.008754000067710876,0.01106599997729063,1.0660799741744995,2.0103800296783447,1.8472100496292114,2.3346800804138184,1.885475993156433,1.7324299812316895,2.189539909362793,0.9187399744987488,1.1612900495529175,1.2637100219726562
2026-01-06,1.1714951992034912,183.47999572753906,0.8655700087547302,0.9279199838638306,1.7448899745941162,1.6133899688720703,2.02455997467041,156.62600708007812,0.7388799786567688,0.7921000123023987,1.4895579814910889,1.3772499561309814,1.728219985961914,0.00469799991697073,0.0050570000894367695,0.009488999843597412,0.0087890001013875,0.011033999733626842,1.0719300508499146,2.0157101154327393,1.8638399839401245,2.338779926300049,1.8801230192184448,1.7384599447250366,2.1813600063323975,0.9240999817848206,1.160230040550232,1.2546900510787964
2026-01-07,1.1688251495361328,183.12600708007812,0.8657100200653076,0.9299700260162354,1.7345999479293823,1.6146800518035889,2.0208001136779785,156.67999267578125,0.7407100200653076,0.7954999804496765,1.484339952468872,1.3815499544143677,1.729509949684143,0.004707000218331814,0.005078000016510487,0.009453999809920788,0.008813000284135342,0.011030999943614006,1.074139952659607,2.0039501190185547,1.865049958229065,2.3348000049591064,1.8654500246047974,1.7360399961471558,2.1732099056243896,0.9304699897766113,1.1650099754333496,1.2517499923706055
2026-01-08,1.1676785945892334,183.02699279785156,0.8675699830055237,0.9314000010490417,1.736989974975586,1.6178699731826782,2.0223100185394287,156.7310028076172,0.7429800033569336,0.7976499795913696,1.487630009651184,1.3857899904251099,1.7319300174713135,0.004720999859273434,0.005078999791294336,0.00949000008404255,0.008839000016450882,0.011040999554097652,1.0734800100326538,2.0020101070404053,1.8647220134735107,2.330820083618164,1.8635859489440918,1.7368249893188477,2.1706600189208984,0.9314799904823303,1.1641700267791748,1.2496399879455566
2026-01-09,1.1657865047454834,182.88800048828125,0.867579996585846,0.9315999746322632,1.7401100397109985,1.6161099672317505,2.0264999866485596,156.8800048828125,0.7441580295562744,0.7990099787712097,1.492300033569336,1.3864099979400635,1.738860011100769,0.0047240001149475574,0.0050929998978972435,0.009494000114500523,0.008836000226438046,0.011074000038206577,1.0734599828720093,2.005500078201294,1.8627300262451172,2.3362600803375244,1.866368055343628,1.734935998916626,2.175920009613037,0.928538978099823,1.1641000509262085,1.254080057144165
2026-01-12,1.1623716354370117,183.82000732421875,0.8677800297737122,0.931659996509552,1.738420009613037,1.6171200275421143,2.0285699367523193,158.1490020751953,0.7465900182723999,0.8015260100364685,1.4957070350646973,1.3913899660110474,1.7452600002288818,0.00470399996265769,0.005067999940365553,0.009456999599933624,0.008797000162303448,0.01103499997407198,1.0735199451446533,2.00314998626709,1.8635200262069702,2.3374900817871094,1.865671992301941,1.735610008239746,2.1769700050354004,0.9301199913024902,1.166849970817566,1.2542099952697754
2026-01-13,1.1666978597640991,184.32200622558594,0.8663899898529053,0.9302300214767456,1.7392499446868896,1.6187299489974976,2.020859956741333,157.98599243164062,0.7426300048828125,0.7973600029945374,1.4908000230789185,1.3875700235366821,1.7321399450302124,0.004679999779909849,0.005047000013291836,0.00941499974578619,0.00877899955958128,0.010955000296235085,1.0735900402069092,2.0072200298309326,1.8682299852371216,2.3323099613189697,1.869439959526062,1.7400200366973877,2.1720199584960938,0.930741012096405,1.1611000299453735,1.2481800317764282
2026-01-14,1.164252758026123,185.32400512695312,0.867110013961792,0.9325900077819824,1.7419300079345703,1.6166000366210938,2.0285398960113525,159.1790008544922,0.7447800040245056,0.801010012626648,1.4961999654769897,1.3886499404907227,1.7423700094223022,0.004658999852836132,0.005032000131905079,0.009379000402987003,0.008723000064492226,0.010937999933958054,1.0753999948501587,2.008699893951416,1.8642250299453735,2.3393399715423584,1.8675179481506348,1.7333199977874756,2.1746299266815186,0.9280700087547302,1.1645300388336182,1.254580020904541
2026-01-15,1.1646324396133423,184.4739990234375,0.8664100170135498,0.9313099980354309,1.7426600456237793,1.6167000532150269,2.027139902114868,158.40199279785156,0.7439000010490417,0.7997199892997742,1.496379017829895,1.3884600400924683,1.7407000064849854,0.004676000215113163,0.0050479997880756855,0.009425999596714973,0.00876300036907196,0.010975999757647514,1.0748200416564941,2.0110599994659424,1.866189956665039,2.339669942855835,1.8708720207214355,1.7359700202941895,2.1761300563812256,0.9276000261306763,1.1633199453353882,1.2534600496292114
2026-01-16,1.1609008312225342,184.10899353027344,0.8675000071525574,0.932669997215271,1.7321900129318237,1.6121699810028076,2.0210700035095215,158.5959930419922,0.7473099827766418,0.8034200072288513,1.4916000366210938,1.3888399600982666,1.7410680055618286,0.00469199987128377,0.0050650001503527164,0.009387999773025513,0.008755999617278576,0.010975999757647514,1.0749000310897827,1.9965300559997559,1.8583799600601196,2.3294498920440674,1.8569409847259521,1.7283600568771362,2.1665399074554443,0.9306300282478333,1.1667100191116333,1.2533999681472778
2026-01-19,1.162493348121643,183.1230010986328,0.8672299981117249,0.9284399747848511,1.738029956817627,1.6156799793243408,2.0168399810791016,157.53500366210938,0.7460299730300903,0.7987200021743774,1.4953049421310425,1.3899400234222412,1.7350900173187256,0.00470300018787384,0.00506900018081069,0.009491000324487686,0.008821000345051289,0.01101600006222725,1.0704400539398193,2.004040002822876,1.8628100156784058,2.3255300521850586,1.871817946434021,1.7399300336837769,2.1719000339508057,0.9294000267982483,1.1603070497512817,1.2481499910354614
2026-01-20,1.1639139652252197,184.10299682617188,0.86735999584198,0.9286400079727173,1.7345499992370605,1.614650011062622,2.0089499950408936,158.177001953125,0.7452499866485596,0.7978900074958801,1.490339994430542,1.3874000310897827,1.7260700464248657,0.00469100009649992,0.005044000223278999,0.00940100010484457,0.008766000159084797,0.01090100035071373,1.0703999996185303,1.999709963798523,1.8616199493408203,2.3148000240325928,1.8675899505615234,1.7386399507522583,2.1629199981689453,0.9308509826660156,1.158079981803894,1.2439600229263306
2026-01-21,1.1727865934371948,185.48199462890625,0.8725000023841858,0.9259799718856812,1.742050051689148,1.622189998626709,2.0124599933624268,158.16200256347656,0.7440000176429749,0.7894999980926514,1.4855090379714966,1.3832999467849731,1.7160600423812866,0.004683999810367823,0.004991999827325344,0.009372999891638756,0.008740000426769257,0.010843999683856964,1.0611499547958374,1.9964200258255005,1.8587000370025635,2.306380033493042,1.8810429573059082,1.7515599727630615,2.1728599071502686,0.9310100078582764,1.1551400423049927,1.2404500246047974
2026-01-22,1.1672970056533813,184.9600067138672,0.8698099851608276,0.9295399785041809,1.7279800176620483,1.6156200170516968,1.99931001663208,158.45599365234375,0.7451900243759155,0.7963899970054626,1.480430006980896,1.3843200206756592,1.7128599882125854,0.004683000035583973,0.005024999845772982,0.009321999736130238,0.008733999915421009,0.01080899965018034,1.06850004196167,1.9864699840545654,1.8571699857711792,2.298409938812256,1.8587199449539185,1.7380499839782715,2.1506431102752686,0.9350169897079468,1.1569900512695312,1.2372100353240967
2026-01-23,1.1754610538482666,186.2899932861328,0.8705899715423584,0.9274299740791321,1.718309998512268,1.6201499700546265,1.9865599870681763,158.50100708007812,0.7406700253486633,0.7889999747276306,1.4618799686431885,1.3784099817276,1.6901299953460693,0.004654000047594309,0.004978000186383724,0.009204999543726444,0.008690999820828438,0.01065799966454506,1.065000057220459,1.973520040512085,1.8608700037002563,2.2816200256347656,1.8524689674377441,1.746709942817688,2.141808032989502,0.9428399801254272,1.1560900211334229,1.2259900569915771
2026-01-26,1.1858457326889038,183.9949951171875,0.8678799867630005,0.9224299788475037,1.7149900197982788,1.6245700120925903,1.9893699884414673,155.16600036621094,0.7319300174713135,0.7778699994087219,1.4463410377502441,1.3701900243759155,1.6777399778366089,0.004687000066041946,0.0050130002200603485,0.009321000427007675,0.008829999715089798,0.010811000131070614,1.062749981880188,1.9759900569915771,1.8716800212860107,2.291840076446533,1.858909010887146,1.7609399557113647,2.1558399200439453,0.9473099708557129,1.159890055656433,1.2243499755859375
2026-01-27,1.1876484155654907,183.27000427246094,0.8682000041007996,0.923009991645813,1.717360019683838,1.6283199787139893,1.9889099597930908,154.33599853515625,0.7311300039291382,0.777239978313446,1.4461899995803833,1.3711999654769897,1.6748449802398682,0.00471699982881546,0.005036000162363052,0.009351000189781189,0.00887999963015318,0.010842000134289265,1.0629899501800537,1.9778800010681152,1.875309944152832,2.290570020675659,1.8603960275650024,1.7638399600982666,2.1544198989868164,0.9480869770050049,1.15802001953125,1.2212899923324585
2026-01-28,1.2017642259597778,183.20700073242188,0.8692600131034851,0.9171000123023987,1.7176799774169922,1.6331199407577515,1.9934200048446655,152.4530029296875,0.723360002040863,0.7631999850273132,1.429429054260254,1.3591500520706177,1.6589800119400024,0.004724999889731407,0.0050050001591444016,0.009356999769806862,0.00891099963337183,0.010874999687075615,1.0549299716949463,1.9758700132369995,1.878640055656433,2.2932300567626953,1.8725539445877075,1.7806099653244019,2.1733500957489014,0.9502999782562256,1.159600019454956,1.2204099893569946
2026-01-29,1.1977769136428833,183.36000061035156,0.8662999868392944,0.917110025882721,1.7008999586105347,1.6211999654769897,1.9746299982070923,153.0959930419922,0.7233099937438965,0.7657399773597717,1.4204950332641602,1.353790044784546,1.6487200260162354,0.00470399996265769,0.005001000128686428,0.009258000180125237,0.008839000016450882,0.010758999735116959,1.0585099458694458,1.9635200500488281,1.8711800575256348,2.279289960861206,1.8546340465545654,1.7676500082015991,2.1525399684906006,0.9528300166130066,1.1606299877166748,1.2176599502563477
2026-01-30,1.19657301902771,183.26600646972656,0.8666599988937378,0.9146599769592285,1.6978600025177002,1.614259958267212,1.9694099426269531,153.16200256347656,0.7243000268936157,0.7644100189208984,1.418982982635498,1.3492000102996826,1.645900011062622,0.004708999767899513,0.004989999812096357,0.009263000451028347,0.008808000013232231,0.010738000273704529,1.0552699565887451,1.9588700532913208,1.862481951713562,2.2721800804138184,1.8559759855270386,1.7647099494934082,2.1526899337768555,0.9508000016212463,1.159890055656433,1.2197099924087524
2026-02-02,1.1849182844161987,183.89199829101562,0.8661999702453613,0.9165499806404114,1.7057700157165527,1.6156200170516968,1.970020055770874,155.20199584960938,0.7310400009155273,0.7735599875450134,1.439620018005371,1.3635799884796143,1.6626499891281128,0.004699999932199717,0.004984000232070684,0.00927599985152483,0.00878399983048439,0.010711999610066414,1.0579899549484253,1.9690899848937988,1.86489999294281,2.27413010597229,1.8606599569320679,1.7623399496078491,2.148819923400879,0.947048008441925,1.1548069715499878,1.219190001487732
2026-02-03,1.1798714399337769,183.3939971923828,0.8628699779510498,0.9190700054168701,1.6962000131607056,1.61312997341156,1.962820053100586,155.4429931640625,0.7313600182533264,0.779009997844696,1.4377110004425049,1.3673700094223022,1.663640022277832,0.004685999825596809,0.005011000204831362,0.009229999966919422,0.008794000372290611,0.010696000419557095,1.0650099515914917,1.965399980545044,1.8692799806594849,2.2745699882507324,1.8452500104904175,1.7549999952316284,2.135200023651123,0.950980007648468,1.1571600437164307,1.2165700197219849
2026-02-04,1.1816140413284302,184.0800018310547,0.8625800013542175,0.9165599942207336,1.6824599504470825,1.611430048942566,1.955430030822754,155.7989959716797,0.7300599813461304,0.7757599949836731,1.42399001121521,1.3639400005340576,1.6550300121307373,0.004666000138968229,0.004978999961167574,0.009139000438153744,0.00875299982726574,0.010614000260829926,1.0624200105667114,1.9503599405288696,1.8679200410842896,2.2668299674987793,1.8353699445724487,1.757949948310852,2.1330599784851074,0.9577270150184631,1.162160038948059,1.2132799625396729
2026-02-05,1.180163860321045,185.18299865722656,0.8648999929428101,0.9172700047492981,1.687190055847168,1.6131399869918823,1.967329978942871,156.91700744628906,0.7328900098800659,0.7773100137710571,1.4297150373458862,1.366919994354248,1.6671700477600098,0.004650999791920185,0.004953000228852034,0.009092000313103199,0.008709000423550606,0.010615999810397625,1.0604599714279175,1.9504899978637695,1.8649300336837769,2.274480104446411,1.8389450311660767,1.758270025253296,2.1443800926208496,0.9558500051498413,1.1660699844360352,1.219480037689209
2026-02-06,1.177786946296692,184.6490020751953,0.8709999918937683,0.915910005569458,1.7027599811553955,1.614400029182434,1.9830399751663208,156.78399658203125,0.7396000027656555,0.7777000069618225,1.4458390474319458,1.3712199926376343,1.6838099956512451,0.00469700014218688,0.0049600000493228436,0.009204000234603882,0.008744999766349792,0.010731000453233719,1.0514400005340576,1.9548699855804443,1.8538299798965454,2.2766599655151367,1.8588049411773682,1.7628799676895142,2.1646900177001953,0.9478999972343445,1.1644699573516846,1.2278499603271484
2026-02-09,1.182578206062317,185.9499969482422,0.868910014629364,0.9174000024795532,1.6811100244522095,1.6151299476623535,1.9602899551391602,157.24400329589844,0.7348099946975708,0.7758299708366394,1.421726942062378,1.3658900260925293,1.6577199697494507,0.004654000047594309,0.004931999836117029,0.009038000367581844,0.00868299975991249,0.01054100040346384,1.0556700229644775,1.9345999956130981,1.8587199449539185,2.2558999061584473,1.8321499824523926,1.7602399587631226,2.136270046234131,0.9606000185012817,1.165910005569458,1.2135299444198608
2026-02-10,1.1904053688049316,185.85499572753906,0.8699100017547607,0.9131799936294556,1.6803499460220337,1.6143499612808228,1.966599941253662,156.1320037841797,0.7308099865913391,0.7671200037002563,1.4117120504379272,1.356220006942749,1.6521300077438354,0.004660999868065119,0.004912999924272299,0.009021000005304813,0.008682000450789928,0.010580999776721,1.0495500564575195,1.9313900470733643,1.8555999994277954,2.260499954223633,1.8397910594940186,1.7675299644470215,2.1534008979797363,0.9606099724769592,1.170240044593811,1.2181060314178467
2026-02-11,1.1889617443084717,183.656005859375,0.871940016746521,0.9137300252914429,1.6803799867630005,1.6110899448394775,1.9677499532699585,154.48199462890625,0.733430027961731,0.7685700058937073,1.4134680032730103,1.3552000522613525,1.6551599502563477,0.004728000145405531,0.0049749999307096004,0.009131000377237797,0.008767999708652496,0.010714000090956688,1.047860026359558,1.9270000457763672,1.8475799560546875,2.2566299438476562,1.8372219800949097,1.7629499435424805,2.153090000152588,0.9586399793624878,1.1709799766540527,1.2211600542068481
2026-02-12,1.1876062154769897,182.02099609375,0.8716599941253662,0.9157800078392029,1.666659951210022,1.6120699644088745,1.9632699489593506,153.2689971923828,0.7339990139007568,0.7711399793624878,1.4034500122070312,1.3575400114059448,1.653190016746521,0.0047690002247691154,0.005030000116676092,0.00913500040769577,0.008852999657392502,0.010785000398755074,1.0504800081253052,1.9118800163269043,1.8491599559783936,2.252110004425049,1.8196040391921997,1.760200023651123,2.1434500217437744,0.9670100212097168,1.1779600381851196,1.2176599502563477
2026-02-13,1.1868449449539185,181.3719940185547,0.8714399933815002,0.9132599830627441,1.6744999885559082,1.6153000593185425,1.9672900438308716,152.8209991455078,0.7342000007629395,0.7695500254631042,1.4110139608383179,1.3610700368881226,1.6576600074768066,0.004784000106155872,0.005034999921917915,0.009212999604642391,0.00890200026333332,0.010836999863386154,1.0476000308990479,1.921280026435852,1.853469967842102,2.257319927215576,1.8333150148391724,1.768470048904419,2.1537299156188965,0.9639999866485596,1.1747900247573853,1.217769980430603
2026-02-16,1.1867464780807495,181.30499267578125,0.8694999814033508,0.911620020866394,1.6783900260925293,1.6159499883651733,1.966770052909851,152.7790069580078,0.7327200174331665,0.7682099938392639,1.4143470525741577,1.3617899417877197,1.65733003616333,0.004776999820023775,0.005026999861001968,0.0092569999396801,0.008911999873816967,0.010848999954760075,1.04830002784729,1.9300700426101685,1.858240008354187,2.2617900371551514,1.840109944343567,1.7717100381851196,2.1560699939727783,0.962689995765686,1.1717599630355835,1.216879963874817
2026-02-17,1.1849884986877441,182.0229949951172,0.8695200085639954,0.912060022354126,1.675279974937439,1.615689992904663,1.9644399881362915,153.60899353027344,0.7337999939918518,0.769599974155426,1.413830041885376,1.3636200428009033,1.6578199863433838,0.004757000133395195,0.005011000204831362,0.009185000322759151,0.008871999569237232,0.0107829999178648,1.0488100051879883,1.9264800548553467,1.858139991760254,2.259049892425537,1.835536003112793,1.7711999416351318,2.1532199382781982,0.964389979839325,1.1718000173568726,1.2156200408935547
2026-02-18,1.185185194015503,181.5,0.8736799955368042,0.9127799868583679,1.6730200052261353,1.6161999702453613,1.9591599702835083,153.1490020751953,0.7372199892997742,0.7702000141143799,1.4117909669876099,1.3637700080871582,1.653190016746521,0.004792999941855669,0.005028000101447105,0.009197999723255634,0.00889899954199791,0.010781999677419662,1.0446499586105347,1.9147599935531616,1.8497400283813477,2.2422800064086914,1.8311660289764404,1.7702399492263794,2.145829916000366,0.9659199714660645,1.170930027961731,1.2120699882507324
2026-02-19,1.1788839101791382,182.35299682617188,0.873449981212616,0.9105499982833862,1.6735299825668335,1.6145000457763672,1.9752600193023682,154.6929931640625,0.7409700155258179,0.7721999883651733,1.4196900129318237,1.3696099519729614,1.6756600141525269,0.004769999999552965,0.004991999827325344,0.009158000349998474,0.008848999626934528,0.010823000222444534,1.0423500537872314,1.9157299995422363,1.8482600450515747,2.261229991912842,1.8376270532608032,1.772819995880127,2.1688599586486816,0.9646199941635132,1.1802799701690674,1.2233200073242188
2026-02-20,1.1769136190414429,182.60899353027344,0.8742499947547913,0.9124900102615356,1.667829990386963,1.6105799674987793,1.9701999425888062,155.16000366210938,0.7428799867630005,0.7753400206565857,1.417212963104248,1.3686800003051758,1.6747599840164185,0.004767999984323978,0.004997000098228455,0.009132999926805496,0.008817000314593315,0.0107829999178648,1.043619990348816,1.9075700044631958,1.8421200513839722,2.254390001296997,1.8274190425872803,1.7649099826812744,2.1595399379730225,0.9656199812889099,1.181730031967163,1.2235000133514404
2026-02-23,1.1834739446640015,182.65699768066406,0.874459981918335,0.9132300019264221,1.664080023765564,1.6151399612426758,1.971060037612915,154.33900451660156,0.7389199733734131,0.7717000246047974,1.4061930179595947,1.3648500442504883,1.665560007095337,0.004765999969094992,0.004999000113457441,0.00911100022494793,0.008841999806463718,0.01079300045967102,1.0442399978637695,1.902899980545044,1.8469500541687012,2.2539501190185547,1.8219250440597534,1.7683199644088745,2.157910108566284,0.9705309867858887,1.1844700574874878,1.220139980316162
2026-02-24,1.1793843507766724,182.36900329589844,0.8737800121307373,0.913070023059845,1.670240044593811,1.6148300170898438,1.9786499738693237,154.63499450683594,0.740909993648529,0.7742300033569336,1.416290044784546,1.369379997253418,1.6777399778366089,0.004770999774336815,0.005005999933928251,0.009139000438153744,0.008849999867379665,0.010835999622941017,1.0448299646377563,1.9112800359725952,1.8479000329971313,2.2642900943756104,1.828922986984253,1.768339991569519,2.1665799617767334,0.96670001745224,1.1846200227737427,1.2250900268554688
2026-02-25,1.1775233745574951,183.53500366210938,0.8723400235176086,0.9110199809074402,1.6677600145339966,1.613010048866272,1.973680019378662,155.8800048828125,0.740880012512207,0.7737299799919128,1.4162299633026123,1.3700300455093384,1.6762800216674805,0.004732999950647354,0.00496299983933568,0.009085999801754951,0.008787999860942364,0.010743999853730202,1.0441999435424805,1.911679983139038,1.8488099575042725,2.262360095977783,1.830396056175232,1.7704349756240845,2.166069984436035,0.96670001745224,1.1833300590515137,1.2233799695968628
2026-02-26,1.181516408920288,184.5399932861328,0.871399998664856,0.9122300148010254,1.6591999530792236,1.6155400276184082,1.9688299894332886,156.1999969482422,0.7375699877738953,0.7721400260925293,1.4043960571289062,1.3675800561904907,1.6664199829101562,0.004701999947428703,0.004941999912261963,0.008971000090241432,0.00875299982726574,0.01066100038588047,1.046779990196228,1.9038399457931519,1.8538529872894287,2.2588999271392822,1.818511962890625,1.7709200382232666,2.15775990486145,0.9735699892044067,1.1865400075912476,1.2183500528335571
2026-02-27,1.1803030967712402,183.94700622558594,0.8747699856758118,0.9125699996948242,1.6618200540542603,1.613919973373413,1.9735100269317627,155.85899353027344,0.7412099838256836,0.7732300162315369,1.408094048500061,1.3675800561904907,1.6721800565719604,0.004736000206321478,0.0049600000493228436,0.009012999944388866,0.008774000220000744,0.010718000121414661,1.0430599451065063,1.8994300365447998,1.8449100255966187,2.255850076675415,1.8206650018692017,1.7684400081634521,2.1622700691223145,0.9710900187492371,1.1875799894332886,1.2226200103759766
2026-03-02,1.1759449243545532,184.18600463867188,0.8770700097084045,0.9048600196838379,1.6659799814224243,1.6071799993515015,1.9737600088119507,156.63299560546875,0.7458999752998352,0.7695299983024597,1.4168100357055664,1.3668400049209595,1.6785000562667847,0.004732999950647354,0.004912000149488449,0.009043999947607517,0.008724999614059925,0.010715999640524387,1.0316100120544434,1.8993500471115112,1.832200050354004,2.250269889831543,1.8408199548721313,1.7759000062942505,2.18080997467041,0.9646469950675964,1.1846100091934204,1.227910041809082
2026-03-03,1.1697274446487427,183.92300415039062,0.8721299767494202,0.9107400178909302,1.6458699703216553,1.5987900495529175,1.966130018234253,157.2570037841797,0.7456799745559692,0.7787100076675415,1.4073009490966797,1.3671000003814697,1.6810100078582764,0.004722000099718571,0.004951000213623047,0.008927999995648861,0.008689000271260738,0.010689999908208847,1.0441299676895142,1.8869999647140503,1.8330700397491455,2.2542600631713867,1.8069130182266235,1.7553199529647827,2.1582999229431152,0.9713199734687805,1.1944799423217773,1.229509949684143
2026-03-04,1.161224365234375,183.20399475097656,0.8695999979972839,0.9078900218009949,1.6491400003433228,1.5876599550247192,1.9708000421524048,157.7729949951172,0.7488600015640259,0.7819200158119202,1.4203130006790161,1.3674099445343018,1.6980500221252441,0.004726999904960394,0.004945999942719936,0.008980999700725079,0.00866399984806776,0.010761000216007233,1.0439499616622925,1.8962600231170654,1.8256700038909912,2.2660999298095703,1.8160690069198608,1.7485300302505493,2.1712799072265625,0.9626200199127197,1.1955100297927856,1.2417000532150269
2026-03-05,1.1635618209838867,182.64100646972656,0.8702200055122375,0.9064800143241882,1.6441600322723389,1.587380051612854,1.9594099521636963,156.98300170898438,0.7479699850082397,0.7791500091552734,1.4132280349731445,1.364400029182434,1.6841800212860107,0.0047439998015761375,0.00496299983933568,0.008980999700725079,0.008686999790370464,0.010719000361859798,1.0415400266647339,1.8891799449920654,1.8240100145339966,2.2512800693511963,1.8135600090026855,1.750920057296753,2.1612300872802734,0.9653599858283997,1.1916699409484863,1.2342300415039062
2026-03-06,1.1608065366744995,182.86199951171875,0.8689900040626526,0.9061700105667114,1.6554800271987915,1.5867199897766113,1.9681299924850464,157.53399658203125,0.7486500144004822,0.7806599736213684,1.4262690544128418,1.3669899702072144,1.695580005645752,0.004732000175863504,0.004954999778419733,0.00903400033712387,0.008674000389873981,0.010754999704658985,1.0426900386810303,1.9047900438308716,1.8258099555969238,2.264539957046509,1.8264509439468384,1.7505899667739868,2.171299934387207,0.9582800269126892,1.1888099908828735,1.2402600049972534
2026-03-09,1.152325987815857,182.5469970703125,0.8662499785423279,0.9001200199127197,1.653939962387085,1.567229986190796,1.969539999961853,158.427001953125,0.7518200278282166,0.781220018863678,1.4355030059814453,1.3602099418640137,1.70933997631073,0.004707000218331814,0.0049299998208880424,0.00906199961900711,0.008584000170230865,0.01078999973833561,1.0389599800109863,1.9091600179672241,1.8088200092315674,2.273469924926758,1.8369859457015991,1.7407900094985962,2.187530040740967,0.947380006313324,1.190750002861023,1.25655996799469
2026-03-10,1.1617234945297241,183.35000610351562,0.8653200268745422,0.9036300182342529,1.6433700323104858,1.5783400535583496,1.959879994392395,157.84800720214844,0.7448800206184387,0.7778800129890442,1.4147100448608398,1.358739972114563,1.6871700286865234,0.004699000157415867,0.004927999805659056,0.008941000327467918,0.008603000082075596,0.010679000057280064,1.0439000129699707,1.8989700078964233,1.8238199949264526,2.2643001079559326,1.8182599544525146,1.7463200092315674,2.1683499813079834,0.9602100253105164,1.1925400495529175,1.241569995880127
2026-03-11,1.1611299514770508,183.57699584960938,0.8651900291442871,0.9039899706840515,1.630810022354126,1.576949954032898,1.9597400426864624,158.11399841308594,0.7452099919319153,0.778577983379364,1.4042969942092896,1.3582899570465088,1.6879299879074097,0.004693000111728907,0.0049230000004172325,0.008860999718308449,0.008585000410676003,0.010666999965906143,1.0447100400924683,1.8847500085830688,1.8221999406814575,2.2648398876190186,1.8037519454956055,1.744230031967163,2.1674599647521973,0.966946005821228,1.2016990184783936,1.242460012435913
2026-03-12,1.1543211936950684,183.61900329589844,0.8626000285148621,0.9023200273513794,1.618980050086975,1.5697300434112549,1.9578200578689575,159.0749969482422,0.7472800016403198,0.7817400097846985,1.4026800394058228,1.3601700067520142,1.696179986000061,0.00467800023034215,0.004912999924272299,0.008799999952316284,0.008545000106096268,0.010657000355422497,1.046049952507019,1.876979947090149,1.8200900554656982,2.2698099613189697,1.7940119504928589,1.7396700382232666,2.169379949569702,0.9696369767189026,1.2091799974441528,1.246899962425232
2026-03-13,1.1521666049957275,183.4290008544922,0.862820029258728,0.9047799706459045,1.628250002861023,1.5706000328063965,1.968269944190979,159.20599365234375,0.7489230036735535,0.7853400111198425,1.4133679866790771,1.36326003074646,1.7085260152816772,0.004683999810367823,0.004931999836117029,0.008857999928295612,0.008557000197470188,0.010723000392317772,1.0484999418258667,1.886970043182373,1.820180058479309,2.281100034713745,1.7993700504302979,1.7356200218200684,2.174999952316284,0.964460015296936,1.2086999416351318,1.2530499696731567
2026-03-16,1.1435105800628662,182.45799255371094,0.8631299734115601,0.9032300114631653,1.6321099996566772,1.567829966545105,1.9723700284957886,159.5679931640625,0.7548499703407288,0.7899199724197388,1.427409052848816,1.3711700439453125,1.7249399423599243,0.004708999767899513,0.00494999997317791,0.008945000357925892,0.008592000231146812,0.010809999890625477,1.0463500022888184,1.8907099962234497,1.8162399530410767,2.2848899364471436,1.8066190481185913,1.7354899644851685,2.183190107345581,0.9605299830436707,1.2083899974822998,1.2578599452972412
2026-03-17,1.1499539613723755,182.9499969482422,0.8636299967765808,0.9061700105667114,1.6267499923706055,1.57368004322052,1.9643900394439697,159.10499572753906,0.7510700225830078,0.7880499958992004,1.4147299528121948,1.368399977684021,1.7083200216293335,0.004701000172644854,0.004953000228852034,0.008871999569237232,0.008597999811172485,0.010727999731898308,1.0491600036621094,1.8835300207138062,1.822029948234558,2.273699998855591,1.7949399948120117,1.73635995388031,2.1673600673675537,0.9672600030899048,1.2074320316314697,1.2480800151824951
2026-03-18,1.153948187828064,183.36399841308594,0.8637599945068359,0.9057400226593018,1.6230100393295288,1.5796600580215454,1.9693700075149536,158.88900756835938,0.7485299706459045,0.7847700119018555,1.40664803981781,1.3689500093460083,1.706719994544983,0.00469100009649992,0.00493700010702014,0.008833000436425209,0.008609999902546406,0.010731999762356281,1.0482800006866455,1.8788100481033325,1.8284900188446045,2.2792999744415283,1.7913119792938232,1.7435100078582764,2.173419952392578,0.973226010799408,1.213379979133606,1.2465399503707886
2026-03-19,1.1464471817016602,183.1699981689453,0.8641700148582458,0.9086300134658813,1.6307300329208374,1.573830008506775,1.9777400493621826,159.7949981689453,0.7538599967956543,0.7926300168037415,1.4225759506225586,1.372939944267273,1.725450038909912,0.00469799991697073,0.0049600000493228436,0.008883999660611153,0.008586999960243702,0.010792000219225883,1.0513700246810913,1.8868900537490845,1.8211400508880615,2.2886099815368652,1.7944300174713135,1.7318400144577026,2.1764299869537354,0.9648200273513794,1.2128900289535522,1.2566100358963013
2026-03-20,1.157755732536316,182.822998046875,0.8622900247573853,0.9132000207901001,1.6348600387573242,1.5900499820709229,1.972790002822876,157.9239959716797,0.7448400259017944,0.7886999845504761,1.4122099876403809,1.373579978942871,1.704069972038269,0.004695999901741743,0.004995000082999468,0.008921000175178051,0.008693999610841274,0.010778999887406826,1.0589799880981445,1.8958100080490112,1.8440500497817993,2.287790060043335,1.78997004032135,1.7410600185394287,2.1599299907684326,0.9724299907684326,1.2067300081253052,1.2404099702835083
2026-03-23,1.1560158729553223,184.07200622558594,0.8671000003814697,0.9107300043106079,1.6495000123977661,1.5848300457000732,1.982450008392334,159.23399353027344,0.7501000165939331,0.7878199815750122,1.426980972290039,1.3709800243377686,1.7149100303649902,0.004687999840825796,0.004947999957948923,0.008960999548435211,0.008608999662101269,0.01076900027692318,1.0501999855041504,1.902109980583191,1.8275699615478516,2.2862401008605957,1.810979962348938,1.7399300336837769,2.1763598918914795,0.9605500102043152,1.2017799615859985,1.250749945640564
2026-03-24,1.1607122421264648,183.92999267578125,0.8645899891853333,0.913070023059845,1.656690001487732,1.5937199592590332,1.9828799962997437,158.47900390625,0.744920015335083,0.7864000201225281,1.4273279905319214,1.3730700016021729,1.7083499431610107,0.004679999779909849,0.00496299983933568,0.009006000123918056,0.00865899957716465,0.010773000307381153,1.0559799671173096,1.9159879684448242,1.8428599834442139,2.293100118637085,1.8141579627990723,1.7451900243759155,2.1712300777435303,0.961929976940155,1.1959999799728394,1.2440400123596191
2026-03-25,1.16146719455719,184.34100341796875,0.8657000064849854,0.9152100086212158,1.6598600149154663,1.5976999998092651,1.9894499778747559,158.71800231933594,0.7453600168228149,0.7879999876022339,1.429203987121582,1.3757200241088867,1.7128900289535522,0.004676000215113163,0.004964000079780817,0.008984999731183052,0.008666999638080597,0.010784000158309937,1.057070016860962,1.9172500371932983,1.8454099893569946,2.298029899597168,1.8132699728012085,1.745609998703003,2.173330068588257,0.9624300003051758,1.1984599828720093,1.2449400424957275
2026-03-26,1.1561496257781982,184.27099609375,0.865119993686676,0.915120005607605,1.6651300191879272,1.59660005569458,1.9911500215530396,159.38400268554688,0.7483000159263611,0.7915499806404114,1.4403200149536133,1.3814200162887573,1.7222399711608887,0.004674999974668026,0.004966000095009804,0.009018000215291977,0.008666999638080597,0.010796000249683857,1.057610034942627,1.9245500564575195,1.8459800481796265,2.301419973373413,1.819108009338379,1.7449300289154053,2.1753599643707275,0.9588199853897095,1.1957199573516846,1.2465900182724
2026-03-27,1.1535090208053589,184.2239990234375,0.8649299740791321,0.9166399836540222,1.6747299432754517,1.597640037536621,2.001300096511841,159.70399475097656,0.7498700022697449,0.7946799993515015,1.4519269466400146,1.3851900100708008,1.735569953918457,0.004674999974668026,0.0049749999307096004,0.009073999710381031,0.008670000359416008,0.010859999805688858,1.059559941291809,1.9358999729156494,1.8466999530792236,2.3142600059509277,1.8266509771347046,1.7428799867630005,2.183609962463379,0.9538400173187256,1.1953200101852417,1.2527899742126465
2026-03-30,1.149200677871704,184.1269989013672,0.8680300116539001,0.9190800189971924,1.6773600578308105,1.5973299741744995,2.0063400268554688,160.23399353027344,0.7553799748420715,0.7997999787330627,1.4596619606018066,1.3899500370025635,1.7458399534225464,0.004693999886512756,0.004991000052541494,0.009091000072658062,0.008669000118970871,0.010886999778449535,1.058650016784668,1.9321600198745728,1.83965003490448,2.3111300468444824,1.8247510194778442,1.7376600503921509,2.182490110397339,0.9520099759101868,1.1960099935531616,1.2559499740600586
2026-03-31,1.1460003852844238,183.1230010986328,0.869700014591217,0.9163900017738342,1.6735199689865112,1.5956900119781494,2.003849983215332,159.84100341796875,0.7591400146484375,0.7998800277709961,1.4607280492782593,1.3928300142288208,1.7490500211715698,0.004728999920189381,0.0050039999186992645,0.00911800004541874,0.008709999732673168,0.010932999663054943,1.0534600019454956,1.9241600036621094,1.8346699476242065,2.3032000064849854,1.8259799480438232,1.741070032119751,2.186269998550415,0.9533299803733826,1.1973400115966797,1.255620002746582
2026-04-01,1.1574207544326782,183.47500610351562,0.8738700151443481,0.9232000112533569,1.6723999977111816,1.608680009841919,2.0102999210357666,158.57899475097656,0.7551000118255615,0.7976300120353699,1.4449800252914429,1.3902900218963623,1.7372900247573853,0.004741999786347151,0.005030999891459942,0.009091000072658062,0.00876300036907196,0.010947000235319138,1.0562599897384644,1.9136500358581543,1.8406399488449097,2.3008599281311035,1.8110359907150269,1.742419958114624,2.1776700019836426,0.9621269702911377,1.2023500204086304,1.2494399547576904
2026-04-02,1.159057378768921,183.8979949951172,0.8712499737739563,0.9202100038528442,1.6740000247955322,1.6081000566482544,2.0157198905944824,158.68800354003906,0.7517300248146057,0.7939500212669373,1.4442520141601562,1.3876399993896484,1.7390999794006348,0.00471699982881546,0.005003000143915415,0.009081999771296978,0.008740000426769257,0.01095299981534481,1.0559899806976318,1.9210100173950195,1.84552001953125,2.313199996948242,1.8189090490341187,1.7475999593734741,2.190079927444458,0.9602000117301941,1.2041200399398804,1.2531100511550903
2026-04-03,1.1541746854782104,184.05599975585938,0.8723199963569641,0.9217100143432617,1.6698600053787231,1.605929970741272,2.0179998874664307,159.49099731445312,0.755840003490448,0.7986299991607666,1.4468640089035034,1.391700029373169,1.7489240169525146,0.004718999844044447,0.005007999949157238,0.009052000008523464,0.008721999824047089,0.010956999845802784,1.0563700199127197,1.9139399528503418,1.8407800197601318,2.3134899139404297,1.8111679553985596,1.7423900365829468,2.1895101070404053,0.9615899920463562,1.2086900472640991,1.256500005722046
2026-04-06,1.150999665260315,183.9010009765625,0.8727999925613403,0.9220499992370605,1.671489953994751,1.6048699617385864,2.024019956588745,159.77999877929688,0.7583600282669067,0.8011500239372253,1.452327013015747,1.394569993019104,1.758489966392517,0.004726000130176544,0.0050130002200603485,0.009088000282645226,0.008724999614059925,0.010995999909937382,1.0562800168991089,1.9147000312805176,1.8388700485229492,2.318739891052246,1.8124480247497559,1.740440011024475,2.194540023803711,0.9599699974060059,1.2098000049591064,1.2608200311660767
2026-04-07,1.1541212797164917,184.29600524902344,0.8720499873161316,0.9210799932479858,1.6685099601745605,1.6053800582885742,2.0196499824523926,159.68299865722656,0.755620002746582,0.7980999946594238,1.4457340240478516,1.391160011291504,1.7499300241470337,0.004712000023573637,0.004997999873012304,0.009053000248968601,0.008706999942660332,0.010951000265777111,1.0560699701309204,1.9132000207901,1.840809941291809,2.3159000873565674,1.8111350536346436,1.7428799867630005,2.1922900676727295,0.9621899724006653,1.21042001247406,1.2577500343322754
2026-04-08,1.1686612367630005,185.48300170898438,0.8720200061798096,0.9236699938774109,1.6512900590896606,1.6174499988555908,2.0111498832702637,158.71600341796875,0.7461699843406677,0.7904000282287598,1.4130699634552002,1.3841999769210815,1.7213799953460693,0.004681000020354986,0.004978999961167574,0.008882000111043453,0.008717999793589115,0.010835999622941017,1.0592000484466553,1.8935099840164185,1.8550100326538086,2.3067901134490967,1.787559986114502,1.7510499954223633,2.17753005027771,0.9795460104942322,1.2181199789047241,1.2434699535369873
2026-04-09,1.16593599319458,184.96499633789062,0.8704900145530701,0.9226700067520142,1.6561299562454224,1.6144499778747559,2.0014100074768066,158.64199829101562,0.7465999722480774,0.7914000153541565,1.4205800294876099,1.3850500583648682,1.7166199684143066,0.004685999825596809,0.004987999796867371,0.008933000266551971,0.008724999614059925,0.010812999680638313,1.059880018234253,1.9025100469589233,1.854509949684143,2.2990500926971436,1.7946230173110962,1.7498799562454224,2.1686699390411377,0.9749490022659302,1.208340048789978,1.239240050315857
2026-04-10,1.1691256761550903,185.99000549316406,0.8704800009727478,0.9246000051498413,1.6522400379180908,1.615820050239563,1.9983099699020386,159.11199951171875,0.7445999979972839,0.7908700108528137,1.4132879972457886,1.3822699785232544,1.7092599868774414,0.004660000093281269,0.004970000125467777,0.008863000199198723,0.00868299975991249,0.010734999552369118,1.0619800090789795,1.8978999853134155,1.8559999465942383,2.295490026473999,1.7865439653396606,1.7475700378417969,2.1608800888061523,0.9778599739074707,1.209439992904663,1.23635995388031
2026-04-13,1.1675150394439697,186.4239959716797,0.8715999722480774,0.92535001039505,1.663059949874878,1.619439959526062,2.010999917984009,159.67999267578125,0.7465800046920776,0.7926099896430969,1.424522042274475,1.3872699737548828,1.7228599786758423,0.004654999822378159,0.00496299983933568,0.00890200026333332,0.008684000000357628,0.010781999677419662,1.0614999532699585,1.90802001953125,1.8581000566482544,2.307610034942627,1.7969449758529663,1.7500200271606445,2.1733200550079346,0.9736400246620178,1.2094199657440186,1.2417900562286377
2026-04-14,1.176885962486267,187.3419952392578,0.8704000115394592,0.9215400218963623,1.6569000482559204,1.6219899654388428,2.0039000511169434,159.21400451660156,0.7398999929428101,0.7832000255584717,1.4085899591445923,1.378499984741211,1.7029999494552612,0.0046270000748336315,0.004918000195175409,0.008825999684631824,0.00865700002759695,0.010685999877750874,1.0584100484848022,1.9036400318145752,1.8626999855041504,2.3017799854278564,1.797268033027649,1.7599120140075684,2.174099922180176,0.9785199761390686,1.209030032157898,1.235200047492981
2026-04-15,1.179940938949585,187.35499572753906,0.8691200017929077,0.9213200211524963,1.6548999547958374,1.6240400075912476,1.9976999759674072,158.79200744628906,0.7366300225257874,0.7809100151062012,1.4026620388031006,1.3766100406646729,1.693910002708435,0.0046190000139176846,0.004916999954730272,0.008813000284135342,0.008665000088512897,0.01065600011497736,1.0599600076675415,1.9040100574493408,1.8684899806976318,2.2995400428771973,1.7958159446716309,1.7626099586486816,2.1688199043273926,0.9812399744987488,1.2076499462127686,1.230370044708252
2026-04-16,1.1809163093566895,187.5030059814453,0.8698400259017944,0.9224399924278259,1.6452900171279907,1.6209299564361572,1.997040033340454,158.8090057373047,0.736719012260437,0.7813100218772888,1.3935730457305908,1.373129963874817,1.6914199590682983,0.0046190000139176846,0.004918999969959259,0.008772999979555607,0.008642000146210194,0.010641999542713165,1.0603200197219849,1.8912800550460815,1.8631999492645264,2.295599937438965,1.7834529876708984,1.7572599649429321,2.1645400524139404,0.9850900173187256,1.2137500047683716,1.2316900491714478
2026-04-17,1.1782727241516113,187.55799865722656,0.8709800243377686,0.9225999712944031,1.645609974861145,1.613700032234192,2.0009000301361084,159.19500732421875,0.7393100261688232,0.7832000255584717,1.3968429565429688,1.3700400590896606,1.6989200115203857,0.004623999819159508,0.004918999969959259,0.008774000220000744,0.008604999631643295,0.01066299993544817,1.0592000484466553,1.8891199827194214,1.8526999950408936,2.297600030899048,1.7831670045852661,1.7489609718322754,2.168839931488037,0.9807900190353394,1.21628999710083,1.2399400472640991
2026-04-20,1.1741223335266113,186.843994140625,0.8707000017166138,0.9200000166893005,1.6455800533294678,1.6087000370025635,2.0007998943328857,159.16099548339844,0.741599977016449,0.7836599946022034,1.4015419483184814,1.3704999685287476,1.7049700021743774,0.004639999940991402,0.0049230000004172325,0.008786999620497227,0.008611000142991543,0.010701999999582767,1.0565600395202637,1.8898999691009521,1.8479100465774536,2.298719882965088,1.7885099649429321,1.748710036277771,2.1752700805664062,0.9775400161743164,1.21628999710083,1.2438299655914307
2026-04-21,1.1784392595291138,187.18600463867188,0.8708599805831909,0.9174100160598755,1.6425199508666992,1.6077500581741333,1.9944000244140625,158.843994140625,0.7390300035476685,0.7785099744796753,1.3938839435577393,1.364400029182434,1.693079948425293,0.004631999880075455,0.004900000058114529,0.008755000308156013,0.008585999719798565,0.010658999904990196,1.0532599687576294,1.8859399557113647,1.8459199666976929,2.2909300327301025,1.790094017982483,1.7523499727249146,2.1744000911712646,0.9786999821662903,1.21465003490448,1.2407599687576294
2026-04-22,1.174425721168518,187.16600036621094,0.8693000078201294,0.9166399836540222,1.6410599946975708,1.6038399934768677,1.9911799430847168,159.3730010986328,0.7402099967002869,0.7805500030517578,1.3973900079727173,1.3657599687576294,1.6954599618911743,0.004623999819159508,0.004896999802440405,0.008747000247240067,0.008565000258386135,0.010627999901771545,1.0542800426483154,1.887619972229004,1.8447500467300415,2.290440082550049,1.7899010181427002,1.7495299577713013,2.171799898147583,0.9771699905395508,1.213320016860962,1.24127995967865
2026-04-23,1.1706037521362305,186.68600463867188,0.8670399785041809,0.9186499714851379,1.6353399753570557,1.6001399755477905,1.9811999797821045,159.48800659179688,0.7407199740409851,0.784820020198822,1.3970379829406738,1.3669699430465698,1.6932499408721924,0.004623999819159508,0.004920999985188246,0.00873900018632412,0.008568000048398972,0.010606000199913979,1.0593500137329102,1.8858699798583984,1.8449699878692627,2.285830020904541,1.7799930572509766,1.7415499687194824,2.157170057296753,0.978190004825592,1.212030053138733,1.2385799884796143
2026-04-24,1.16838800907135,186.6479949951172,0.8675900101661682,0.9186000227928162,1.6387699842453003,1.6002899408340454,1.9959299564361572,159.7469940185547,0.7425900101661682,0.7862399816513062,1.4026000499725342,1.3698400259017944,1.7082899808883667,0.004627999849617481,0.004920999985188246,0.00875999964773655,0.008569000288844109,0.010685999877750874,1.058590054512024,1.8886499404907227,1.8443299531936646,2.300450086593628,1.78377103805542,1.7420300245285034,2.172379970550537,0.976606011390686,1.2179900407791138,1.2469500303268433
2026-04-27,1.1706448793411255,186.80799865722656,0.866159975528717,0.9205999970436096,1.63864004611969,1.6007000207901,1.9931999444961548,159.5760040283203,0.7399129867553711,0.786300003528595,1.399873971939087,1.3675999641418457,1.703320026397705,0.004616000223904848,0.004927000030875206,0.008751999586820602,0.008565999567508698,0.010665000416338444,1.0626399517059326,1.8917399644851685,1.8480900526046753,2.3020501136779785,1.7797080278396606,1.7389800548553467,2.1655800342559814,0.9768199920654297,1.216770052909851,1.245229959487915
2026-04-28,1.1723467111587524,186.78500366210938,0.865909993648529,0.9205800294876099,1.63018000125885,1.596709966659546,1.982800006866455,159.35699462890625,0.7386500239372253,0.785290002822876,1.390647053718567,1.362149953842163,1.6913000345230103,0.004614999983459711,0.004925000015646219,0.008725999854505062,0.008542999625205994,0.010606000199913979,1.0630600452423096,1.8825299739837646,1.8440099954605103,2.2896900177001953,1.7705700397491455,1.7343699932098389,2.15339994430542,0.9793400168418884,1.2162400484085083,1.2415200471878052
2026-04-29,1.171783447265625,186.94200134277344,0.8664399981498718,0.9244800209999084,1.6304099559783936,1.6027799844741821,1.989799976348877,159.552001953125,0.7394000291824341,0.7889900207519531,1.3913600444793701,1.367900013923645,1.6982500553131104,0.004614000208675861,0.004945000167936087,0.008701000362634659,0.008576000109314919,0.010635999962687492,1.0667099952697754,1.8816100358963013,1.8494999408721924,2.2967801094055176,1.76329505443573,1.7334699630737305,2.1521499156951904,0.9831690192222595,1.220579981803894,1.2413100004196167
2026-04-30,1.168470025062561,187.1820068359375,0.8662400245666504,0.923799991607666,1.6389000415802002,1.5971200466156006,2.000610113143921,160.1840057373047,0.741366982460022,0.7905600070953369,1.4023000001907349,1.3671300411224365,1.7121800184249878,0.004608000162988901,0.004933000076562166,0.00873900018632412,0.00853000022470951,0.0106800002977252,1.0662000179290771,1.8921899795532227,1.843500018119812,2.3092899322509766,1.7742140293121338,1.7289899587631226,2.165450096130371,0.9739000201225281,1.2204300165176392,1.2522900104522705
2026-05-01,1.172910451889038,184.1490020751953,0.862280011177063,0.9167400002479553,1.6287399530410767,1.5926200151443481,1.9855899810791016,156.97799682617188,0.7351499795913696,0.7814000248908997,1.388735055923462,1.3579599857330322,1.6929099559783936,0.0046629998832941055,0.0049760001711547375,0.008825000375509262,0.008647999726235867,0.010774999856948853,1.0629500150680542,1.888890027999878,1.8467700481414795,2.3026599884033203,1.7764400243759155,1.737246036529541,2.16552996635437,0.9778000116348267,1.2189799547195435,1.2465399503707886
2026-05-04,1.1726628541946411,183.9429931640625,0.863349974155426,0.9159700274467468,1.6262099742889404,1.5928000211715698,1.9853500127792358,156.8459930419922,0.736299991607666,0.7811300158500671,1.3863999843597412,1.3588099479675293,1.6930500268936157,0.004672999959439039,0.004978000186383724,0.008821999654173851,0.00865899957716465,0.010784000158309937,1.0608099699020386,1.8834500312805176,1.8451000452041626,2.299329996109009,1.7751270532608032,1.7392499446868896,2.1665399074554443,0.9795629978179932,1.2208319902420044,1.2458399534225464
2026-05-05,1.1691941022872925,183.781005859375,0.8640099763870239,0.9165300130844116,1.6312299966812134,1.5923399925231934,1.9901000261306763,157.19400024414062,0.7390199899673462,0.7839699983596802,1.3951900005340576,1.3621100187301636,1.7028800249099731,0.004681000020354986,0.004985999781638384,0.008856000378727913,0.008661000058054924,0.010823000222444534,1.0607500076293945,1.8877999782562256,1.8430299758911133,2.3042099475860596,1.7793279886245728,1.7372000217437744,2.1717700958251953,0.9762449860572815,1.2205300331115723,1.2500900030136108
2026-05-06,1.1715774536132812,184.73899841308594,0.8634999990463257,0.9154000282287598,1.6262600421905518,1.593709945678711,1.9845800399780273,157.677001953125,0.7369899749755859,0.7813799977302551,1.3881369829177856,1.3603500127792358,1.693969964981079,0.004654000047594309,0.004954000003635883,0.008782999590039253,0.008621999993920326,0.010734000243246555,1.060130000114441,1.8834400177001953,1.8457399606704712,2.298340082168579,1.776324987411499,1.7407699823379517,2.1676199436187744,0.9799200296401978,1.2203099727630615,1.2451200485229492
2026-05-07,1.1747430562973022,183.8509979248047,0.8642799854278564,0.9149199724197388,1.6235899925231934,1.6019400358200073,1.973039984703064,156.50799560546875,0.7357400059700012,0.7788599729537964,1.3821510076522827,1.3636900186538696,1.6796599626541138,0.004681999795138836,0.0049760001711547375,0.008813999593257904,0.008709000423550606,0.010726000182330608,1.0584900379180908,1.8784300088882446,1.8530000448226929,2.2825300693511963,1.7742140293121338,1.7506599426269531,2.1561200618743896,0.9865900278091431,1.215190052986145,1.2315599918365479
2026-05-08,1.1731581687927246,183.968994140625,0.8653299808502197,0.9154800176620483,1.6272599697113037,1.6023800373077393,1.9753600358963013,156.82899475097656,0.7376999855041504,0.7802000045776367,1.3872319459915161,1.366070032119751,1.6839300394058228,0.004683000035583973,0.0049760001711547375,0.008825999684631824,0.008705000393092632,0.010728999972343445,1.0576000213623047,1.8803800344467163,1.8515299558639526,2.282680034637451,1.7772090435028076,1.7501499652862549,2.1573100090026855,0.9845600128173828,1.2138400077819824,1.2325700521469116
2026-05-11,1.176885962486267,184.57000732421875,0.8655700087547302,0.9151800274848938,1.626479983329773,1.6099900007247925,1.977579951286316,156.85800170898438,0.7355800271034241,0.7777699828147888,1.3817880153656006,1.368299961090088,1.6805599927902222,0.004668999928981066,0.00495699979364872,0.008793000131845474,0.008716999553143978,0.010712999850511551,1.057229995727539,1.8789399862289429,1.859779953956604,2.284630060195923,1.7752530574798584,1.7590700387954712,2.160439968109131,0.9898599982261658,1.2158499956130981,1.2280900478363037
2026-05-12,1.177994966506958,185.19700622558594,0.8657400012016296,0.9165700078010559,1.6254500150680542,1.6110299825668335,1.974429965019226,157.2310028076172,0.735040009021759,0.7781599760055542,1.3800300359725952,1.367840051651001,1.6763620376586914,0.004654000047594309,0.00494900019839406,0.008756999857723713,0.008694999851286411,0.010649999603629112,1.0585500001907349,1.8772499561309814,1.860610008239746,2.280210018157959,1.773332953453064,1.7575299739837646,2.153749942779541,0.9911100268363953,1.21465003490448,1.2253600358963013
2026-05-13,1.1735436916351318,185.0279998779297,0.8667700290679932,0.91593998670578,1.6213699579238892,1.6072900295257568,1.9715499877929688,157.67100524902344,0.7387160062789917,0.7804099917411804,1.3816349506378174,1.369729995727539,1.6799900531768799,0.004664999898523092,0.004951000213623047,0.008743000216782093,0.00868299975991249,0.010645000264048576,1.056339979171753,1.870069980621338,1.85371994972229,2.2739999294281006,1.7699120044708252,1.7546299695968628,2.152060031890869,0.9911900162696838,1.2158839702606201,1.2264200448989868
2026-05-14,1.1716049909591675,184.92999267578125,0.8661199808120728,0.9157800078392029,1.6151100397109985,1.6050000190734863,1.974910020828247,157.8509979248047,0.739300012588501,0.781499981880188,1.3783600330352783,1.3704700469970703,1.68586003780365,0.0046629998832941055,0.004951999988406897,0.008715000003576279,0.008681000210344791,0.010669000446796417,1.0572799444198608,1.8646399974822998,1.8537399768829346,2.2802700996398926,1.7633260488510132,1.7530299425125122,2.1563799381256104,0.9937599897384644,1.222762942314148,1.2300000190734863
2026-05-15,1.166208028793335,184.69900512695312,0.8708500266075134,0.9145100116729736,1.6164499521255493,1.600409984588623,1.9753899574279785,158.3820037841797,0.746749997138977,0.7841799855232239,1.3861360549926758,1.3723700046539307,1.693910002708435,0.004695000126957893,0.004951000213623047,0.00873200036585331,0.008659999817609787,0.010685999877750874,1.0500199794769287,1.8561099767684937,1.8375699520111084,2.2683498859405518,1.7673150300979614,1.749809980392456,2.159719944000244,0.9899399876594543,1.222059965133667,1.234179973602295
2026-05-18,1.161440134048462,184.48300170898438,0.8725399971008301,0.914330005645752,1.6287800073623657,1.5980900526046753,1.991170048713684,158.843994140625,0.7513999938964844,0.7872899770736694,1.4024850130081177,1.3761299848556519,1.7144999504089355,0.004708999767899513,0.00495600001886487,0.008810999803245068,0.008659999817609787,0.010781999677419662,1.047760009765625,1.866569995880127,1.8311899900436401,2.281949996948242,1.781134009361267,1.7477799654006958,2.177370071411133,0.9810000061988831,1.2224400043487549,1.245710015296936
2026-05-19,1.1655147075653076,185.14999389648438,0.867680013179779,0.9142699837684631,1.625309944152832,1.6010799407958984,1.9840600490570068,158.86099243164062,0.7444900274276733,0.7844700217247009,1.3941359519958496,1.3738700151443481,1.7023299932479858,0.004666000138968229,0.00493700010702014,0.008756999857723713,0.008643999695777893,0.010703999549150467,1.0535800457000732,1.873039960861206,1.845039963722229,2.2865400314331055,1.7773669958114624,1.7511199712753296,2.1697399616241455,0.9849900007247925,1.220729947090149,1.239009976387024
2026-05-20,1.1607122421264648,184.58999633789062,0.8664000034332275,0.9155200123786926,1.633679986000061,1.5955599546432495,1.9895000457763672,159.03500366210938,0.7464900016784668,0.7888000011444092,1.407142996788025,1.374709963798523,1.714269995689392,0.004674000199884176,0.0049589998088777065,0.008830999955534935,0.00863999966531992,0.010770999826490879,1.0564899444580078,1.8852800130844116,1.8410600423812866,2.296250104904175,1.784209966659546,1.7427699565887451,2.1729400157928467,0.9767000079154968,1.217919945716858,1.246749997138977
2026-05-21,1.1625338792800903,184.68699645996094,0.8653200268745422,0.9149799942970276,1.6259100437164307,1.5978399515151978,1.9809499979019165,158.88800048828125,0.744379997253418,0.7869200110435486,1.3985999822616577,1.3747700452804565,1.704069972038269,0.004664999898523092,0.00494399992749095,0.00878399983048439,0.008647000417113304,0.010719000361859798,1.0571500062942505,1.878849983215332,1.8467899560928345,2.289099931716919,1.776703953742981,1.746359944343567,2.164609909057617,0.982446014881134,1.2175999879837036,1.2394200563430786
2026-05-22,1.1621150970458984,184.74600219726562,0.8649200201034546,0.9136000275611877,1.6252199411392212,1.6004199981689453,1.9758599996566772,159.01800537109375,0.7444599866867065,0.7864999771118164,1.398934006690979,1.3775899410247803,1.7011100053787231,0.004660999868065119,0.004945000167936087,0.008775999769568443,0.008662000298500061,0.010688000358641148,1.056339979171753,1.878980040550232,1.8500659465789795,2.284709930419922,1.7783470153808594,1.7513200044631958,2.1625099182128906,0.9842000007629395,1.215999960899353,1.23471999168396
2026-05-25,1.164225697517395,185.0449981689453,0.8635200262069702,0.9106699824333191,1.6265900135040283,1.6067299842834473,1.9822100400924683,158.9459991455078,0.7417500019073486,0.782289981842041,1.3971940279006958,1.380210041999817,1.702707052230835,0.004647000227123499,0.004920999985188246,0.008772999979555607,0.008678000420331955,0.010703999549150467,1.0544500350952148,1.8834199905395508,1.8603999614715576,2.2952699661254883,1.7857459783554077,1.7641299962997437,2.17615008354187,0.987779974937439,1.2186100482940674,1.2334599494934082
2026-05-26,1.1637378931045532,184.94400024414062,0.8619999885559082,0.911300003528595,1.6231900453567505,1.6063300371170044,1.9847300052642822,158.95399475097656,0.7409399747848511,0.78302001953125,1.3946419954299927,1.3804099559783936,1.7058700323104858,0.004641000181436539,0.004927000030875206,0.008755000308156013,0.008681000210344791,0.010722000151872635,1.0569900274276733,1.8824700117111206,1.8631800413131714,2.302109956741333,1.7808799743652344,1.7624399662017822,2.1776299476623535,0.989579975605011,1.2228269577026367,1.235509991645813
2026-05-27,1.1636837720870972,185.30299377441406,0.8647500276565552,0.9135900139808655,1.6227400302886963,1.6066099405288696,1.9912999868392944,159.2429962158203,0.7432000041007996,0.7851099967956543,1.3945449590682983,1.3807799816131592,1.7115999460220337,0.004647000227123499,0.0049299998208880424,0.008737999945878983,0.008666000328958035,0.010738000273704529,1.0562700033187866,1.8762799501419067,1.8575700521469116,2.3030099868774414,1.7758840322494507,1.758389949798584,2.1796300411224365,0.9899700284004211,1.2274099588394165,1.239490032196045
2026-05-28,1.1617909669876099,185.3719940185547,0.865909993648529,0.9150999784469604,1.6286300420761108,1.6080299615859985,1.9716600179672241,159.5679931640625,0.7453500032424927,0.7878599762916565,1.4018950462341309,1.384310007095337,1.697100043296814,0.004652000032365322,0.00493700010702014,0.008766000159084797,0.00867099966853857,0.010623999871313572,1.056879997253418,1.880579948425293,1.856850028038025,2.27620005607605,1.779168963432312,1.7569600343704224,2.1537399291992188,0.9874600172042847,1.2105900049209595,1.2257499694824219
2026-05-29,1.1652837991714478,185.58599853515625,0.8664100170135498,0.9132900238037109,1.6266000270843506,1.6058100461959839,1.9598400592803955,159.27000427246094,0.7437999844551086,0.7836599946022034,1.3958289623260498,1.378290057182312,1.6818900108337402,0.004650000017136335,0.004920999985188246,0.00874400045722723,0.00865000020712614,0.010552000254392624,1.0534800291061401,1.8766599893569946,1.8529399633407593,2.261199951171875,1.7807220220565796,1.758270025253296,2.145519971847534,0.9872599840164185,1.2048300504684448,1.2201600074768066
2026-06-01,1.164890170097351,185.6300048828125,0.8659600019454956,0.9107400178909302,1.622230052947998,1.6069899797439575,1.9466999769210815,159.35299682617188,0.7434099912643433,0.7818599939346313,1.3926609754562378,1.3796299695968628,1.6717699766159058,0.004645000211894512,0.004906000103801489,0.00872000027447939,0.008652999997138977,0.010479999706149101,1.051509976387024,1.8730599880218506,1.8557599782943726,2.2485499382019043,1.7810200452804565,1.764389991760254,2.1378700733184814,0.9904400110244751,1.2004499435424805,1.2115999460220337
2026-06-02,1.1635483503341675,185.7449951171875,0.8644099831581116,0.9147999882698059,1.6239299774169922,1.6104199886322021,1.9595799446105957,159.63600158691406,0.7429419755935669,0.7861400246620178,1.3958100080490112,1.3839199542999268,1.6847200393676758,0.0046339998953044415,0.004925000015646219,0.008723000064492226,0.008666000328958035,0.010552000254392624,1.0582000017166138,1.8785200119018555,1.8627400398254395,2.2674400806427,1.7747169733047485,1.7600200176239014,2.1421000957489014,0.9916099905967712,1.2069300413131714,1.2169899940490723
2026-06-03,1.1622096300125122,185.90899658203125,0.863789975643158,0.9160799980163574,1.6199400424957275,1.6087599992752075,1.962249994277954,159.96800231933594,0.7432600259780884,0.7882500290870667,1.3939000368118286,1.3844499588012695,1.688480019569397,0.0046270000748336315,0.004927000030875206,0.00871300045400858,0.008654000237584114,0.010546999983489513,1.0603899955749512,1.8752199411392212,1.8621799945831299,2.27170991897583,1.7680339813232422,1.7562010288238525,2.1416800022125244,0.993170976638794,1.211300015449524,1.2194900512695312
2026-06-04,1.160941243171692,185.677001953125,0.8645899891853333,0.9183300137519836,1.6272499561309814,1.6126600503921509,1.9773099422454834,159.94000244140625,0.7447599768638611,0.7910299897193909,1.4016400575637817,1.3893200159072876,1.7032300233840942,0.004635999910533428,0.004945000167936087,0.008743000216782093,0.008682000450789928,0.010648000054061413,1.0619800090789795,1.8819400072097778,1.86503005027771,2.2868099212646484,1.771793007850647,1.7560900449752808,2.152829885482788,0.9909300208091736,1.2151299715042114,1.2258299589157104
2026-06-05,1.1612648963928223,185.76800537109375,0.8648999929428101,0.9164000153541565,1.6283299922943115,1.614400029182434,1.9780399799346924,159.99000549316406,0.7447680234909058,0.7889000177383423,1.4020999670028687,1.3905999660491943,1.7036099433898926,0.004637000150978565,0.004931999836117029,0.008747000247240067,0.008688000030815601,0.010639999993145466,1.0590200424194336,1.8823000192642212,1.8667199611663818,2.2866098880767822,1.7758840322494507,1.7621300220489502,2.158489942550659,0.9914109706878662,1.2138999700546265,1.2248400449752808
2026-06-08,1.1522595882415771,184.73199462890625,0.8639799952507019,0.9176899790763855,1.6359299421310425,1.6066999435424805,1.9874999523162842,160.32699584960938,0.7498700022697449,0.7964199781417847,1.4197490215301514,1.3944400548934937,1.725119948387146,0.004658000078052282,0.0049680001102387905,0.008836999535560608,0.008693000301718712,0.010753000155091286,1.0620800256729126,1.8933099508285522,1.8595399856567383,2.300529956817627,1.7824360132217407,1.7505899667739868,2.165800094604492,0.9820700287818909,1.2150599956512451,1.2371200323104858
2026-06-09,1.1528440713882446,184.64999389648438,0.864549994468689,0.9201099872589111,1.637660026550293,1.6088600158691406,1.986199975013733,160.1739959716797,0.75,0.7981699705123901,1.4203540086746216,1.3956300020217896,1.7230700254440308,0.004662000108510256,0.004982000216841698,0.008849999867379665,0.008713999763131142,0.01075000036507845,1.0641200542449951,1.8941099643707275,1.8608299493789673,2.297489881515503,1.7795900106430054,1.748479962348938,2.1584300994873047,0.9823600053787231,1.2129199504852295,1.234410047531128
2026-06-10,1.1535356044769287,185.0019989013672,0.8624100089073181,0.9217299818992615,1.642259955406189,1.6093800067901611,1.986240029335022,160.38400268554688,0.7478200197219849,0.7992600202560425,1.4238699674606323,1.3953800201416016,1.721909999847412,0.004641999956220388,0.004982999991625547,0.008855000138282776,0.008696000091731548,0.010724999941885471,1.0685299634933472,1.903439998626709,1.8652900457382202,2.3025500774383545,1.7812609672546387,1.7456400394439697,2.1540699005126953,0.979951024055481,1.2093199491500854,1.2338800430297852
2026-06-11,1.1535621881484985,185.17100524902344,0.8630800247192383,0.922760009765625,1.6492500305175781,1.6088099479675293,1.990820050239563,160.52699279785156,0.7483900189399719,0.7999500036239624,1.4297560453414917,1.3946800231933594,1.7258299589157104,0.004641999956220388,0.004982999991625547,0.00888499990105629,0.00868299975991249,0.010742999613285065,1.0687899589538574,1.9098399877548218,1.862720012664795,2.305919885635376,1.7870550155639648,1.7432399988174438,2.157089948654175,0.9752299785614014,1.2069400548934937,1.2373199462890625
2026-06-12,1.157594919204712,185.36500549316406,0.8628900051116943,0.9203299880027771,1.6423900127410889,1.6172800064086914,1.984179973602295,160.1300048828125,0.7455000281333923,0.7950500249862671,1.418861985206604,1.3972400426864624,1.7144399881362915,0.0046350001357495785,0.004964000079780817,0.008840999566018581,0.008720999583601952,0.010696999728679657,1.0663700103759766,1.9032100439071655,1.8739800453186035,2.2998900413513184,1.784248948097229,1.7571799755096436,2.156049966812134,0.9845499992370605,1.2083499431610107,1.2269200086593628
2026-06-15,1.1603081226348877,185.5959930419922,0.8626899719238281,0.9211699962615967,1.6399699449539185,1.6200300455093384,1.981600046157837,159.9550018310547,0.7435100078582764,0.7939000129699707,1.4133880138397217,1.3963600397109985,1.7078299522399902,0.004627999849617481,0.00496299983933568,0.008814999833703041,0.008724999614059925,0.010666999965906143,1.0677599906921387,1.900920033454895,1.8780499696731567,2.297070026397705,1.7799609899520874,1.7585999965667725,2.150779962539673,0.9878990054130554,1.208359956741333,1.2229399681091309
2026-06-16,1.1594202518463135,185.7100067138672,0.8640000224113464,0.9208999872207642,1.6389700174331665,1.6219199895858765,1.989050030708313,160.22900390625,0.7453789710998535,0.7944300174713135,1.4138269424438477,1.3990000486373901,1.715880036354065,0.004631999880075455,0.004958000034093857,0.008803999982774258,0.008727000094950199,0.010701999999582767,1.0656299591064453,1.8968499898910522,1.8765000104904175,2.3018898963928223,1.7795180082321167,1.760990023612976,2.1595098972320557,0.9895200133323669,1.2135900259017944,1.2262200117111206
2026-06-17,1.1609952449798584,186.24099731445312,0.8647300004959106,0.9207500219345093,1.6431100368499756,1.6244900226593018,1.9908499717712402,160.41900634765625,0.7447999715805054,0.7931100130081177,1.415328025817871,1.3995699882507324,1.7149100303649902,0.004623000044375658,0.0049430001527071,0.00880299974232912,0.008724000304937363,0.0106819998472929,1.0646400451660156,1.8999199867248535,1.8784099817276,2.3023600578308105,1.7839939594268799,1.7643799781799316,2.161799907684326,0.9885600209236145,1.2116899490356445,1.2251700162887573
2026-06-18,1.150734782218933,184.80599975585938,0.8651000261306763,0.9198600053787231,1.6394599676132202,1.6225899457931519,1.9923499822616577,160.60000610351562,0.7518100142478943,0.7994099855422974,1.424805998802185,1.409980058670044,1.731660008430481,0.004660999868065119,0.004976999945938587,0.00885200034826994,0.008779999800026417,0.010773000307381153,1.063230037689209,1.895050048828125,1.8754299879074097,2.303299903869629,1.7820860147476196,1.7637399435043335,2.165839910507202,0.9896500110626221,1.2144999504089355,1.2279000282287598
2026-06-19,1.1458560228347778,184.81500244140625,0.8678600192070007,0.9222599864006042,1.633829951286316,1.62021005153656,1.9905999898910522,161.28900146484375,0.7574599981307983,0.8048999905586243,1.4259029626846313,1.4140700101852417,1.7376500368118286,0.004676000215113163,0.004989999812096357,0.008818999864161015,0.008762000128626823,0.010765000246465206,1.0625499486923218,1.882349967956543,1.8667999505996704,2.2937099933624268,1.7713539600372314,1.7566299438476562,2.1582999229431152,0.9915199875831604,1.2184799909591675,1.228600025177002
2026-06-22,1.1462763547897339,185.04299926757812,0.8678600192070007,0.9261500239372253,1.6368099451065063,1.6245800256729126,1.998479962348938,161.43299865722656,0.7571200132369995,0.8079699873924255,1.4279799461364746,1.41743004322052,1.7438000440597534,0.004670000169426203,0.0050050001591444016,0.008825999684631824,0.008775999769568443,0.01079300045967102,1.0671099424362183,1.8859800100326538,1.8717600107192993,2.3031599521636963,1.7668780088424683,1.7539600133895874,2.1577401161193848,0.9925709962844849,1.2211799621582031,1.2301299571990967
2026-06-23,1.1427135467529297,184.6219940185547,0.8625800013542175,0.9241999983787537,1.6336499452590942,1.6177699565887451,2.0006299018859863,161.57000732421875,0.7548800110816956,0.8087999820709229,1.429669976234436,1.4158400297164917,1.750789999961853,0.004652000032365322,0.0050050001591444016,0.008826999925076962,0.00875800009816885,0.010827000252902508,1.0713599920272827,1.8934999704360962,1.875499963760376,2.319149971008301,1.7664719820022583,1.7503000497817993,2.164330005645752,0.9902499914169312,1.22461998462677,1.2364599704742432
2026-06-24,1.1379542350769043,183.8820037841797,0.8620399832725525,0.9213299751281738,1.645359992980957,1.6167900562286377,2.008430004119873,161.5989990234375,0.7575700283050537,0.8097100257873535,1.446005940437317,1.4209599494934082,1.7653199434280396,0.004666999913752079,0.005009999964386225,0.008926999755203724,0.0087890001013875,0.01091300044208765,1.0686700344085693,1.9085999727249146,1.8753399848937988,2.3301799297332764,1.785586953163147,1.7547099590301514,2.1798899173736572,0.9825299978256226,1.2208199501037598,1.2422399520874023
2026-06-25,1.1354217529296875,183.6699981689453,0.8624500036239624,0.922569990158081,1.6457600593566895,1.6160199642181396,2.0114998817443848,161.76300048828125,0.7595000267028809,0.8125799894332886,1.449275016784668,1.4235199689865112,1.7716000080108643,0.004676000215113163,0.005022000055760145,0.008940000087022781,0.008794999681413174,0.010941999964416027,1.0696200132369995,1.9081599712371826,1.8735899925231934,2.3321900367736816,1.7835489511489868,1.7516499757766724,2.1799099445343018,0.9818099737167358,1.2222599983215332,1.2444100379943848
2026-06-26,1.1361699104309082,183.82699584960938,0.861329972743988,0.921019971370697,1.6464500427246094,1.613379955291748,2.0132899284362793,161.80499267578125,0.7582700252532959,0.8105199933052063,1.4491699934005737,1.4200600385665894,1.7720099687576294,0.004666000138968229,0.005009999964386225,0.008936000056564808,0.00877199973911047,0.010941999964416027,1.0690200328826904,1.9109699726104736,1.8724299669265747,2.336740016937256,1.7873419523239136,1.7514899969100952,2.185529947280884,0.9797499775886536,1.2228200435638428,1.247730016708374
2026-06-29,1.1385631561279297,184.19000244140625,0.8626999855041504,0.9222400188446045,1.6509300470352173,1.6154500246047974,2.0184500217437744,161.78700256347656,0.7577400207519531,0.8100699782371521,1.4500700235366821,1.4189800024032593,1.7728300094604492,0.0046629998832941055,0.005007000174373388,0.008941000327467918,0.008766000159084797,0.010947000235319138,1.0688999891281128,1.913540005683899,1.8721599578857422,2.3395299911499023,1.7899010181427002,1.7515000104904175,2.1882200241088867,0.9784799814224243,1.222540020942688,1.2492599487304688
2026-06-30,1.1422044038772583,184.9010009765625,0.8613700270652771,0.9223999977111816,1.6591399908065796,1.622689962387085,2.0199999809265137,161.92300415039062,0.7544900178909302,0.8076000213623047,1.452981948852539,1.4208999872207642,1.7695000171661377,0.004639999940991402,0.004989000037312508,0.008953000418841839,0.008771000429987907,0.01092199981212616,1.070199966430664,1.9256000518798828,1.8832199573516846,2.3452401161193848,1.7984639406204224,1.7589800357818604,2.1902599334716797,0.9779300093650818,1.2178900241851807,1.245110034942627
2026-07-01,1.1413310766220093,185.60699462890625,0.861329972743988,0.9229599833488464,1.6510800123214722,1.6212199926376343,2.0110299587249756,162.6280059814453,0.7546799778938293,0.8087000250816345,1.4465500116348267,1.4205000400543213,1.7620199918746948,0.004621000029146671,0.004972000140696764,0.008874000050127506,0.008731000125408173,0.010824999772012234,1.071429967880249,1.9168200492858887,1.8822400569915771,2.3347599506378174,1.7886849641799927,1.7566200494766235,2.1784799098968506,0.9815000295639038,1.217898964881897,1.2400799989700317
2026-07-02,1.13779878616333,184.91600036621094,0.8565300107002258,0.9206399917602539,1.651110053062439,1.6174099445343018,2.0047600269317627,162.53900146484375,0.7530500292778015,0.809149980545044,1.450937032699585,1.4217300415039062,1.7619600296020508,0.004612999968230724,0.004978000186383724,0.00890900008380413,0.00874600000679493,0.01083299983292818,1.0744400024414062,1.9269100427627563,1.887410044670105,2.339600086212158,1.7932100296020508,1.7568999528884888,2.1771700382232666,0.9796800017356873,1.214110016822815,1.2391300201416016
2026-07-03,1.1422696113586426,184.4029998779297,0.8561000227928162,0.9186400175094604,1.6516000032424927,1.620710015296936,2.0064799785614014,161.44900512695312,0.7496979832649231,0.8044099807739258,1.4459220170974731,1.419029951095581,1.7565699815750122,0.004623999819159508,0.004982000216841698,0.008937999606132507,0.008785000070929527,0.010869000107049942,1.0728100538253784,1.9285199642181396,1.8924800157546997,2.342989921569824,1.7972999811172485,1.7638499736785889,2.183389902114868,0.9813299775123596,1.2148900032043457,1.2377699613571167
2026-07-06,1.1437721252441406,184.6479949951172,0.8564900159835815,0.9192299842834473,1.648669958114624,1.6243699789047241,2.0053300857543945,161.45199584960938,0.7488899827003479,0.8037999868392944,1.441545009613037,1.4204200506210327,1.752540946006775,0.0046179997734725475,0.004978000186383724,0.008907999843358994,0.008793000131845474,0.010850000195205212,1.0731600522994995,1.9248000383377075,1.8963099718093872,2.341789960861206,1.7914730310440063,1.7669700384140015,2.1814699172973633,0.9851899743080139,1.2165700197219849,1.2345000505447388
2026-07-07,1.144177794456482,185.4530029296875,0.8541799783706665,0.9211199879646301,1.6449600458145142,1.6254600286483765,2.0067501068115234,162.08799743652344,0.7463859915733337,0.805079996585846,1.4377529621124268,1.4207799434661865,1.753890037536621,0.004585999995470047,0.004966000095009804,0.008849999867379665,0.00875999964773655,0.010811000131070614,1.0783100128173828,1.9256800413131714,1.9027700424194336,2.3492801189422607,1.7855550050735474,1.7645200490951538,2.178179979324341,0.9880399703979492,1.2199100255966187,1.2343300580978394
2026-07-08,1.140380859375,185.11700439453125,0.8542299866676331,0.9222000241279602,1.6469999551773071,1.6193699836730957,2.008729934692383,162.36300659179688,0.7491250038146973,0.8088200092315674,1.4445439577102661,1.4203499555587769,1.761620044708252,0.004594999831169844,0.004982000216841698,0.008879000321030617,0.00874400045722723,0.010840999893844128,1.0796200037002563,1.9279299974441528,1.895550012588501,2.3512399196624756,1.785364031791687,1.755660057067871,2.1772899627685547,0.9831699728965759,1.2194700241088867,1.2400699853897095
2026-07-09,1.1422044038772583,185.63299560546875,0.8524900078773499,0.9229300022125244,1.6466100215911865,1.6175999641418457,1.997499942779541,162.53900146484375,0.7464799880981445,0.8080599904060364,1.4416910409927368,1.416700005531311,1.7495399713516235,0.0045739999040961266,0.004972000140696764,0.008851000107824802,0.008712000213563442,0.01075700018554926,1.0820900201797485,1.930459976196289,1.896880030632019,2.343329906463623,1.7838499546051025,1.7530399560928345,2.164680004119873,0.9827060103416443,1.2135499715805054,1.2347500324249268
2026-07-10,1.1433405876159668,185.62899780273438,0.8523200154304504,0.9220899939537048,1.6461000442504883,1.6195900440216064,1.9837000370025635,162.36300659179688,0.7454000115394592,0.8065400123596191,1.4400089979171753,1.4162399768829346,1.7354199886322021,0.00457199988886714,0.0049669998697936535,0.008851000107824802,0.008720999583601952,0.010680999606847763,1.0817400217056274,1.9318100214004517,1.900089979171753,2.327660083770752,1.7854909896850586,1.7563300132751465,2.151400089263916,0.9836000204086304,1.2049399614334106,1.2248599529266357
2026-07-13,1.1404459476470947,184.61199951171875,0.8518999814987183,0.923039972782135,1.6427099704742432,1.615149974822998,1.9803800582885742,161.8780059814453,0.746999979019165,0.8093600273132324,1.440466046333313,1.4163399934768677,1.7365000247955322,0.004594000056385994,0.004999000113457441,0.008876999840140343,0.008744999766349792,0.010718000121414661,1.0834399461746216,1.9281200170516968,1.8956999778747559,2.324620008468628,1.7794599533081055,1.7496700286865234,2.1451399326324463,0.9832080006599426,1.2055200338363647,1.2259399890899658
2026-07-14,1.1384334564208984,184.875,0.8527200222015381,0.9272000193595886,1.6452399492263794,1.6104700565338135,1.9749300479888916,162.4290008544922,0.749180018901825,0.8147299885749817,1.4454599618911743,1.4149399995803833,1.7350900173187256,0.004592000041157007,0.005014999769628048,0.008879000321030617,0.008709999732673168,0.010672999545931816,1.0873899459838867,1.929319977760315,1.888659954071045,2.316009998321533,1.7739299535751343,1.7365620136260986,2.129390001296997,0.9789360165596008,1.200410008430481,1.226099967956543
2026-07-15,1.1424654722213745,185.2899932861328,0.8527399897575378,0.9242900013923645,1.6375499963760376,1.605299949645996,1.9651800394058228,162.18699645996094,0.746429979801178,0.8090599775314331,1.4333839416503906,1.405150055885315,1.7201299667358398,0.0045830002054572105,0.004987999796867371,0.008821000345051289,0.00865899957716465,0.010607000440359116,1.08378005027771,1.9201799631118774,1.8824299573898315,2.3045198917388916,1.7714500427246094,1.7365599870681763,2.1257801055908203,0.980239987373352,1.2000399827957153,1.2240500450134277
2026-07-16,1.1470258235931396,185.88099670410156,0.8469399809837341,0.9229300022125244,1.6366599798202515,1.6093000173568726,1.9607000350952148,162.07200622558594,0.7384819984436035,0.8046600222587585,1.4269200563430786,1.4037100076675415,1.7100449800491333,0.0045369998551905155,0.004964000079780817,0.008785000070929527,0.00865899957716465,0.010544000193476677,1.0893499851226807,1.9316999912261963,1.9005000591278076,2.3149900436401367,1.7730180025100708,1.7442799806594849,2.1247200965881348,0.9835000038146973,1.1984000205993652,1.2180399894714355
2026-07-17,1.1444659233093262,185.83200073242188,0.8491899967193604,0.9252700209617615,1.6349999904632568,1.6064599752426147,1.959089994430542,162.37600708007812,0.7419000267982483,0.8083099722862244,1.4286940097808838,1.4036999940872192,1.7117999792099,0.004550000187009573,0.0049760001711547375,0.00877899955958128,0.00863999966531992,0.010533000342547894,1.089400053024292,1.9251500368118286,1.8913899660110474,2.306809902191162,1.7667839527130127,1.7361299991607666,2.116919994354248,0.982450008392334,1.1980969905853271,1.219249963760376
2026-07-20,1.142765760421753,185.70799255371094,0.8498700261116028,0.9238399863243103,1.6373300552368164,1.602020025253296,1.9567400217056274,162.51199340820312,0.7437000274658203,0.8084200024604797,1.4328500032424927,1.4019099473953247,1.7123299837112427,0.004556000232696533,0.004974000155925751,0.008816000074148178,0.008621999993920326,0.010528000071644783,1.0869300365447998,1.9262800216674805,1.8842999935150146,2.302190065383911,1.772137999534607,1.7338600158691406,2.117719888687134,0.9783499836921692,1.1950600147247314,1.2213200330734253
2026-07-21,1.1418131589889526,185.47300720214844,0.8497999906539917,0.9246199727058411,1.6304199695587158,1.6058000326156616,1.9502999782562256,162.48699951171875,0.7445099949836731,0.8100299835205078,1.4284100532531738,1.4071300029754639,1.708549976348877,0.004561999812722206,0.004985000006854534,0.008771000429987907,0.008655999787151814,0.010506000369787216,1.0878499746322632,1.9185199737548828,1.8899199962615967,2.2947099208831787,1.7631089687347412,1.736899971961975,2.1089000701904297,0.9850760102272034,1.1961100101470947,1.2141200304031372
2026-07-22,1.140380859375,186.06700134277344,0.8522400259971619,0.9265400171279907,1.6286799907684326,1.607699990272522,1.9570900201797485,163.18600463867188,0.7474300265312195,0.8123999834060669,1.4284080266952515,1.4105099439620972,1.716380000114441,0.004559999797493219,0.004980000201612711,0.00875299982726574,0.00864300038665533,0.01051000040024519,1.0870200395584106,1.9108099937438965,1.8867900371551514,2.2961699962615967,1.7575310468673706,1.735569953918457,2.111870050430298,0.9872900247573853,1.2016099691390991,1.2167500257492065
2026-07-23,1.1411746740341187,186.0989990234375,0.8531699776649475,0.9291200041770935,1.6325600147247314,1.6070799827575684,1.9622100591659546,163.08099365234375,0.7476500272750854,0.8141999840736389,1.430677056312561,1.4085500240325928,1.7199000120162964,0.004563999827951193,0.004991999827325344,0.008750000037252903,0.008635999634861946,0.01053799968212843,1.088919997215271,1.913349986076355,1.883579969406128,2.3003499507904053,1.7568830251693726,1.7297600507736206,2.112030029296875,0.98430997133255,1.202180027961731,1.2209199666976929
2026-07-24,1.137682318687439,186.38900756835938,0.8545600175857544,0.9293000102043152,1.6328099966049194,1.6022900342941284,1.969849944114685,163.83200073242188,0.7511600255966187,0.8168699741363525,1.4352970123291016,1.4084899425506592,1.7318700551986694,0.00456500006839633,0.004985000006854534,0.008740999735891819,0.008592000231146812,0.01056199986487627,1.0873500108718872,1.910539984703064,1.8749200105667114,2.3053998947143555,1.7566970586776733,1.7239500284194946,2.1197900772094727,0.981190025806427,1.206629991531372,1.229509949684143
2026-07-27,1.1394972801208496,186.43299865722656,0.8534500002861023,0.9301000237464905,1.629080057144165,1.6049000024795532,1.964400053024292,163.61099243164062,0.748989999294281,0.8162599802017212,1.4297150373458862,1.4086500406265259,1.7245800495147705,0.004557999782264233,0.004987999796867371,0.008716999553143978,0.008608000352978706,0.010540000163018703,1.0896999835968018,1.9086300134658813,1.8803600072860718,2.3024399280548096,1.751220941543579,1.7254400253295898,2.1124401092529297,0.9851400256156921,1.2062900066375732,1.2242100238800049
2026-07-28,1.1369450092315674,186.19000244140625,0.855430006980896,0.9314000010490417,1.6271300315856934,1.6056100130081177,1.970289945602417,163.77099609375,0.7524499893188477,0.8192840218544006,1.431190013885498,1.4124200344085693,1.7329800128936768,0.004575000144541264,0.005001999903470278,0.008720999583601952,0.00861900020390749,0.010580999776721,1.088879942893982,1.9020099639892578,1.8767600059509277,2.303030014038086,1.7464799880981445,1.7235300540924072,2.1147100925445557,0.9868580102920532,1.2108900547027588,1.2268799543380737
2026-07-29,1.1386538743972778,186.57000732421875,0.8568900227546692,0.9330199956893921,1.632449984550476,1.6060500144958496,1.9692100286483765,163.86399841308594,0.7526000142097473,0.8194599747657776,1.4337739944458008,1.4106099605560303,1.729449987411499,0.004573000129312277,0.004999999888241291,0.00873200036585331,0.008604999631643295,0.010553999803960323,1.0887099504470825,1.904919981956482,1.8739999532699585,2.2980000972747803,1.7493829727172852,1.7211400270462036,2.110219955444336,0.983843982219696,1.2062400579452515,1.2259800434112549
2026-07-30,1.1467232704162598,187.25399780273438,0.8578299880027771,0.9327099919319153,1.6477899551391602,1.6092599630355835,1.9752999544143677,163.3000030517578,0.7480940222740173,0.8133900165557861,1.4369299411773682,1.4035799503326416,1.7233699560165405,0.004561000037938356,0.004980000201612711,0.008778000250458717,0.008590999990701675,0.010541999712586403,1.0871700048446655,1.9206600189208984,1.8756200075149536,2.303689956665039,1.7665040493011475,1.7252299785614014,2.118380069732666,0.9767580032348633,1.199280023574829,1.2278599739074707
2026-07-31,1.1523525714874268,184.5800018310547,0.8560199737548828,0.9286999702453613,1.6403299570083618,1.6145000457763672,1.9610899686813354,160.18299865722656,0.7428900003433228,0.8057699799537659,1.423449993133545,1.4011199474334717,1.7020100355148315,0.0046179997734725475,0.005030000116676092,0.008864999748766422,0.008743000216782093,0.010619999840855598,1.0844999551773071,1.9160100221633911,1.8858100175857544,2.2910799980163574,1.7665040493011475,1.7386399507522583,2.111910104751587,0.9842749834060669,1.195680022239685,1.2146400213241577
